team,season,hc,oc,dc,hc_prev,hc_changed,hc_from,oc_prev,oc_changed,oc_from,dc_prev,dc_changed,dc_from
ARI,2024,Jonathan Gannon,Drew Petzing,Nick Rallis,,,,,,,,,
ARI,2025,Jonathan Gannon,Drew Petzing,Nick Rallis,Jonathan Gannon,0.0,,Drew Petzing,0.0,,Nick Rallis,0.0,
ARI,2026,Mike LaFleur,Nathaniel Hackett,Nick Rallis,Jonathan Gannon,1.0,new/promoted,Drew Petzing,1.0,new/promoted,Nick Rallis,0.0,
ATL,2024,Raheem Morris,Zac Robinson,Jimmy Lake,,,,,,,,,
ATL,2025,Raheem Morris,Zac Robinson,Jeff Ulbrich,Raheem Morris,0.0,,Zac Robinson,0.0,,Jimmy Lake,1.0,NYJ
ATL,2026,Kevin Stefanski,Tommy Rees,Jeff Ulbrich,Raheem Morris,1.0,CLE,Zac Robinson,1.0,CLE,Jeff Ulbrich,0.0,
BAL,2024,John Harbaugh,Todd Monken,Zach Orr,,,,,,,,,
BAL,2025,John Harbaugh,Todd Monken,Zach Orr,John Harbaugh,0.0,,Todd Monken,0.0,,Zach Orr,0.0,
BAL,2026,Jesse Minter,Declan Doyle,Anthony Weaver,John Harbaugh,1.0,new/promoted,Todd Monken,1.0,CHI,Zach Orr,1.0,MIA
BUF,2024,Sean McDermott,Joe Brady,Bobby Babich,,,,,,,,,
BUF,2025,Sean McDermott,Joe Brady,Bobby Babich,Sean McDermott,0.0,,Joe Brady,0.0,,Bobby Babich,0.0,
BUF,2026,Joe Brady,Pete Carmichael,Jim Leonhard,Sean McDermott,1.0,new/promoted,Joe Brady,1.0,new/promoted,Bobby Babich,1.0,new/promoted
CAR,2024,Dave Canales,Brad Idzik,Ejiro Evero,,,,,,,,,
CAR,2025,Dave Canales,Brad Idzik,Ejiro Evero,Dave Canales,0.0,,Brad Idzik,0.0,,Ejiro Evero,0.0,
CAR,2026,Dave Canales,Brad Idzik,Ejiro Evero,Dave Canales,0.0,,Brad Idzik,0.0,,Ejiro Evero,0.0,
CHI,2024,Thomas Brown,Shane Waldron / Thomas Brown,Eric Washington,,,,,,,,,
CHI,2025,Ben Johnson,Declan Doyle,Dennis Allen,Thomas Brown,1.0,new/promoted,Shane Waldron / Thomas Brown,1.0,new/promoted,Eric Washington,1.0,HC@NO
CHI,2026,Ben Johnson,Press Taylor,Dennis Allen,Ben Johnson,0.0,,Declan Doyle,1.0,new/promoted,Dennis Allen,0.0,
CIN,2024,Zac Taylor,Dan Pitcher,Lou Anarumo,,,,,,,,,
CIN,2025,Zac Taylor,Dan Pitcher,Al Golden,Zac Taylor,0.0,,Dan Pitcher,0.0,,Lou Anarumo,1.0,new/promoted
CIN,2026,Zac Taylor,Dan Pitcher,Al Golden,Zac Taylor,0.0,,Dan Pitcher,0.0,,Al Golden,0.0,
CLE,2024,Kevin Stefanski,Ken Dorsey,Jim Schwartz,,,,,,,,,
CLE,2025,Kevin Stefanski,Tommy Rees,Jim Schwartz,Kevin Stefanski,0.0,,Ken Dorsey,1.0,new/promoted,Jim Schwartz,0.0,
CLE,2026,Todd Monken,Travis Switzer,Mike Rutenberg,Kevin Stefanski,1.0,new/promoted,Tommy Rees,1.0,new/promoted,Jim Schwartz,1.0,new/promoted
DAL,2024,Mike McCarthy,Brian Schottenheimer,Mike Zimmer,,,,,,,,,
DAL,2025,Brian Schottenheimer,Klayton Adams,Matt Eberflus,Mike McCarthy,1.0,new/promoted,Brian Schottenheimer,1.0,new/promoted,Mike Zimmer,1.0,new/promoted
DAL,2026,Brian Schottenheimer,Klayton Adams,Christian Parker,Brian Schottenheimer,0.0,,Klayton Adams,0.0,,Matt Eberflus,1.0,new/promoted
DEN,2024,Sean Payton,Joe Lombardi,Vance Joseph,,,,,,,,,
DEN,2025,Sean Payton,Joe Lombardi,Vance Joseph,Sean Payton,0.0,,Joe Lombardi,0.0,,Vance Joseph,0.0,
DEN,2026,Sean Payton,Davis Webb,Vance Joseph,Sean Payton,0.0,,Joe Lombardi,1.0,new/promoted,Vance Joseph,0.0,
DET,2024,Dan Campbell,Ben Johnson,Aaron Glenn,,,,,,,,,
DET,2025,Dan Campbell,John Morton,Kelvin Sheppard,Dan Campbell,0.0,,Ben Johnson,1.0,new/promoted,Aaron Glenn,1.0,new/promoted
DET,2026,Dan Campbell,Drew Petzing,Kelvin Sheppard,Dan Campbell,0.0,,John Morton,1.0,ARI,Kelvin Sheppard,0.0,
GB,2024,Matt LaFleur,Adam Stenavich,Jeff Hafley,,,,,,,,,
GB,2025,Matt LaFleur,Adam Stenavich,Jeff Hafley,Matt LaFleur,0.0,,Adam Stenavich,0.0,,Jeff Hafley,0.0,
GB,2026,Matt LaFleur,Adam Stenavich,Jonathan Gannon,Matt LaFleur,0.0,,Adam Stenavich,0.0,,Jeff Hafley,1.0,HC@ARI
HOU,2024,DeMeco Ryans,Bobby Slowik,Matt Burke,,,,,,,,,
HOU,2025,DeMeco Ryans,Nick Caley,Matt Burke,DeMeco Ryans,0.0,,Bobby Slowik,1.0,new/promoted,Matt Burke,0.0,
HOU,2026,DeMeco Ryans,Nick Caley,Matt Burke,DeMeco Ryans,0.0,,Nick Caley,0.0,,Matt Burke,0.0,
IND,2024,Shane Steichen,Jim Bob Cooter,Gus Bradley,,,,,,,,,
IND,2025,Shane Steichen,Jim Bob Cooter,Lou Anarumo,Shane Steichen,0.0,,Jim Bob Cooter,0.0,,Gus Bradley,1.0,CIN
IND,2026,Shane Steichen,Jim Bob Cooter,Lou Anarumo,Shane Steichen,0.0,,Jim Bob Cooter,0.0,,Lou Anarumo,0.0,
JAX,2024,Doug Pederson,Press Taylor,Ryan Nielsen,,,,,,,,,
JAX,2025,Liam Coen,Grant Udinski,Anthony Campanile,Doug Pederson,1.0,new/promoted,Press Taylor,1.0,new/promoted,Ryan Nielsen,1.0,new/promoted
JAX,2026,Liam Coen,Grant Udinski,Anthony Campanile,Liam Coen,0.0,,Grant Udinski,0.0,,Anthony Campanile,0.0,
KC,2024,Andy Reid,Matt Nagy,Steve Spagnuolo,,,,,,,,,
KC,2025,Andy Reid,Matt Nagy,Steve Spagnuolo,Andy Reid,0.0,,Matt Nagy,0.0,,Steve Spagnuolo,0.0,
KC,2026,Andy Reid,Eric Bieniemy,Steve Spagnuolo,Andy Reid,0.0,,Matt Nagy,1.0,new/promoted,Steve Spagnuolo,0.0,
LAC,2024,Jim Harbaugh,Greg Roman,Jesse Minter,,,,,,,,,
LAC,2025,Jim Harbaugh,Greg Roman,Jesse Minter,Jim Harbaugh,0.0,,Greg Roman,0.0,,Jesse Minter,0.0,
LAC,2026,Jim Harbaugh,Mike McDaniel,Chris O'Leary,Jim Harbaugh,0.0,,Greg Roman,1.0,HC@MIA,Jesse Minter,1.0,new/promoted
LAR,2024,Sean McVay,Mike LaFleur,Chris Shula,,,,,,,,,
LAR,2025,Sean McVay,Mike LaFleur,Chris Shula,Sean McVay,0.0,,Mike LaFleur,0.0,,Chris Shula,0.0,
LAR,2026,Sean McVay,Nate Scheelhaase,Chris Shula,Sean McVay,0.0,,Mike LaFleur,1.0,new/promoted,Chris Shula,0.0,
LV,2024,Antonio Pierce,Luke Getsy / Scott Turner,Patrick Graham,,,,,,,,,
LV,2025,Pete Carroll,Chip Kelly / Greg Olson,Patrick Graham,Antonio Pierce,1.0,new/promoted,Luke Getsy / Scott Turner,1.0,new/promoted,Patrick Graham,0.0,
LV,2026,Klint Kubiak,Andrew Janocko,Rob Leonard,Pete Carroll,1.0,new/promoted,Chip Kelly / Greg Olson,1.0,new/promoted,Patrick Graham,1.0,new/promoted
MIA,2024,Mike McDaniel,Frank Smith,Anthony Weaver,,,,,,,,,
MIA,2025,Mike McDaniel,Frank Smith,Anthony Weaver,Mike McDaniel,0.0,,Frank Smith,0.0,,Anthony Weaver,0.0,
MIA,2026,Jeff Hafley,Bobby Slowik,Sean Duggan,Mike McDaniel,1.0,new/promoted,Frank Smith,1.0,new/promoted,Anthony Weaver,1.0,new/promoted
MIN,2024,Kevin O'Connell,Wes Phillips,Brian Flores,,,,,,,,,
MIN,2025,Kevin O'Connell,Wes Phillips,Brian Flores,Kevin O'Connell,0.0,,Wes Phillips,0.0,,Brian Flores,0.0,
MIN,2026,Kevin O'Connell,Wes Phillips,Brian Flores,Kevin O'Connell,0.0,,Wes Phillips,0.0,,Brian Flores,0.0,
NE,2024,Jerod Mayo,Alex Van Pelt,DeMarcus Covington,,,,,,,,,
NE,2025,Mike Vrabel,Josh McDaniels,Terrell Williams,Jerod Mayo,1.0,new/promoted,Alex Van Pelt,1.0,new/promoted,DeMarcus Covington,1.0,new/promoted
NE,2026,Mike Vrabel,Josh McDaniels,Zak Kuhr,Mike Vrabel,0.0,,Josh McDaniels,0.0,,Terrell Williams,1.0,new/promoted
NO,2024,Dennis Allen,Klint Kubiak,Joe Woods,,,,,,,,,
NO,2025,Kellen Moore,Doug Nussmeier,Brandon Staley,Dennis Allen,1.0,new/promoted,Klint Kubiak,1.0,new/promoted,Joe Woods,1.0,new/promoted
NO,2026,Kellen Moore,Doug Nussmeier,Brandon Staley,Kellen Moore,0.0,,Doug Nussmeier,0.0,,Brandon Staley,0.0,
NYG,2024,Brian Daboll,Mike Kafka,Shane Bowen,,,,,,,,,
NYG,2025,Brian Daboll,Mike Kafka,Shane Bowen / Charlie Bullen,Brian Daboll,0.0,,Mike Kafka,0.0,,Shane Bowen,0.0,
NYG,2026,John Harbaugh,Matt Nagy,Dennard Wilson,Brian Daboll,1.0,BAL,Mike Kafka,1.0,KC,Shane Bowen / Charlie Bullen,1.0,TEN
NYJ,2024,Robert Saleh,Nathaniel Hackett,Jeff Ulbrich,,,,,,,,,
NYJ,2025,Aaron Glenn,Tanner Engstrand,Steve Wilks,Robert Saleh,1.0,new/promoted,Nathaniel Hackett,1.0,new/promoted,Jeff Ulbrich,1.0,new/promoted
NYJ,2026,Aaron Glenn,Frank Reich,Brian Duker,Aaron Glenn,0.0,,Tanner Engstrand,1.0,new/promoted,Steve Wilks,1.0,new/promoted
PHI,2024,Nick Sirianni,Kellen Moore,Vic Fangio,,,,,,,,,
PHI,2025,Nick Sirianni,Kevin Patullo,Vic Fangio,Nick Sirianni,0.0,,Kellen Moore,1.0,new/promoted,Vic Fangio,0.0,
PHI,2026,Nick Sirianni,Sean Mannion,Vic Fangio,Nick Sirianni,0.0,,Kevin Patullo,1.0,new/promoted,Vic Fangio,0.0,
PIT,2024,Mike Tomlin,Arthur Smith,Teryl Austin,,,,,,,,,
PIT,2025,Mike Tomlin,Arthur Smith,Teryl Austin,Mike Tomlin,0.0,,Arthur Smith,0.0,,Teryl Austin,0.0,
PIT,2026,Mike McCarthy,Brian Angelichio,Patrick Graham,Mike Tomlin,1.0,new/promoted,Arthur Smith,1.0,new/promoted,Teryl Austin,1.0,LV
SEA,2024,Mike Macdonald,Ryan Grubb,Aden Durde,,,,,,,,,
SEA,2025,Mike Macdonald,Klint Kubiak,Aden Durde,Mike Macdonald,0.0,,Ryan Grubb,1.0,NO,Aden Durde,0.0,
SEA,2026,Mike Macdonald,Brian Fleury,Aden Durde,Mike Macdonald,0.0,,Klint Kubiak,1.0,new/promoted,Aden Durde,0.0,
SF,2024,Kyle Shanahan,Kyle Shanahan (HC calls plays),Nick Sorensen,,,,,,,,,
SF,2025,Kyle Shanahan,Klay Kubiak,Robert Saleh,Kyle Shanahan,0.0,,Kyle Shanahan (HC calls plays),1.0,new/promoted,Nick Sorensen,1.0,HC@NYJ
SF,2026,Kyle Shanahan,Klay Kubiak,Raheem Morris,Kyle Shanahan,0.0,,Klay Kubiak,0.0,,Robert Saleh,1.0,HC@ATL
TB,2024,Todd Bowles,Liam Coen,Larry Foote / Kacy Rodgers (Bowles calls),,,,,,,,,
TB,2025,Todd Bowles,Josh Grizzard,Todd Bowles (HC calls defense),Todd Bowles,0.0,,Liam Coen,1.0,new/promoted,Larry Foote / Kacy Rodgers (Bowles calls),1.0,HC@TB
TB,2026,Todd Bowles,Zac Robinson,Todd Bowles (HC calls defense),Todd Bowles,0.0,,Josh Grizzard,1.0,ATL,Todd Bowles (HC calls defense),0.0,
TEN,2024,Brian Callahan,Nick Holz,Dennard Wilson,,,,,,,,,
TEN,2025,Brian Callahan,Nick Holz,Dennard Wilson,Brian Callahan,0.0,,Nick Holz,0.0,,Dennard Wilson,0.0,
TEN,2026,Robert Saleh,Brian Daboll,Gus Bradley,Brian Callahan,1.0,new/promoted,Nick Holz,1.0,HC@NYG,Dennard Wilson,1.0,new/promoted
WAS,2024,Dan Quinn,Kliff Kingsbury,Joe Whitt,,,,,,,,,
WAS,2025,Dan Quinn,Kliff Kingsbury,Joe Whitt / Dan Quinn,Dan Quinn,0.0,,Kliff Kingsbury,0.0,,Joe Whitt,0.0,
WAS,2026,Dan Quinn,David Blough,Daronte Jones,Dan Quinn,0.0,,Kliff Kingsbury,1.0,new/promoted,Joe Whitt / Dan Quinn,1.0,new/promoted
