player,team,slot,injury,pos_row,depth
Josh Allen,BUF,QB1,1,QB,1
Kyle Allen,BUF,QB2,1,QB,2
Shane Buechele,BUF,QB3,1,QB,3
James Cook III,BUF,RB1,1,RB,1
Ray Davis,BUF,RB2,1,RB,2
Ty Johnson,BUF,RB3,1,RB,3
Frank Gore,BUF,RB4,1,RB,4
DJ Moore,BUF,WR1,1,WR1,1
Keon Coleman,BUF,WR4+,1,WR1,2
Tyrell Shavers,BUF,WR4+,-1,WR1,3
Stephen Gosnell,BUF,WR4+,1,WR1,4
Khalil Shakir,BUF,WR2,1,WR2,1
Skyler Bell,BUF,WR4+,1,WR2,2
Trent Sherfield,BUF,WR4+,1,WR2,3
Mac Dalena,BUF,WR4+,1,WR2,4
Joshua Palmer,BUF,WR3,1,WR3,1
Mecole Hardman Jr.,BUF,WR4+,1,WR3,2
Jalen Virgil,BUF,WR4+,1,WR3,3
Max Tomczak,BUF,WR4+,1,WR3,4
Dalton Kincaid,BUF,TE1,1,TE,1
Dawson Knox,BUF,TE2,1,TE,2
Jackson Hawes,BUF,TE3,1,TE,3
Shane Zylstra,BUF,TE4,1,TE,4
Ben VanSumeren,BUF,FB1,0,FB,1
Jackson Acker,BUF,FB2,1,FB,2
Dion Dawkins,BUF,LT1,1,LT,1
Tylan Grable,BUF,LT2,1,LT,2
Jude Bowry,BUF,LT3,1,LT,3
Bruno Fina,BUF,LT4,1,LT,4
Alec Anderson,BUF,LG1,1,LG,1
Nick Broeker,BUF,LG2,1,LG,2
Da'Metrius Weatherspoon,BUF,LG3,1,LG,3
Connor McGovern,BUF,C1,1,C,1
Lloyd Cushenberry III,BUF,C2,1,C,2
Sedrick Van Pran-Granger,BUF,C3,1,C,3
O'Cyrus Torrence,BUF,RG1,1,RG,1
Austin Corbett,BUF,RG2,1,RG,2
Ar'maj Reed-Adams,BUF,RG3,1,RG,3
Spencer Brown,BUF,RT1,1,RT,1
Chase Lundt,BUF,RT2,1,RT,2
Travis Clayton,BUF,RT3,1,RT,3
Malik Willis,MIA,QB1,1,QB,1
Quinn Ewers,MIA,QB2,1,QB,2
Cam Miller,MIA,QB3,1,QB,3
Mark Gronowski,MIA,QB4,1,QB,4
De'Von Achane,MIA,RB1,1,RB,1
Jaylen Wright,MIA,RB2,1,RB,2
Ollie Gordon II,MIA,RB3,1,RB,3
Donovan Edwards,MIA,RB4,1,RB,4
Malik Washington,MIA,WR1,1,WR1,1
Caleb Douglas,MIA,WR4+,1,WR1,2
Theo Wease Jr.,MIA,WR4+,1,WR1,3
Terrace Marshall Jr.,MIA,WR4+,1,WR1,4
Jalen Tolbert,MIA,WR2,1,WR2,1
Chris Bell,MIA,WR4+,-1,WR2,2
Tahj Washington,MIA,WR4+,1,WR2,3
AJ Henning,MIA,WR4+,1,WR2,4
Tutu Atwell,MIA,WR3,1,WR3,1
Kevin Coleman Jr.,MIA,WR4+,1,WR3,2
Jalen Reagor,MIA,WR4+,1,WR3,3
Donaven McCulley,MIA,WR4+,1,WR3,4
Greg Dulcich,MIA,TE1,1,TE,1
Will Kacmarek,MIA,TE2,1,TE,2
Seydou Traore,MIA,TE3,1,TE,3
Ben Sims,MIA,TE4,1,TE,4
Patrick Paul,MIA,LT1,1,LT,1
Jamaree Salyer,MIA,LT2,1,LT,2
Kevin Cline,MIA,LT3,1,LT,3
Marques Cox,MIA,LT4,1,LT,4
Kadyn Proctor,MIA,LG1,1,LG,1
Aaron Brewer,MIA,C1,1,C,1
Andrew Meyer,MIA,C2,1,C,2
Jim Bonifas,MIA,C3,1,C,3
Jonah Savaiinaea,MIA,RG1,1,RG,1
Josh Priebe,MIA,RG2,1,RG,2
DJ Campbell,MIA,RG3,1,RG,3
Austin Jackson,MIA,RT1,1,RT,1
Charlie Heck,MIA,RT2,1,RT,2
Gottlieb Ayedze,MIA,RT3,1,RT,3
Carter Warren,MIA,RT4,-1,RT,4
Drake Maye,NE,QB1,1,QB,1
Tommy DeVito,NE,QB2,1,QB,2
Behren Morton,NE,QB3,1,QB,3
Rhamondre Stevenson,NE,RB1,0,RB,1
TreVeyon Henderson,NE,RB2,1,RB,2
Lan Larison,NE,RB3,1,RB,3
Terrell Jennings,NE,RB4,-1,RB,4
A.J. Brown,NE,WR1,1,WR1,1
Mack Hollins,NE,WR4+,1,WR1,2
Efton Chism III,NE,WR4+,1,WR1,3
Nick DeGennaro,NE,WR4+,1,WR1,4
Romeo Doubs,NE,WR2,1,WR2,1
DeMario Douglas,NE,WR4+,1,WR2,2
Kyle Dixon,NE,WR4+,1,WR2,3
Kobe Prentice,NE,WR4+,1,WR2,4
Kayshon Boutte,NE,WR3,1,WR3,1
Kyle Williams,NE,WR4+,1,WR3,2
Cameron Dorner,NE,WR4+,1,WR3,3
Jeremiah Webb,NE,WR4+,-1,WR3,4
Hunter Henry,NE,TE1,1,TE,1
Eli Raridon,NE,TE2,1,TE,2
CJ Dippre,NE,TE3,-1,TE,3
Tanner Arkin,NE,TE4,1,TE,4
Reggie Gilliam,NE,FB1,1,FB,1
Jack Westover,NE,FB2,1,FB,2
Will Campbell,NE,LT1,1,LT,1
James Hudson III,NE,LT2,1,LT,2
Caleb Lomu,NE,LT3,1,LT,3
Lorenz Metz,NE,LT4,1,LT,4
Alijah Vera-Tucker,NE,LG1,1,LG,1
Caedan Wallace,NE,LG2,1,LG,2
Mehki Butler,NE,LG3,1,LG,3
Jacob Rizy,NE,LG4,1,LG,4
Jared Wilson,NE,C1,1,C,1
Ben Brown,NE,C2,1,C,2
Mike Onwenu,NE,RG1,1,RG,1
Andrew Rupcich,NE,RG2,1,RG,2
JonDarius Morgan,NE,RG3,1,RG,3
Morgan Moses,NE,RT1,1,RT,1
Caleb Lomu,NE,RT2,1,RT,2
Dametrious Crownover,NE,RT3,1,RT,3
Marcus Bryant,NE,RT4,1,RT,4
Geno Smith,NYJ,QB1,1,QB,1
Cade Klubnik,NYJ,QB2,1,QB,2
Brady Cook,NYJ,QB3,1,QB,3
Bailey Zappe,NYJ,QB4,1,QB,4
Breece Hall,NYJ,RB1,1,RB,1
Braelon Allen,NYJ,RB2,1,RB,2
Isaiah Davis,NYJ,RB3,1,RB,3
Kene Nwangwu,NYJ,RB4,1,RB,4
Garrett Wilson,NYJ,WR1,1,WR1,1
Tim Patrick,NYJ,WR4+,1,WR1,2
Jamaal Pritchett,NYJ,WR4+,1,WR1,3
Caullin Lacy,NYJ,WR4+,1,WR1,4
Adonai Mitchell,NYJ,WR2,1,WR2,1
Isaiah Williams,NYJ,WR4+,1,WR2,2
Gee Scott Jr.,NYJ,WR4+,1,WR2,3
DT Sheffield,NYJ,WR4+,1,WR2,4
Omar Cooper Jr.,NYJ,WR3,1,WR3,1
Arian Smith,NYJ,WR4+,1,WR3,2
Jalen Walthall,NYJ,WR4+,1,WR3,3
Malik McClain,NYJ,WR4+,1,WR3,4
Kenyon Sadiq,NYJ,TE1,0,TE,1
Mason Taylor,NYJ,TE2,1,TE,2
Jeremy Ruckert,NYJ,TE3,1,TE,3
Jelani Woods,NYJ,TE4,1,TE,4
Andrew Beck,NYJ,FB1,1,FB,1
Olu Fashanu,NYJ,LT1,1,LT,1
Max Mitchell,NYJ,LT2,1,LT,2
Courtland Ford,NYJ,LT3,1,LT,3
Dylan Parham,NYJ,LG1,1,LG,1
Xavier Newman,NYJ,LG2,1,LG,2
Landon Young,NYJ,LG3,1,LG,3
Kohl Levao,NYJ,LG4,1,LG,4
Josh Myers,NYJ,C1,1,C,1
Xavier Newman,NYJ,C2,1,C,2
Joe Tippmann,NYJ,RG1,1,RG,1
Anez Cooper,NYJ,RG2,1,RG,2
Marquis Hayes,NYJ,RG3,1,RG,3
Armand Membou,NYJ,RT1,1,RT,1
Chukwuma Okorafor,NYJ,RT2,1,RT,2
Xavier Hill,NYJ,RT3,1,RT,3
Lamar Jackson,BAL,QB1,1,QB,1
Tyler Huntley,BAL,QB2,1,QB,2
Joe Fagnano,BAL,QB3,1,QB,3
Skylar Thompson,BAL,QB4,1,QB,4
Derrick Henry,BAL,RB1,1,RB,1
Justice Hill,BAL,RB2,1,RB,2
Rasheen Ali,BAL,RB3,1,RB,3
Adam Randall,BAL,RB4,1,RB,4
Zay Flowers,BAL,WR1,1,WR1,1
Ja'Kobi Lane,BAL,WR4+,1,WR1,2
LaJohntay Wester,BAL,WR4+,1,WR1,3
Xavier Guillory,BAL,WR4+,1,WR1,4
Rashod Bateman,BAL,WR2,1,WR2,1
Elijah Sarratt,BAL,WR4+,1,WR2,2
Dayton Wade,BAL,WR4+,1,WR2,3
Cortez Braham Jr.,BAL,WR4+,1,WR2,4
Devontez Walker,BAL,WR3,1,WR3,1
Chris Moore,BAL,WR4+,1,WR3,2
Cornelius Johnson,BAL,WR4+,1,WR3,3
Octavian Smith Jr.,BAL,WR4+,1,WR3,4
Mark Andrews,BAL,TE1,1,TE,1
Durham Smythe,BAL,TE2,1,TE,2
Matthew Hibner,BAL,TE3,1,TE,3
Josh Cuevas,BAL,TE4,1,TE,4
Lucas Scott,BAL,FB1,1,FB,1
Ronnie Stanley,BAL,LT1,1,LT,1
Gerad Lichtenhan,BAL,LT2,1,LT,2
Diego Pounds,BAL,LT3,1,LT,3
John Simpson,BAL,LG1,1,LG,1
Andrew Vorhees,BAL,LG2,1,LG,2
Hakeem Adeniji,BAL,LG3,1,LG,3
Ethan Pocic,BAL,C1,1,C,1
Danny Pinter,BAL,C2,1,C,2
Jovaughn Gwyn,BAL,C3,1,C,3
Corey Bullock,BAL,C4,-1,C,4
Olaivavega Ioane,BAL,RG1,1,RG,1
Emery Jones Jr.,BAL,RG2,1,RG,2
Evan Beerntsen,BAL,RG3,1,RG,3
Roger Rosengarten,BAL,RT1,1,RT,1
Carson Vinson,BAL,RT2,1,RT,2
Joe Burrow,CIN,QB1,1,QB,1
Joe Flacco,CIN,QB2,1,QB,2
Josh Johnson,CIN,QB3,1,QB,3
Sean Clifford,CIN,QB4,1,QB,4
Chase Brown,CIN,RB1,1,RB,1
Samaje Perine,CIN,RB2,1,RB,2
Tahj Brooks,CIN,RB3,1,RB,3
Gary Brightwell,CIN,RB4,1,RB,4
Ja'Marr Chase,CIN,WR1,1,WR1,1
Colbie Young,CIN,WR4+,1,WR1,2
Ke'Shawn Williams,CIN,WR4+,1,WR1,3
Xavier Johnson,CIN,WR4+,1,WR1,4
Tee Higgins,CIN,WR2,1,WR2,1
Mitchell Tinsley,CIN,WR4+,1,WR2,2
Jordan Moore,CIN,WR4+,1,WR2,3
Dohnte Meyers,CIN,WR4+,1,WR2,4
Andrei Iosivas,CIN,WR3,1,WR3,1
Charlie Jones,CIN,WR4+,1,WR3,2
Kendric Pryor,CIN,WR4+,1,WR3,3
Noah Thomas,CIN,WR4+,1,WR3,4
Mike Gesicki,CIN,TE1,1,TE,1
Drew Sample,CIN,TE2,1,TE,2
Erick All Jr.,CIN,TE3,0,TE,3
Tanner Hudson,CIN,TE4,1,TE,4
Orlando Brown Jr.,CIN,LT1,1,LT,1
Cody Ford,CIN,LT2,1,LT,2
Javon Foster,CIN,LT3,1,LT,3
Christian Jones,CIN,LT4,1,LT,4
Dylan Fairchild,CIN,LG1,1,LG,1
Brian Parker II,CIN,LG2,1,LG,2
Liam Brown,CIN,LG3,1,LG,3
Ted Karras,CIN,C1,1,C,1
Connor Lew,CIN,C2,0,C,2
Jacob Bayer,CIN,C3,1,C,3
Dalton Risner,CIN,RG1,1,RG,1
Jalen Rivers,CIN,RG2,1,RG,2
Amarius Mims,CIN,RT1,1,RT,1
Andrew Coker,CIN,RT2,1,RT,2
Corey Robinson II,CIN,RT3,1,RT,3
Deshaun Watson,CLE,QB1,1,QB,1
Shedeur Sanders,CLE,QB2,1,QB,2
Dillon Gabriel,CLE,QB3,1,QB,3
Taylen Green,CLE,QB4,1,QB,4
Quinshon Judkins,CLE,RB1,1,RB,1
Dylan Sampson,CLE,RB2,1,RB,2
Raheim Sanders,CLE,RB3,1,RB,3
Ahmani Marshall,CLE,RB4,1,RB,4
Jerry Jeudy,CLE,WR1,0,WR1,1
Cedric Tillman,CLE,WR4+,1,WR1,2
Malachi Corley,CLE,WR4+,1,WR1,3
Luke Floriea,CLE,WR4+,1,WR1,4
KC Concepcion,CLE,WR2,1,WR2,1
Isaiah Bond,CLE,WR4+,1,WR2,2
Jamari Thrash,CLE,WR4+,1,WR2,3
Aaron Anderson,CLE,WR4+,1,WR2,4
Denzel Boston,CLE,WR3,1,WR3,1
Tylan Wallace,CLE,WR4+,1,WR3,2
Gage Larvadain,CLE,WR4+,1,WR3,3
Kole Wilson,CLE,WR4+,1,WR3,4
Harold Fannin Jr.,CLE,TE1,0,TE,1
Joe Royer,CLE,TE2,1,TE,2
Jack Stoll,CLE,TE3,1,TE,3
Blake Whiteheart,CLE,TE4,1,TE,4
Michael Burton,CLE,FB1,1,FB,1
Spencer Fano,CLE,LT1,1,LT,1
Dawand Jones,CLE,LT2,0,LT,2
Jeremiah Byers,CLE,LT3,1,LT,3
Zion Johnson,CLE,LG1,1,LG,1
Kendrick Green,CLE,LG2,1,LG,2
Elgton Jenkins,CLE,C1,0,C,1
Parker Brailsford,CLE,C2,1,C,2
Luke Wypler,CLE,C3,0,C,3
Kingsley Eguakun,CLE,C4,1,C,4
Teven Jenkins,CLE,RG1,1,RG,1
Zak Zinter,CLE,RG2,1,RG,2
Jack Conley,CLE,RG3,1,RG,3
Tytus Howard,CLE,RT1,1,RT,1
Austin Barber,CLE,RT2,1,RT,2
KT Leveston,CLE,RT3,1,RT,3
Tyre Phillips,CLE,RT4,1,RT,4
Aaron Rodgers,PIT,QB1,1,QB,1
Mason Rudolph,PIT,QB2,1,QB,2
Will Howard,PIT,QB3,1,QB,3
Drew Allar,PIT,QB4,1,QB,4
Jaylen Warren,PIT,RB1,1,RB,1
Rico Dowdle,PIT,RB2,1,RB,2
Kaleb Johnson,PIT,RB3,1,RB,3
Eli Heidenreich,PIT,RB4,1,RB,4
DK Metcalf,PIT,WR1,1,WR1,1
Germie Bernard,PIT,WR4+,1,WR1,2
Eli Heidenreich,PIT,WR4+,1,WR1,3
Cole Burgess,PIT,WR4+,1,WR1,4
Michael Pittman Jr.,PIT,WR2,1,WR2,1
Ben Skowronek,PIT,WR4+,1,WR2,2
A.T. Perry,PIT,WR4+,1,WR2,3
Brandon Smith,PIT,WR4+,1,WR2,4
Roman Wilson,PIT,WR3,1,WR3,1
Kaden Wetjen,PIT,WR4+,1,WR3,2
Max Hurleman,PIT,WR4+,1,WR3,3
Joaquin Davis,PIT,WR4+,1,WR3,4
Pat Freiermuth,PIT,TE1,1,TE,1
Darnell Washington,PIT,TE2,1,TE,2
Robert Tonyan,PIT,TE3,1,TE,3
Jaheim Bell,PIT,TE4,1,TE,4
Riley Nowakowski,PIT,FB1,1,FB,1
Broderick Jones,PIT,LT1,1,LT,1
Dylan Cook,PIT,LT2,1,LT,2
Jack Driscoll,PIT,LT3,1,LT,3
Spencer Anderson,PIT,LG1,1,LG,1
Brock Hoffman,PIT,LG2,1,LG,2
Gennings Dunker,PIT,LG3,1,LG,3
Doug Nester,PIT,LG4,1,LG,4
Zach Frazier,PIT,C1,1,C,1
Ryan McCollum,PIT,C2,1,C,2
Greg Crippen,PIT,C3,1,C,3
Mason McCormick,PIT,RG1,1,RG,1
Steven Jones,PIT,RG2,1,RG,2
Troy Fautanu,PIT,RT1,1,RT,1
Max Iheanachor,PIT,RT2,1,RT,2
Lorenzo Thompson,PIT,RT3,1,RT,3
C.J. Stroud,HOU,QB1,1,QB,1
Davis Mills,HOU,QB2,1,QB,2
Graham Mertz,HOU,QB3,1,QB,3
David Montgomery,HOU,RB1,1,RB,1
Woody Marks,HOU,RB2,1,RB,2
Jawhar Jordan,HOU,RB3,1,RB,3
British Brooks,HOU,RB4,1,RB,4
Nico Collins,HOU,WR1,1,WR1,1
Xavier Hutchinson,HOU,WR4+,1,WR1,2
Justin Watson,HOU,WR4+,1,WR1,3
Treyvhon Saunders,HOU,WR4+,1,WR1,4
Jayden Higgins,HOU,WR2,1,WR2,1
Tank Dell,HOU,WR4+,0,WR2,2
Josh Kelly,HOU,WR4+,1,WR2,3
Daniel Sobkowicz,HOU,WR4+,1,WR2,4
Jaylin Noel,HOU,WR3,-1,WR3,1
Lewis Bond,HOU,WR4+,1,WR3,2
Jared Wayne,HOU,WR4+,1,WR3,3
Jha'Quan Jackson,HOU,WR4+,1,WR3,4
Dalton Schultz,HOU,TE1,1,TE,1
Foster Moreau,HOU,TE2,1,TE,2
Brevin Jordan,HOU,TE3,1,TE,3
Marlin Klein,HOU,TE4,1,TE,4
Aireontae Ersery,HOU,LT1,1,LT,1
Blake Fisher,HOU,LT2,1,LT,2
James Neal III,HOU,LT3,1,LT,3
Derrick Graham,HOU,LT4,1,LT,4
Wyatt Teller,HOU,LG1,1,LG,1
Evan Brown,HOU,LG2,1,LG,2
Jarrett Kingston,HOU,LG3,1,LG,3
Keylan Rutledge,HOU,C1,1,C,1
Jake Andrews,HOU,C2,1,C,2
Jarrett Patterson,HOU,C3,1,C,3
Eli Cox,HOU,C4,1,C,4
Ed Ingram,HOU,RG1,1,RG,1
Febechi Nwaiwu,HOU,RG2,1,RG,2
Braden Smith,HOU,RT1,1,RT,1
Trent Brown,HOU,RT2,1,RT,2
Sam Hagen,HOU,RT3,1,RT,3
Daniel Jones,IND,QB1,1,QB,1
Anthony Richardson Sr.,IND,QB2,1,QB,2
Riley Leonard,IND,QB3,1,QB,3
Easton Stick,IND,QB4,1,QB,4
Jonathan Taylor,IND,RB1,1,RB,1
DJ Giddens,IND,RB2,1,RB,2
Seth McGowan,IND,RB3,1,RB,3
Ulysses Bentley IV,IND,RB4,1,RB,4
Alec Pierce,IND,WR1,-1,WR1,1
Nick Westbrook-Ikhine,IND,WR4+,1,WR1,2
Laquon Treadwell,IND,WR4+,1,WR1,3
Sahmir Hagans,IND,WR4+,1,WR1,4
Josh Downs,IND,WR2,1,WR2,1
Deion Burks,IND,WR4+,1,WR2,2
Coleman Owen,IND,WR4+,1,WR2,3
EJ Horton Jr.,IND,WR4+,1,WR2,4
Ashton Dulin,IND,WR3,1,WR3,1
Anthony Gould,IND,WR4+,1,WR3,2
Eli Pancol,IND,WR4+,1,WR3,3
Raylen Sharpe,IND,WR4+,1,WR3,4
Tyler Warren,IND,TE1,1,TE,1
Mo Alie-Cox,IND,TE2,1,TE,2
Drew Ogletree,IND,TE3,1,TE,3
Will Mallory,IND,TE4,1,TE,4
Bernhard Raimann,IND,LT1,1,LT,1
Blake Freeland,IND,LT2,1,LT,2
Nolan Rucci,IND,LT3,1,LT,3
Quenton Nelson,IND,LG1,1,LG,1
Dalton Tucker,IND,LG2,1,LG,2
Tanor Bortolini,IND,C1,1,C,1
Jimmy Morrissey,IND,C2,1,C,2
Geno VanDeMark,IND,C3,1,C,3
Josh Kreutz,IND,C4,1,C,4
Matt Goncalves,IND,RG1,1,RG,1
Jalen Farmer,IND,RG2,1,RG,2
Josh Sills,IND,RG3,1,RG,3
Jalen Travis,IND,RT1,1,RT,1
Luke Tenuta,IND,RT2,1,RT,2
Bayron Matos,IND,RT3,1,RT,3
Trevor Lawrence,JAX,QB1,1,QB,1
Nick Mullens,JAX,QB2,1,QB,2
Carter Bradley,JAX,QB3,1,QB,3
Joey Aguilar,JAX,QB4,1,QB,4
Bhayshul Tuten,JAX,RB1,1,RB,1
Chris Rodriguez Jr.,JAX,RB2,0,RB,2
LeQuint Allen Jr.,JAX,RB3,1,RB,3
Ameer Abdullah,JAX,RB4,1,RB,4
Brian Thomas Jr.,JAX,WR1,1,WR1,1
Travis Hunter,JAX,WR4+,0,WR1,2
Tim Jones,JAX,WR4+,1,WR1,3
Brady Boyd,JAX,WR4+,1,WR1,4
Jakobi Meyers,JAX,WR2,1,WR2,1
Josh Cameron,JAX,WR4+,1,WR2,2
Austin Trammell,JAX,WR4+,1,WR2,3
Ben Patterson,JAX,WR4+,1,WR2,4
Parker Washington,JAX,WR3,1,WR3,1
CJ Williams,JAX,WR4+,1,WR3,2
Chandler Brayboy,JAX,WR4+,1,WR3,3
Trebor Pena,JAX,WR4+,1,WR3,4
Brenton Strange,JAX,TE1,1,TE,1
Nate Boerkircher,JAX,TE2,1,TE,2
Tanner Koziol,JAX,TE3,1,TE,3
Quintin Morris,JAX,TE4,1,TE,4
Cole Van Lanen,JAX,LT1,-1,LT,1
Walker Little,JAX,LT2,1,LT,2
Kilian Zierer,JAX,LT3,1,LT,3
Ezra Cleveland,JAX,LG1,1,LG,1
Emmanuel Pregnon,JAX,LG2,1,LG,2
Garrett DiGiorgio,JAX,LG3,-1,LG,3
Jerome Carvin,JAX,LG4,1,LG,4
Robert Hainsey,JAX,C1,1,C,1
Jonah Monheim,JAX,C2,1,C,2
Patrick Mekari,JAX,RG1,1,RG,1
Wyatt Milum,JAX,RG2,1,RG,2
Trystan Colon,JAX,RG3,1,RG,3
Jimto Obidegwu,JAX,RG4,1,RG,4
Anton Harrison,JAX,RT1,1,RT,1
Chuma Edoga,JAX,RT2,1,RT,2
Ricky Lee,JAX,RT3,1,RT,3
Cam Ward,TEN,QB1,1,QB,1
Mitchell Trubisky,TEN,QB2,1,QB,2
Will Levis,TEN,QB3,1,QB,3
Hendon Hooker,TEN,QB4,1,QB,4
Tony Pollard,TEN,RB1,1,RB,1
Tyjae Spears,TEN,RB2,1,RB,2
Nicholas Singleton,TEN,RB3,1,RB,3
Michael Carter,TEN,RB4,1,RB,4
Carnell Tate,TEN,WR1,1,WR1,1
Chimere Dike,TEN,WR4+,1,WR1,2
Mason Kinsey,TEN,WR4+,1,WR1,3
Lance McCutcheon,TEN,WR4+,1,WR1,4
Wan'Dale Robinson,TEN,WR2,1,WR2,1
Elic Ayomanor,TEN,WR4+,1,WR2,2
K.J. Osborn,TEN,WR4+,1,WR2,3
Courtney Jackson,TEN,WR4+,1,WR2,4
Calvin Ridley,TEN,WR3,1,WR3,1
Bryce Oliver,TEN,WR4+,1,WR3,2
Xavier Restrepo,TEN,WR4+,1,WR3,3
Tyren Montgomery,TEN,WR4+,1,WR3,4
Gunnar Helm,TEN,TE1,1,TE,1
Daniel Bellinger,TEN,TE2,1,TE,2
Kylen Granson,TEN,TE3,1,TE,3
Jaren Kanak,TEN,TE4,1,TE,4
Dan Moore Jr.,TEN,LT1,1,LT,1
Austin Deculus,TEN,LT2,1,LT,2
Rasheed Miller,TEN,LT3,1,LT,3
Peter Skoronski,TEN,LG1,1,LG,1
Fernando Carmona,TEN,LG2,1,LG,2
Drew Moss,TEN,LG3,1,LG,3
Austin Schlottmann,TEN,C1,1,C,1
Pat Coogan,TEN,C2,1,C,2
Andre James,TEN,C3,1,C,3
Cordell Volson,TEN,RG1,1,RG,1
Jackson Slater,TEN,RG2,1,RG,2
Garrett Dellinger,TEN,RG3,1,RG,3
Zachary Thomas,TEN,RG4,1,RG,4
JC Latham,TEN,RT1,-1,RT,1
Brandon Crenshaw-Dickson,TEN,RT2,1,RT,2
Aamil Wagner,TEN,RT3,1,RT,3
Bo Nix,DEN,QB1,0,QB,1
Jarrett Stidham,DEN,QB2,1,QB,2
Sam Ehlinger,DEN,QB3,1,QB,3
J.K. Dobbins,DEN,RB1,1,RB,1
RJ Harvey,DEN,RB2,1,RB,2
Jonah Coleman,DEN,RB3,1,RB,3
Jaleel McLaughlin,DEN,RB4,1,RB,4
Courtland Sutton,DEN,WR1,1,WR1,1
Pat Bryant,DEN,WR4+,1,WR1,2
Michael Bandy,DEN,WR4+,1,WR1,3
Kolbe Katsis,DEN,WR4+,1,WR1,4
Jaylen Waddle,DEN,WR2,1,WR2,1
Marvin Mims Jr.,DEN,WR4+,1,WR2,2
Hakeem Butler,DEN,WR4+,1,WR2,3
Joseph Manjack IV,DEN,WR4+,1,WR2,4
Troy Franklin,DEN,WR3,1,WR3,1
Lil'Jordan Humphrey,DEN,WR4+,1,WR3,2
Dane Key,DEN,WR4+,1,WR3,3
Cameron Ross,DEN,WR4+,1,WR3,4
Evan Engram,DEN,TE1,1,TE,1
Adam Trautman,DEN,TE2,1,TE,2
Justin Joly,DEN,TE3,1,TE,3
Nate Adkins,DEN,TE4,1,TE,4
Adam Prentice,DEN,FB1,1,FB,1
Garett Bolles,DEN,LT1,1,LT,1
Matt Peart,DEN,LT2,1,LT,2
Gavin Ortega,DEN,LT3,1,LT,3
Ben Powers,DEN,LG1,1,LG,1
Kage Casey,DEN,LG2,1,LG,2
Alex Palczewski,DEN,LG3,1,LG,3
Nick Gargiulo,DEN,LG4,-1,LG,4
Luke Wattenberg,DEN,C1,1,C,1
Alex Forsyth,DEN,C2,1,C,2
Michael Deiter,DEN,C3,1,C,3
Quinn Meinerz,DEN,RG1,1,RG,1
Calvin Throckmorton,DEN,RG2,1,RG,2
Mike McGlinchey,DEN,RT1,1,RT,1
Frank Crum,DEN,RT2,1,RT,2
Reid Holskey,DEN,RT3,1,RT,3
Tyler Miller,DEN,RT4,1,RT,4
Patrick Mahomes,KC,QB1,0,QB,1
Justin Fields,KC,QB2,1,QB,2
Garrett Nussmeier,KC,QB3,1,QB,3
Chris Oladokun,KC,QB4,1,QB,4
Kenneth Walker III,KC,RB1,1,RB,1
Emmett Johnson,KC,RB2,1,RB,2
Emari Demercado,KC,RB3,1,RB,3
Brashard Smith,KC,RB4,1,RB,4
Rashee Rice,KC,WR1,1,WR1,1
Jalen Royals,KC,WR4+,1,WR1,2
Jason Brownlee,KC,WR4+,1,WR1,3
Jeff Caldwell,KC,WR4+,1,WR1,4
Xavier Worthy,KC,WR2,0,WR2,1
Cyrus Allen,KC,WR4+,1,WR2,2
Jimmy Holiday,KC,WR4+,1,WR2,3
Omari Evans,KC,WR4+,1,WR2,4
Tyquan Thornton,KC,WR3,1,WR3,1
Nikko Remigio,KC,WR4+,1,WR3,2
Andrew Armstrong,KC,WR4+,1,WR3,3
Jacob De Jesus,KC,WR4+,1,WR3,4
Travis Kelce,KC,TE1,1,TE,1
Noah Gray,KC,TE2,1,TE,2
Jared Wiley,KC,TE3,1,TE,3
Jake Briningstool,KC,TE4,1,TE,4
Josh Simmons,KC,LT1,1,LT,1
Esa Pole,KC,LT2,1,LT,2
Ethan Driskell,KC,LT3,1,LT,3
Kingsley Suamataia,KC,LG1,1,LG,1
C.J. Hanson,KC,LG2,1,LG,2
Creed Humphrey,KC,C1,1,C,1
Hunter Nourzad,KC,C2,1,C,2
Pete Nygra,KC,C3,1,C,3
Trey Smith,KC,RG1,1,RG,1
Mike Caliendo,KC,RG2,1,RG,2
Josh Thompson,KC,RG3,1,RG,3
Jaylon Moore,KC,RT1,1,RT,1
Chukwuebuka Godrick,KC,RT2,1,RT,2
Matt Waletzko,KC,RT3,1,RT,3
Kahlil Benson,KC,RT4,1,RT,4
Kirk Cousins,LV,QB1,1,QB,1
Fernando Mendoza,LV,QB2,1,QB,2
Aidan O'Connell,LV,QB3,1,QB,3
Jacob Clark,LV,QB4,1,QB,4
Ashton Jeanty,LV,RB1,1,RB,1
Mike Washington Jr.,LV,RB2,1,RB,2
Dylan Laube,LV,RB3,1,RB,3
Chris Collier,LV,RB4,1,RB,4
Tre Tucker,LV,WR1,1,WR1,1
Dont'e Thornton Jr.,LV,WR4+,1,WR1,2
Shedrick Jackson,LV,WR4+,1,WR1,3
Chase Roberts,LV,WR4+,1,WR1,4
Jalen Nailor,LV,WR2,1,WR2,1
Malik Benson,LV,WR4+,1,WR2,2
Phillip Dorsett II,LV,WR4+,1,WR2,3
E.J. Williams Jr.,LV,WR4+,1,WR2,4
Jack Bech,LV,WR3,1,WR3,1
Dareke Young,LV,WR4+,1,WR3,2
Brandon Johnson,LV,WR4+,1,WR3,3
Deven Thompkins,LV,WR4+,1,WR3,4
Brock Bowers,LV,TE1,1,TE,1
Michael Mayer,LV,TE2,1,TE,2
Ian Thomas,LV,TE3,1,TE,3
Carter Runyon,LV,TE4,1,TE,4
Connor Heyward,LV,FB1,1,FB,1
Kolton Miller,LV,LT1,1,LT,1
Charles Grant,LV,LT2,1,LT,2
Kamar Missouri,LV,LT3,1,LT,3
Niklas Henning,LV,LT4,1,LT,4
Spencer Burford,LV,LG1,1,LG,1
Atonio Mafi,LV,LG2,1,LG,2
Tyler Linderbaum,LV,C1,1,C,1
Jordan Meredith,LV,C2,1,C,2
Will Putnam,LV,C3,1,C,3
Jackson Powers-Johnson,LV,RG1,1,RG,1
Trey Zuhn III,LV,RG2,1,RG,2
Caleb Rogers,LV,RG3,1,RG,3
Justin Pickett,LV,RG4,1,RG,4
DJ Glaze,LV,RT1,1,RT,1
Dalton Wagner,LV,RT2,1,RT,2
Isaiah Jatta,LV,RT3,1,RT,3
Justin Herbert,LAC,QB1,1,QB,1
Trey Lance,LAC,QB2,1,QB,2
DJ Uiagalelei,LAC,QB3,1,QB,3
Omarion Hampton,LAC,RB1,1,RB,1
Kimani Vidal,LAC,RB2,1,RB,2
Keaton Mitchell,LAC,RB3,1,RB,3
Jaret Patterson,LAC,RB4,1,RB,4
Ladd McConkey,LAC,WR1,1,WR1,1
Brenen Thompson,LAC,WR4+,1,WR1,2
Dalevon Campbell,LAC,WR4+,1,WR1,3
Devonte Ross,LAC,WR4+,1,WR1,4
Quentin Johnston,LAC,WR2,1,WR2,1
KeAndre Lambert-Smith,LAC,WR4+,1,WR2,2
Luke Grimm,LAC,WR4+,1,WR2,3
Sincere Brown,LAC,WR4+,1,WR2,4
Tre' Harris,LAC,WR3,1,WR3,1
Derius Davis,LAC,WR4+,1,WR3,2
JaQuae Jackson,LAC,WR4+,1,WR3,3
Mante Morrow,LAC,WR4+,1,WR3,4
Oronde Gadsden,LAC,TE1,1,TE,1
David Njoku,LAC,TE2,1,TE,2
Charlie Kolar,LAC,TE3,1,TE,3
Jerand Bradley,LAC,TE4,1,TE,4
Alec Ingold,LAC,FB1,1,FB,1
Scott Matlock,LAC,FB2,1,FB,2
Rashawn Slater,LAC,LT1,0,LT,1
Trey Pipkins III,LAC,LT2,1,LT,2
Isaiah World,LAC,LT3,-1,LT,3
Jake Slaughter,LAC,LG1,1,LG,1
Trevor Penning,LAC,LG2,1,LG,2
Kayode Awosika,LAC,LG3,1,LG,3
Branson Taylor,LAC,LG4,1,LG,4
Tyler Biadasz,LAC,C1,1,C,1
Josh Kaltenberger,LAC,C2,1,C,2
Jacob Spomer,LAC,C3,1,C,3
Cole Strange,LAC,RG1,1,RG,1
Logan Taylor,LAC,RG2,1,RG,2
Alex Harkey,LAC,RG3,1,RG,3
Joe Alt,LAC,RT1,1,RT,1
Travis Burke,LAC,RT2,1,RT,2
Laekin Vakalahi,LAC,RT3,1,RT,3
Dak Prescott,DAL,QB1,0,QB,1
Joe Milton III,DAL,QB2,1,QB,2
Sam Howell,DAL,QB3,1,QB,3
Javonte Williams,DAL,RB1,1,RB,1
Jaydon Blue,DAL,RB2,1,RB,2
Malik Davis,DAL,RB3,1,RB,3
Phil Mafah,DAL,RB4,1,RB,4
CeeDee Lamb,DAL,WR1,1,WR1,1
KaVontae Turpin,DAL,WR4+,1,WR1,2
Anthony Smith,DAL,WR4+,1,WR1,3
Denzel Mims,DAL,WR4+,1,WR1,4
George Pickens,DAL,WR2,1,WR2,1
Marquez Valdes-Scantling,DAL,WR4+,1,WR2,2
Tyler Johnson,DAL,WR4+,1,WR2,3
Jordan Hudson,DAL,WR4+,1,WR2,4
Ryan Flournoy,DAL,WR3,1,WR3,1
Jonathan Mingo,DAL,WR4+,0,WR3,2
Traeshon Holden,DAL,WR4+,1,WR3,3
Camden Brown,DAL,WR4+,1,WR3,4
Jake Ferguson,DAL,TE1,1,TE,1
Brevyn Spann-Ford,DAL,TE2,1,TE,2
Luke Schoonmaker,DAL,TE3,1,TE,3
Princeton Fant,DAL,TE4,1,TE,4
Hunter Luepke,DAL,FB1,1,FB,1
Tyler Guyton,DAL,LT1,1,LT,1
Nate Thomas,DAL,LT2,1,LT,2
Marcellus Johnson,DAL,LT3,1,LT,3
Shiyazh Pete,DAL,LT4,1,LT,4
Tyler Smith,DAL,LG1,0,LG,1
Trevor Keegan,DAL,LG2,1,LG,2
DJ Wingfield,DAL,LG3,1,LG,3
Cooper Beebe,DAL,C1,1,C,1
Nick Leverett,DAL,C2,1,C,2
Matt Hennessy,DAL,C3,-1,C,3
Tyler Booker,DAL,RG1,1,RG,1
T.J. Bass,DAL,RG2,1,RG,2
Chris Glaser,DAL,RG3,1,RG,3
Terence Steele,DAL,RT1,1,RT,1
Drew Shelton,DAL,RT2,1,RT,2
Ajani Cornelius,DAL,RT3,1,RT,3
Jaxson Dart,NYG,QB1,1,QB,1
Jameis Winston,NYG,QB2,1,QB,2
Brandon Allen,NYG,QB3,1,QB,3
Cam Skattebo,NYG,RB1,0,RB,1
Tyrone Tracy Jr.,NYG,RB2,1,RB,2
Devin Singletary,NYG,RB3,1,RB,3
Eric Gray,NYG,RB4,1,RB,4
Malik Nabers,NYG,WR1,0,WR1,1
Calvin Austin III,NYG,WR4+,1,WR1,2
Odell Beckham Jr.,NYG,WR4+,1,WR1,3
Jalin Hyatt,NYG,WR4+,1,WR1,4
Darius Slayton,NYG,WR2,0,WR2,1
Malachi Fields,NYG,WR4+,1,WR2,2
Isaiah Hodgins,NYG,WR4+,1,WR2,3
Beaux Collins,NYG,WR4+,0,WR2,4
Darnell Mooney,NYG,WR3,1,WR3,1
JuJu Smith-Schuster,NYG,WR4+,1,WR3,2
Braxton Berrios,NYG,WR4+,1,WR3,3
Dalen Cambre,NYG,WR4+,1,WR3,4
Isaiah Likely,NYG,TE1,1,TE,1
Theo Johnson,NYG,TE2,1,TE,2
Chris Manhertz,NYG,TE3,1,TE,3
Thomas Fidone II,NYG,TE4,1,TE,4
Patrick Ricard,NYG,FB1,1,FB,1
Andrew Thomas,NYG,LT1,0,LT,1
J.C. Davis,NYG,LT2,1,LT,2
Joshua Ezeudu,NYG,LT3,1,LT,3
Ryan Schernecke,NYG,LT4,1,LT,4
Jon Runyan,NYG,LG1,1,LG,1
Aaron Stinnie,NYG,LG2,1,LG,2
Jake Kubas,NYG,LG3,1,LG,3
John Michael Schmitz Jr.,NYG,C1,1,C,1
Lucas Patrick,NYG,C2,1,C,2
Bryan Hudson,NYG,C3,1,C,3
Francis Mauigoa,NYG,RG1,1,RG,1
Daniel Faalele,NYG,RG2,1,RG,2
Evan Neal,NYG,RG3,1,RG,3
Jermaine Eluemunor,NYG,RT1,1,RT,1
Marcus Mbow,NYG,RT2,1,RT,2
Jalen Hurts,PHI,QB1,1,QB,1
Andy Dalton,PHI,QB2,1,QB,2
Tanner McKee,PHI,QB3,1,QB,3
Cole Payton,PHI,QB4,1,QB,4
Saquon Barkley,PHI,RB1,1,RB,1
Tank Bigsby,PHI,RB2,1,RB,2
Will Shipley,PHI,RB3,1,RB,3
Dameon Pierce,PHI,RB4,1,RB,4
DeVonta Smith,PHI,WR1,1,WR1,1
Hollywood Brown,PHI,WR4+,1,WR1,2
Darius Cooper,PHI,WR4+,1,WR1,3
Samori Toure,PHI,WR4+,1,WR1,4
Makai Lemon,PHI,WR2,1,WR2,1
Elijah Moore,PHI,WR4+,1,WR2,2
Britain Covey,PHI,WR4+,1,WR2,3
Danny Gray,PHI,WR4+,1,WR2,4
Dontayvion Wicks,PHI,WR3,1,WR3,1
Johnny Wilson,PHI,WR4+,1,WR3,2
Quez Watkins,PHI,WR4+,1,WR3,3
Erik Ezukanma,PHI,WR4+,1,WR3,4
Dallas Goedert,PHI,TE1,1,TE,1
Eli Stowers,PHI,TE2,0,TE,2
Johnny Mundt,PHI,TE3,1,TE,3
Grant Calcaterra,PHI,TE4,1,TE,4
Carson Steele,PHI,FB1,1,FB,1
Jordan Mailata,PHI,LT1,1,LT,1
Markel Bell,PHI,LT2,1,LT,2
Myles Hinton,PHI,LT3,1,LT,3
John Ojukwu,PHI,LT4,1,LT,4
Landon Dickerson,PHI,LG1,1,LG,1
Michael Jordan,PHI,LG2,1,LG,2
Micah Morris,PHI,LG3,1,LG,3
Cam Jurgens,PHI,C1,1,C,1
Drew Kendall,PHI,C2,1,C,2
Willie Lampkin,PHI,C3,1,C,3
Jake Majors,PHI,C4,1,C,4
Tyler Steen,PHI,RG1,1,RG,1
Hollin Pierce,PHI,RG2,1,RG,2
Jaeden Roberts,PHI,RG3,1,RG,3
Lane Johnson,PHI,RT1,1,RT,1
Fred Johnson,PHI,RT2,1,RT,2
Cameron Williams,PHI,RT3,1,RT,3
Jayden Daniels,WAS,QB1,1,QB,1
Marcus Mariota,WAS,QB2,1,QB,2
Athan Kaliakmanis,WAS,QB3,1,QB,3
Sam Hartman,WAS,QB4,1,QB,4
Jacory Croskey-Merritt,WAS,RB1,1,RB,1
Rachaad White,WAS,RB2,1,RB,2
Kaytron Allen,WAS,RB3,1,RB,3
Jeremy McNichols,WAS,RB4,1,RB,4
Terry McLaurin,WAS,WR1,1,WR1,1
Treylon Burks,WAS,WR4+,1,WR1,2
Van Jefferson,WAS,WR4+,1,WR1,3
Jaden Bradley,WAS,WR4+,1,WR1,4
Antonio Williams,WAS,WR2,1,WR2,1
Dyami Brown,WAS,WR4+,1,WR2,2
Jacoby Jones,WAS,WR4+,1,WR2,3
Chris Hilton Jr.,WAS,WR4+,1,WR2,4
Luke McCaffrey,WAS,WR3,1,WR3,1
Jaylin Lane,WAS,WR4+,1,WR3,2
Nick Nash,WAS,WR4+,1,WR3,3
Chig Okonkwo,WAS,TE1,1,TE,1
John Bates,WAS,TE2,1,TE,2
Ben Sinnott,WAS,TE3,1,TE,3
Colson Yankoff,WAS,TE4,1,TE,4
Laremy Tunsil,WAS,LT1,1,LT,1
Brandon Coleman,WAS,LT2,1,LT,2
Foster Sarell,WAS,LT3,1,LT,3
Chris Paul,WAS,LG1,1,LG,1
Timothy McKay,WAS,LG2,1,LG,2
Tanoa Togiai,WAS,LG3,1,LG,3
Nick Allegretti,WAS,C1,1,C,1
Matt Gulbin,WAS,C2,1,C,2
Julian Good-Jones,WAS,C3,1,C,3
Sam Cosmi,WAS,RG1,1,RG,1
Andrew Wylie,WAS,RG2,1,RG,2
Tyler Cooper,WAS,RG3,1,RG,3
Josh Conerly Jr.,WAS,RT1,1,RT,1
Trent Scott,WAS,RT2,1,RT,2
Malaesala Aumavae-Laulu,WAS,RT3,1,RT,3
Caleb Williams,CHI,QB1,1,QB,1
Tyson Bagent,CHI,QB2,1,QB,2
Case Keenum,CHI,QB3,1,QB,3
Miller Moss,CHI,QB4,1,QB,4
D'Andre Swift,CHI,RB1,1,RB,1
Kyle Monangai,CHI,RB2,1,RB,2
Roschon Johnson,CHI,RB3,1,RB,3
Brittain Brown,CHI,RB4,1,RB,4
Rome Odunze,CHI,WR1,1,WR1,1
Zavion Thomas,CHI,WR4+,1,WR1,2
Maurice Alexander,CHI,WR4+,1,WR1,3
Omari Kelly,CHI,WR4+,1,WR1,4
Luther Burden III,CHI,WR2,1,WR2,1
Jahdae Walker,CHI,WR4+,1,WR2,2
JP Richardson,CHI,WR4+,1,WR2,3
Kyron Hudson,CHI,WR4+,1,WR2,4
Kalif Raymond,CHI,WR3,1,WR3,1
Scotty Miller,CHI,WR4+,1,WR3,2
Kaden Davis,CHI,WR4+,1,WR3,3
Colston Loveland,CHI,TE1,1,TE,1
Cole Kmet,CHI,TE2,1,TE,2
Sam Roush,CHI,TE3,1,TE,3
Nikola Kalinic,CHI,TE4,1,TE,4
Braxton Jones,CHI,LT1,1,LT,1
Ozzy Trapilo,CHI,LT2,-1,LT,2
Jedrick Wills Jr.,CHI,LT3,0,LT,3
Kiran Amegadjie,CHI,LT4,1,LT,4
Joe Thuney,CHI,LG1,1,LG,1
Jordan McFadden,CHI,LG2,1,LG,2
Kyle Hergel,CHI,LG3,1,LG,3
Garrett Bradbury,CHI,C1,1,C,1
Logan Jones,CHI,C2,1,C,2
Jaren Kump,CHI,C3,1,C,3
Jonah Jackson,CHI,RG1,1,RG,1
Luke Newman,CHI,RG2,1,RG,2
Caden Barnett,CHI,RG3,1,RG,3
Darnell Wright,CHI,RT1,1,RT,1
Theo Benedet,CHI,RT2,1,RT,2
Mason Murphy,CHI,RT3,1,RT,3
Jared Goff,DET,QB1,1,QB,1
Teddy Bridgewater,DET,QB2,1,QB,2
Luke Altmyer,DET,QB3,1,QB,3
Jahmyr Gibbs,DET,RB1,1,RB,1
Isiah Pacheco,DET,RB2,1,RB,2
Sione Vaki,DET,RB3,1,RB,3
Jacob Saylors,DET,RB4,1,RB,4
Amon-Ra St. Brown,DET,WR1,1,WR1,1
Greg Dortch,DET,WR4+,1,WR1,2
Tom Kennedy,DET,WR4+,1,WR1,3
Lucky Jackson,DET,WR4+,1,WR1,4
Jameson Williams,DET,WR2,1,WR2,1
Dominic Lovett,DET,WR4+,1,WR2,2
Malik Cunningham,DET,WR4+,1,WR2,3
Tarik Black,DET,WR4+,1,WR2,4
Isaac TeSlaa,DET,WR3,1,WR3,1
Cedrick Wilson Jr.,DET,WR4+,1,WR3,2
Tay Martin,DET,WR4+,1,WR3,3
Lawrence Keys III,DET,WR4+,1,WR3,4
Sam LaPorta,DET,TE1,1,TE,1
Brock Wright,DET,TE2,1,TE,2
Tyler Conklin,DET,TE3,-1,TE,3
Jackson Meeks,DET,TE4,1,TE,4
Penei Sewell,DET,LT1,1,LT,1
Giovanni Manu,DET,LT2,1,LT,2
Devin Cochran,DET,LT3,1,LT,3
Christian Mahogany,DET,LG1,-1,LG,1
Juice Scruggs,DET,LG2,1,LG,2
Miles Frazier,DET,LG3,1,LG,3
Ben Bartch,DET,LG4,1,LG,4
Cade Mays,DET,C1,1,C,1
Michael Niese,DET,C2,1,C,2
Seth McLaughlin,DET,C3,1,C,3
Tate Ratledge,DET,RG1,1,RG,1
Colby Sorsdal,DET,RG2,1,RG,2
Melvin Priestly,DET,RG3,1,RG,3
Blake Miller,DET,RT1,1,RT,1
Larry Borom,DET,RT2,1,RT,2
Mason Miller,DET,RT3,1,RT,3
Jordan Love,GB,QB1,1,QB,1
Tyrod Taylor,GB,QB2,1,QB,2
Kyle McCord,GB,QB3,1,QB,3
Kyron Drones,GB,QB4,1,QB,4
Josh Jacobs,GB,RB1,1,RB,1
MarShawn Lloyd,GB,RB2,1,RB,2
Chris Brooks,GB,RB3,-1,RB,3
Pierre Strong Jr.,GB,RB4,1,RB,4
Christian Watson,GB,WR1,1,WR1,1
Savion Williams,GB,WR4+,1,WR1,2
Isaiah Neyor,GB,WR4+,1,WR1,3
J. Michael Sturdivant,GB,WR4+,1,WR1,4
Jayden Reed,GB,WR2,1,WR2,1
Bo Melton,GB,WR4+,1,WR2,2
Will Sheppard,GB,WR4+,1,WR2,3
Matthew Golden,GB,WR3,1,WR3,1
Skyy Moore,GB,WR4+,1,WR3,2
Brenden Rice,GB,WR4+,1,WR3,3
Tucker Kraft,GB,TE1,-1,TE,1
Luke Musgrave,GB,TE2,-1,TE,2
Josh Whyle,GB,TE3,1,TE,3
Drake Dabney,GB,TE4,1,TE,4
Jordan Morgan,GB,LT1,1,LT,1
Darian Kinnard,GB,LT2,1,LT,2
Brant Banks,GB,LT3,-1,LT,3
Aaron Banks,GB,LG1,-1,LG,1
Donovan Jennings,GB,LG2,1,LG,2
Josh Gesky,GB,LG3,1,LG,3
Dillon Wade,GB,LG4,1,LG,4
Sean Rhyan,GB,C1,1,C,1
Jager Burton,GB,C2,1,C,2
Jacob Monk,GB,C3,1,C,3
Anthony Belton,GB,RG1,1,RG,1
Karsen Barnhart,GB,RG2,1,RG,2
Dylan Barrett,GB,RG3,1,RG,3
John Williams,GB,RG4,1,RG,4
Zach Tom,GB,RT1,1,RT,1
Travis Glover,GB,RT2,1,RT,2
Dalton Cooper,GB,RT3,1,RT,3
Kyler Murray,MIN,QB1,1,QB,1
J.J. McCarthy,MIN,QB2,1,QB,2
Carson Wentz,MIN,QB3,1,QB,3
Max Brosmer,MIN,QB4,1,QB,4
Aaron Jones Sr.,MIN,RB1,1,RB,1
Jordan Mason,MIN,RB2,1,RB,2
Demond Claiborne,MIN,RB3,1,RB,3
Zavier Scott,MIN,RB4,1,RB,4
Justin Jefferson,MIN,WR1,1,WR1,1
Tai Felton,MIN,WR4+,1,WR1,2
Jeshaun Jones,MIN,WR4+,1,WR1,3
Michael Briscoe,MIN,WR4+,1,WR1,4
Jordan Addison,MIN,WR2,1,WR2,1
Myles Price,MIN,WR4+,1,WR2,2
Dontae Fleming,MIN,WR4+,1,WR2,3
Terrill Davis,MIN,WR4+,1,WR2,4
Jauan Jennings,MIN,WR3,1,WR3,1
Dillon Bell,MIN,WR4+,1,WR3,2
Trayvon Rudolph,MIN,WR4+,1,WR3,3
Marcus Sanders Jr.,MIN,WR4+,1,WR3,4
T.J. Hockenson,MIN,TE1,1,TE,1
Josh Oliver,MIN,TE2,1,TE,2
Ben Yurosek,MIN,TE3,1,TE,3
Gavin Bartholomew,MIN,TE4,0,TE,4
Max Bredeson,MIN,FB1,1,FB,1
Christian Darrisaw,MIN,LT1,0,LT,1
Caleb Tiernan,MIN,LT2,1,LT,2
Tristan Leigh,MIN,LT3,1,LT,3
Donovan Jackson,MIN,LG1,1,LG,1
Henry Byrd,MIN,LG2,1,LG,2
Vershon Lee,MIN,LG3,1,LG,3
Delby Lemieux,MIN,LG4,1,LG,4
Blake Brandel,MIN,C1,1,C,1
Michael Jurgens,MIN,C2,1,C,2
Gavin Gerhardt,MIN,C3,1,C,3
Will Fries,MIN,RG1,1,RG,1
Joe Huber,MIN,RG2,1,RG,2
Tomas Rimac,MIN,RG3,1,RG,3
Brian O'Neill,MIN,RT1,1,RT,1
Ryan Van Demark,MIN,RT2,1,RT,2
Walter Rouse,MIN,RT3,1,RT,3
Tua Tagovailoa,ATL,QB1,1,QB,1
Michael Penix Jr.,ATL,QB2,0,QB,2
Trevor Siemian,ATL,QB3,0,QB,3
Jack Strand,ATL,QB4,1,QB,4
Bijan Robinson,ATL,RB1,1,RB,1
Brian Robinson Jr.,ATL,RB2,1,RB,2
Tyler Goodson,ATL,RB3,1,RB,3
Nathan Carter,ATL,RB4,1,RB,4
Drake London,ATL,WR1,0,WR1,1
Zachariah Branch,ATL,WR4+,1,WR1,2
Chris Blair,ATL,WR4+,1,WR1,3
Keelan Marion,ATL,WR4+,1,WR1,4
Jahan Dotson,ATL,WR2,1,WR2,1
Dylan Drummond,ATL,WR4+,1,WR2,2
Juice Wells Jr.,ATL,WR4+,1,WR2,3
Olamide Zaccheaus,ATL,WR3,1,WR3,1
Vinny Anthony II,ATL,WR4+,1,WR3,2
Le'Meke Brockington,ATL,WR4+,1,WR3,3
Kyle Pitts Sr.,ATL,TE1,1,TE,1
Austin Hooper,ATL,TE2,1,TE,2
Charlie Woerner,ATL,TE3,1,TE,3
Joshua Simon,ATL,TE4,1,TE,4
Jake Matthews,ATL,LT1,1,LT,1
Jack Nelson,ATL,LT2,1,LT,2
Riley Mahlman,ATL,LT3,1,LT,3
Matthew Bergeron,ATL,LG1,1,LG,1
Kyle Hinton,ATL,LG2,1,LG,2
Kam Dewberry,ATL,LG3,1,LG,3
Layden Robinson,ATL,LG4,1,LG,4
Ryan Neuzil,ATL,C1,1,C,1
Corey Levin,ATL,C2,0,C,2
James Brockermeyer,ATL,C3,1,C,3
Chris Lindstrom,ATL,RG1,1,RG,1
Ethan Onianwa,ATL,RG2,1,RG,2
Andrew Stueber,ATL,RG3,1,RG,3
Brandon Walton,ATL,RG4,1,RG,4
Jawaan Taylor,ATL,RT1,0,RT,1
Wanya Morris,ATL,RT2,1,RT,2
Michael Jerrell,ATL,RT3,1,RT,3
Storm Norton,ATL,RT4,-1,RT,4
Bryce Young,CAR,QB1,1,QB,1
Kenny Pickett,CAR,QB2,1,QB,2
Haynes King,CAR,QB3,1,QB,3
Chuba Hubbard,CAR,RB1,1,RB,1
Jonathon Brooks,CAR,RB2,1,RB,2
Trevor Etienne,CAR,RB3,1,RB,3
AJ Dillon,CAR,RB4,1,RB,4
Tetairoa McMillan,CAR,WR1,1,WR1,1
Chris Brazzell II,CAR,WR4+,0,WR1,2
Brycen Tremayne,CAR,WR4+,1,WR1,3
Ainias Smith,CAR,WR4+,1,WR1,4
Jalen Coker,CAR,WR2,1,WR2,1
Jimmy Horn Jr.,CAR,WR4+,1,WR2,2
David Moore,CAR,WR4+,1,WR2,3
Ja'seem Reed,CAR,WR4+,1,WR2,4
Xavier Legette,CAR,WR3,1,WR3,1
John Metchie III,CAR,WR4+,1,WR3,2
Dan Chisena,CAR,WR4+,0,WR3,3
Malick Meiga,CAR,WR4+,1,WR3,4
Tommy Tremble,CAR,TE1,1,TE,1
Ja'Tavion Sanders,CAR,TE2,1,TE,2
Mitchell Evans,CAR,TE3,0,TE,3
Feleipe Franks,CAR,TE4,1,TE,4
Ikem Ekwonu,CAR,LT1,-1,LT,1
Monroe Freeling,CAR,LT2,1,LT,2
Rasheed Walker,CAR,LT3,1,LT,3
Stone Forsythe,CAR,LT4,1,LT,4
Damien Lewis,CAR,LG1,0,LG,1
Saahdiq Charles,CAR,LG2,1,LG,2
Luke Fortner,CAR,C1,1,C,1
Sam Hecht,CAR,C2,1,C,2
Nick Samac,CAR,C3,1,C,3
Robert Hunt,CAR,RG1,1,RG,1
Brady Christensen,CAR,RG2,1,RG,2
Chandler Zavala,CAR,RG3,1,RG,3
Ja'Tyre Carter,CAR,RG4,1,RG,4
Taylor Moton,CAR,RT1,-1,RT,1
Monroe Freeling,CAR,RT2,1,RT,2
Albert Reese IV,CAR,RT3,1,RT,3
Tyler Shough,NO,QB1,1,QB,1
Spencer Rattler,NO,QB2,1,QB,2
Zach Wilson,NO,QB3,1,QB,3
Hunter Dekkers,NO,QB4,1,QB,4
Travis Etienne Jr.,NO,RB1,1,RB,1
Alvin Kamara,NO,RB2,1,RB,2
Devin Neal,NO,RB3,0,RB,3
Kendre Miller,NO,RB4,0,RB,4
Chris Olave,NO,WR1,1,WR1,1
Bryce Lance,NO,WR4+,1,WR1,2
Mason Tipton,NO,WR4+,-1,WR1,3
Bub Means,NO,WR4+,0,WR1,4
Jordyn Tyson,NO,WR2,1,WR2,1
Ja'Lynn Polk,NO,WR4+,1,WR2,2
Ronnie Bell,NO,WR4+,1,WR2,3
Kevin Austin Jr.,NO,WR4+,1,WR2,4
Devaughn Vele,NO,WR3,1,WR3,1
Barion Brown,NO,WR4+,1,WR3,2
Trey Palmer,NO,WR4+,1,WR3,3
Jalen Moreno-Cropper,NO,WR4+,1,WR3,4
Juwan Johnson,NO,TE1,1,TE,1
Noah Fant,NO,TE2,1,TE,2
Oscar Delp,NO,TE3,1,TE,3
Moliki Matavao,NO,TE4,1,TE,4
Kelvin Banks Jr.,NO,LT1,1,LT,1
Barry Wesley,NO,LT2,1,LT,2
Asim Richards,NO,LT3,1,LT,3
David Edwards,NO,LG1,1,LG,1
Dillon Radunz,NO,LG2,1,LG,2
Easton Kilty,NO,LG3,1,LG,3
Nick Saldiveri,NO,LG4,-1,LG,4
Erik McCoy,NO,C1,0,C,1
Torricelli Simpkins III,NO,C2,1,C,2
Cesar Ruiz,NO,RG1,1,RG,1
Jeremiah Wright,NO,RG2,1,RG,2
William Sherman,NO,RG3,1,RG,3
Taliese Fuaga,NO,RT1,1,RT,1
Xavier Truss,NO,RT2,1,RT,2
Alan Herron,NO,RT3,1,RT,3
Alex Wollschlaeger,NO,RT4,1,RT,4
Baker Mayfield,TB,QB1,1,QB,1
Jake Browning,TB,QB2,1,QB,2
Connor Bazelak,TB,QB3,1,QB,3
Jalon Daniels,TB,QB4,1,QB,4
Bucky Irving,TB,RB1,0,RB,1
Kenny Gainwell,TB,RB2,1,RB,2
Sean Tucker,TB,RB3,1,RB,3
Josh Williams,TB,RB4,1,RB,4
Emeka Egbuka,TB,WR1,1,WR1,1
Ted Hurst III,TB,WR4+,1,WR1,2
David Sills V,TB,WR4+,1,WR1,3
Eric Rivers Jr.,TB,WR4+,1,WR1,4
Chris Godwin Jr.,TB,WR2,1,WR2,1
Tez Johnson,TB,WR4+,1,WR2,2
Dennis Houston,TB,WR4+,1,WR2,3
Dean Patterson,TB,WR4+,1,WR2,4
Jalen McMillan,TB,WR3,1,WR3,1
Kameron Johnson,TB,WR4+,1,WR3,2
Garrett Greene,TB,WR4+,1,WR3,3
Cade Otton,TB,TE1,1,TE,1
Payne Durham,TB,TE2,1,TE,2
Ko Kieft,TB,TE3,0,TE,3
Bauer Sharp,TB,TE4,1,TE,4
Tristan Wirfs,TB,LT1,1,LT,1
Benjamin Chukwuma,TB,LT2,1,LT,2
Marshall Foerner,TB,LT3,1,LT,3
Ben Bredeson,TB,LG1,1,LG,1
Elijah Klein,TB,LG2,1,LG,2
Billy Schrauth,TB,LG3,1,LG,3
Nash Hutmacher,TB,LG4,1,LG,4
Graham Barton,TB,C1,1,C,1
Ben Scott,TB,C2,1,C,2
Cody Mauch,TB,RG1,1,RG,1
Dan Feeney,TB,RG2,1,RG,2
Luke Haggard,TB,RG3,1,RG,3
Henry Lutovsky,TB,RG4,1,RG,4
Luke Goedeke,TB,RT1,1,RT,1
Justin Skule,TB,RT2,1,RT,2
Paul Rubelt,TB,RT3,1,RT,3
Jacoby Brissett,ARI,QB1,1,QB,1
Gardner Minshew II,ARI,QB2,1,QB,2
Carson Beck,ARI,QB3,1,QB,3
Kedon Slovis,ARI,QB4,1,QB,4
Jeremiyah Love,ARI,RB1,1,RB,1
Tyler Allgeier,ARI,RB2,1,RB,2
James Conner,ARI,RB3,1,RB,3
Trey Benson,ARI,RB4,1,RB,4
Marvin Harrison Jr.,ARI,WR1,1,WR1,1
Xavier Weaver,ARI,WR4+,1,WR1,2
Simi Fehoko,ARI,WR4+,1,WR1,3
Harrison Wallace III,ARI,WR4+,1,WR1,4
Michael Wilson,ARI,WR2,1,WR2,1
Reggie Virgil,ARI,WR4+,1,WR2,2
Jalen Brooks,ARI,WR4+,1,WR2,3
Bryson Green,ARI,WR4+,1,WR2,4
Kendrick Bourne,ARI,WR3,1,WR3,1
Devin Duvernay,ARI,WR4+,1,WR3,2
Tejhaun Palmer,ARI,WR4+,1,WR3,3
Ihmir Smith-Marsette,ARI,WR4+,1,WR3,4
Trey McBride,ARI,TE1,1,TE,1
Tip Reiman,ARI,TE2,-1,TE,2
Elijah Higgins,ARI,TE3,1,TE,3
Teagan Quitoriano,ARI,TE4,1,TE,4
Paris Johnson Jr.,ARI,LT1,1,LT,1
Josh Fryar,ARI,LT2,1,LT,2
Christian Jones,ARI,LT3,1,LT,3
Valentin Senn,ARI,LT4,0,LT,4
Isaac Seumalo,ARI,LG1,1,LG,1
Jon Gaines II,ARI,LG2,1,LG,2
Hjalte Froholdt,ARI,C1,1,C,1
Hayden Conner,ARI,C2,1,C,2
Ka'ena De Cambra,ARI,C3,1,C,3
Isaiah Adams,ARI,RG1,1,RG,1
Chase Bisontis,ARI,RG2,1,RG,2
Matt Pryor,ARI,RG3,1,RG,3
Elijah Wilkinson,ARI,RT1,1,RT,1
Olisaemeka Udoh,ARI,RT2,1,RT,2
Jayden Williams,ARI,RT3,1,RT,3
Demontrey Jacobs,ARI,RT4,1,RT,4
Matthew Stafford,LAR,QB1,1,QB,1
Ty Simpson,LAR,QB2,1,QB,2
Stetson Bennett IV,LAR,QB3,1,QB,3
Matthew Caldwell,LAR,QB4,1,QB,4
Kyren Williams,LAR,RB1,1,RB,1
Blake Corum,LAR,RB2,1,RB,2
Ronnie Rivers,LAR,RB3,1,RB,3
Jarquez Hunter,LAR,RB4,1,RB,4
Puka Nacua,LAR,WR1,1,WR1,1
Xavier Smith,LAR,WR4+,1,WR1,2
Tyler Scott,LAR,WR4+,1,WR1,3
Tru Edwards,LAR,WR4+,1,WR1,4
Davante Adams,LAR,WR2,1,WR2,1
Konata Mumpfield,LAR,WR4+,1,WR2,2
Mario Williams,LAR,WR4+,1,WR2,3
Jordan Whittington,LAR,WR3,1,WR3,1
CJ Daniels,LAR,WR4+,1,WR3,2
Brennan Presley,LAR,WR4+,1,WR3,3
Colby Parkinson,LAR,TE1,1,TE,1
Tyler Higbee,LAR,TE2,1,TE,2
Terrance Ferguson,LAR,TE3,1,TE,3
Max Klare,LAR,TE4,1,TE,4
Alaric Jackson,LAR,LT1,1,LT,1
David Quessenberry,LAR,LT2,1,LT,2
AJ Arcuri,LAR,LT3,1,LT,3
Steve Avila,LAR,LG1,1,LG,1
Beaux Limmer,LAR,LG2,1,LG,2
Wyatt Bowles,LAR,LG3,1,LG,3
Bill Murray,LAR,LG4,1,LG,4
Coleman Shelton,LAR,C1,1,C,1
Dylan McMahon,LAR,C2,1,C,2
Austin Blaske,LAR,C3,1,C,3
Kevin Dotson,LAR,RG1,1,RG,1
Justin Dedich,LAR,RG2,-1,RG,2
Blake Hance,LAR,RG3,1,RG,3
Warren McClendon Jr.,LAR,RT1,1,RT,1
Keagen Trost,LAR,RT2,1,RT,2
Bryce Henderson,LAR,RT3,1,RT,3
Brock Purdy,SF,QB1,1,QB,1
Mac Jones,SF,QB2,0,QB,2
Kurtis Rourke,SF,QB3,1,QB,3
Adrian Martinez,SF,QB4,1,QB,4
Christian McCaffrey,SF,RB1,1,RB,1
Jordan James,SF,RB2,1,RB,2
Kaelon Black,SF,RB3,1,RB,3
Isaac Guerendo,SF,RB4,-1,RB,4
Mike Evans,SF,WR1,1,WR1,1
De'Zhaun Stribling,SF,WR4+,1,WR1,2
Jacob Cowing,SF,WR4+,1,WR1,3
Colton Dowell,SF,WR4+,1,WR1,4
Ricky Pearsall,SF,WR2,1,WR2,1
Demarcus Robinson,SF,WR4+,1,WR2,2
Brandon Aiyuk,SF,WR4+,-1,WR2,3
Junior Bergen,SF,WR4+,1,WR2,4
Christian Kirk,SF,WR3,0,WR3,1
Jordan Watkins,SF,WR4+,1,WR3,2
Malik Turner,SF,WR4+,1,WR3,3
Wesley Grimes,SF,WR4+,1,WR3,4
George Kittle,SF,TE1,-1,TE,1
Jake Tonges,SF,TE2,1,TE,2
Luke Farrell,SF,TE3,1,TE,3
Brayden Willis,SF,TE4,1,TE,4
Kyle Juszczyk,SF,FB1,1,FB,1
Trent Williams,SF,LT1,1,LT,1
Austen Pleasants,SF,LT2,1,LT,2
Vederian Lowe,SF,LT3,0,LT,3
Isaac Alarcon,SF,LT4,1,LT,4
Robert Jones,SF,LG1,1,LG,1
Connor Colby,SF,LG2,1,LG,2
Nick Zakelj,SF,LG3,1,LG,3
Jake Brendel,SF,C1,1,C,1
Brett Toth,SF,C2,1,C,2
Drake Nugent,SF,C3,1,C,3
Dominick Puni,SF,RG1,1,RG,1
Carver Willis,SF,RG2,1,RG,2
Colton McKivitz,SF,RT1,1,RT,1
Enrique Cruz Jr.,SF,RT2,1,RT,2
Brandon Parker,SF,RT3,1,RT,3
Sam Darnold,SEA,QB1,1,QB,1
Drew Lock,SEA,QB2,1,QB,2
Jalen Milroe,SEA,QB3,1,QB,3
Zach Charbonnet,SEA,RB1,-1,RB,1
Jadarian Price,SEA,RB2,1,RB,2
George Holani,SEA,RB3,1,RB,3
Emanuel Wilson,SEA,RB4,1,RB,4
Jaxon Smith-Njigba,SEA,WR1,1,WR1,1
Tory Horton,SEA,WR4+,1,WR1,2
Cody White,SEA,WR4+,1,WR1,3
Montorie Foster Jr.,SEA,WR4+,1,WR1,4
Rashid Shaheed,SEA,WR2,1,WR2,1
Jake Bobo,SEA,WR4+,1,WR2,2
Ricky White III,SEA,WR4+,1,WR2,3
Rashad Rochelle,SEA,WR4+,1,WR2,4
Cooper Kupp,SEA,WR3,1,WR3,1
Emmanuel Henderson Jr.,SEA,WR4+,1,WR3,2
Irv Charles,SEA,WR4+,1,WR3,3
AJ Barner,SEA,TE1,1,TE,1
Elijah Arroyo,SEA,TE2,1,TE,2
Eric Saubert,SEA,TE3,1,TE,3
Nick Vannett,SEA,TE4,1,TE,4
Robbie Ouzts,SEA,FB1,1,FB,1
Brady Russell,SEA,FB2,1,FB,2
Charles Cross,SEA,LT1,1,LT,1
Josh Jones,SEA,LT2,1,LT,2
Logan Brown,SEA,LT3,1,LT,3
Grey Zabel,SEA,LG1,1,LG,1
Beau Stephens,SEA,LG2,1,LG,2
Jalen Sundell,SEA,C1,1,C,1
Olu Oluwatimi,SEA,C2,1,C,2
Federico Maranges,SEA,C3,1,C,3
Anthony Bradford,SEA,RG1,1,RG,1
Christian Haynes,SEA,RG2,1,RG,2
Bryce Cabeldue,SEA,RG3,1,RG,3
Abraham Lucas,SEA,RT1,1,RT,1
Amari Kight,SEA,RT2,1,RT,2
Mason Richman,SEA,RT3,1,RT,3
Bobby Hart,SEA,RT4,1,RT,4
