defense,seasons_blended,QB PY avg,P TD avg,QB RY avg,RB1 RY avg,RB2+ RY avg,WR RY avg,RB1 Recep avg,RB1 RecY avg,RB2 Recep avg,RB2 RecY avg,WR1 Recep avg,WR1 RecY avg,WR2 Recep avg,WR2 RecY avg,WR3 Recep avg,WR3 RecY avg,WR4+ Recep avg,WR4+ RecY avg,TE1 Recep avg,TE1 RecY avg,TE2 Recep avg,TE2 RecY avg,QB TD avg,RB1 TD avg,RB2 TD avg,WR1 TD avg,WR2 TD avg,WR3 TD avg,WR4+ TD avg,TE1 TD avg,TE2 TD avg,D/ST TD avg,QB P+R avg,RB R+R avg,QB PY rank,P TD rank,QB RY rank,RB1 RY rank,RB2+ RY rank,WR RY rank,RB1 Recep rank,RB1 RecY rank,RB2 Recep rank,RB2 RecY rank,WR1 Recep rank,WR1 RecY rank,WR2 Recep rank,WR2 RecY rank,WR3 Recep rank,WR3 RecY rank,WR4+ Recep rank,WR4+ RecY rank,TE1 Recep rank,TE1 RecY rank,TE2 Recep rank,TE2 RecY rank,QB TD rank,RB1 TD rank,RB2 TD rank,WR1 TD rank,WR2 TD rank,WR3 TD rank,WR4+ TD rank,TE1 TD rank,TE2 TD rank,D/ST TD rank,QB P+R rank,RB R+R rank,QB *,RB1 *,RB2 *,WR1 *,WR2 *,WR3 *,WR4+ *,TE1 *,TE2 *,D/ST *
ARI,2024+2025+2026x2,242.38,2.12,14.84,62.44,40.8,3.81,2.41,20.21,0.87,5.74,5.62,82.83,2.75,42.51,1.5,20.93,0.68,9.43,4.21,45.34,1.54,15.38,0.12,0.6,0.2,0.98,0.36,0.06,0.03,0.52,0.17,0.2,257.22,129.19,9.0,2.0,24.0,22.0,3.0,12.0,22.0,12.0,32.0,32.0,8.0,5.0,26.0,17.0,26.5,25.0,29.5,23.0,8.0,9.0,12.5,12.0,24.0,20.0,19.5,1.0,8.0,27.0,28.0,3.0,10.0,4.0,12.0,14.0,14.2,18.0,20.1,4.67,17.0,26.17,26.83,6.67,11.5,4.0
ATL,2024+2025+2026x2,251.78,1.77,12.85,49.27,21.15,1.76,3.31,20.68,2.0,9.34,5.41,78.48,4.9,52.19,2.01,30.9,1.12,9.98,3.62,33.42,1.57,17.63,0.09,0.62,0.12,0.39,0.46,0.09,0.06,0.22,0.32,0.32,264.63,100.44,5.0,8.0,30.0,29.0,29.0,26.0,5.0,10.0,8.0,24.0,15.0,7.0,1.0,7.0,16.0,7.0,12.0,22.0,17.0,18.0,10.0,8.0,27.0,16.5,26.5,18.0,4.0,19.0,18.5,23.0,3.0,1.0,6.0,31.0,15.2,18.3,23.7,13.33,4.0,14.0,17.5,19.33,7.0,1.0
BAL,2024+2025+2026x2,244.93,1.22,17.08,54.05,22.06,3.34,2.58,17.24,2.1,8.11,6.46,93.5,4.19,44.23,1.9,24.16,1.46,14.84,3.08,31.33,1.26,11.63,0.26,0.69,0.2,0.33,0.28,0.09,0.17,0.34,0.06,0.02,262.01,101.46,8.0,27.5,17.0,27.0,28.0,16.0,18.0,22.0,4.0,27.0,2.0,2.0,2.0,12.0,17.0,19.5,7.0,9.0,28.0,23.0,24.0,22.0,8.5,10.0,19.5,22.0,14.5,19.0,7.5,14.0,24.0,29.0,7.0,30.0,13.6,21.4,21.7,8.67,9.5,18.5,7.83,21.67,23.33,29.0
BUF,2024+2025+2026x2,239.86,1.94,20.9,63.26,33.14,3.57,2.94,23.54,2.02,13.99,5.6,72.35,3.48,45.24,2.12,27.09,0.96,14.48,3.21,31.6,1.32,11.58,0.09,0.99,0.3,0.78,0.19,0.06,0.17,0.23,0.04,0.03,260.76,133.93,11.0,5.0,7.0,18.0,9.0,13.0,8.0,7.0,7.0,9.0,10.0,12.0,10.0,10.0,14.0,13.0,20.0,10.0,26.0,22.0,22.5,23.0,27.0,2.5,10.0,2.0,23.5,27.0,7.5,20.0,27.0,24.5,9.0,8.0,11.8,8.7,8.6,8.0,14.5,18.0,12.5,22.67,24.17,24.5
CAR,2024+2025+2026x2,234.03,1.44,27.66,82.96,40.85,1.44,2.53,16.83,2.04,17.99,5.46,65.29,3.39,42.68,1.76,28.94,0.94,7.61,4.01,43.28,1.12,11.86,0.37,0.82,0.38,0.28,0.16,0.03,0.14,0.65,0.13,0.06,261.69,158.63,15.0,17.0,2.0,2.0,2.0,28.0,20.0,23.0,6.0,3.0,14.0,17.0,12.0,16.0,20.0,8.0,21.0,30.0,10.0,10.0,26.0,20.0,3.0,5.0,6.0,26.0,28.0,31.0,11.5,2.0,16.0,17.0,8.0,1.0,9.0,10.2,3.6,19.0,18.67,19.67,20.83,7.33,20.67,17.0
CHI,2024+2025+2026x2,215.03,1.22,17.15,73.23,25.91,2.56,1.91,13.6,1.38,16.35,4.87,65.95,3.04,52.64,1.09,10.86,0.68,10.5,2.83,27.67,1.46,17.45,0.34,0.59,0.13,0.52,0.26,0.09,0.03,0.12,0.04,0.02,232.18,129.1,26.0,27.5,16.0,7.0,20.0,21.0,30.0,30.0,25.0,4.0,20.0,16.0,20.0,5.0,32.0,32.0,29.5,21.0,31.0,31.0,18.0,9.0,5.0,21.5,23.0,9.0,17.0,19.0,28.0,28.5,27.0,29.0,25.0,15.0,19.9,20.7,17.4,15.0,14.0,27.67,26.17,30.17,18.0,29.0
CIN,2024+2025+2026x2,256.32,1.38,21.11,69.39,22.09,4.88,2.97,25.16,1.82,13.24,3.56,46.15,2.72,35.88,1.86,23.47,1.66,23.5,5.18,59.66,2.04,29.09,0.23,0.45,0.34,0.3,0.23,0.2,0.23,0.26,0.12,0.3,277.44,129.87,4.0,22.0,5.5,12.0,27.0,5.0,7.0,4.0,11.0,13.0,32.0,32.0,27.0,23.0,18.0,22.0,1.0,1.0,2.0,1.0,6.0,1.0,10.5,25.0,8.0,24.0,19.5,7.5,4.0,17.0,17.5,3.0,5.0,13.0,9.4,12.2,14.4,29.33,23.17,15.83,2.0,6.67,8.17,3.0
CLE,2024+2025+2026x2,230.77,1.86,13.11,72.22,24.9,4.54,2.54,17.78,1.4,6.23,3.96,57.6,2.76,39.98,2.21,33.61,1.55,20.78,3.24,29.27,2.37,26.27,0.03,0.38,0.06,0.48,0.3,0.22,0.34,0.36,0.24,0.13,243.88,121.12,17.0,6.0,28.0,9.0,21.0,7.0,19.0,17.0,24.0,31.0,31.0,23.0,25.0,19.0,11.5,5.0,3.0,4.0,24.5,28.0,2.0,2.0,31.0,27.0,32.0,11.0,13.0,5.5,2.0,11.0,4.5,9.5,17.0,22.0,19.8,18.8,26.0,21.67,19.0,7.33,3.0,21.17,2.83,9.5
DAL,2024+2025+2026x2,247.22,2.05,37.48,61.3,34.8,6.93,1.7,17.3,2.06,13.8,4.35,55.51,3.91,61.45,2.44,26.15,1.48,23.3,3.47,33.39,1.56,16.34,0.26,0.74,0.43,0.54,0.41,0.26,0.08,0.41,0.14,0.03,284.71,127.18,6.0,4.0,1.0,23.0,6.0,1.0,32.0,21.0,5.0,10.0,28.0,25.0,4.0,1.0,6.0,15.0,4.0,2.0,19.0,19.0,11.0,10.0,7.0,7.0,3.5,7.0,7.0,3.0,14.5,8.5,14.5,24.5,4.0,16.0,4.4,19.8,8.1,20.0,4.0,8.0,6.83,15.5,11.83,24.5
DEN,2024+2025+2026x2,235.62,1.34,17.78,73.81,20.42,6.34,2.92,22.11,1.66,14.84,5.15,69.55,3.6,42.8,1.36,19.25,0.57,7.3,4.16,47.15,1.52,13.16,0.22,0.76,0.13,0.09,0.44,0.06,0.04,0.38,0.03,0.0,253.41,131.18,14.0,23.5,13.0,5.0,30.0,2.0,9.0,8.0,15.0,6.0,17.0,13.0,9.0,15.0,30.0,27.0,32.0,32.0,9.0,5.0,14.0,17.0,13.0,6.0,23.0,32.0,5.0,27.0,23.0,10.0,30.0,32.0,13.0,11.0,15.3,7.8,17.0,20.67,9.67,28.0,29.0,8.0,20.33,32.0
DET,2024+2025+2026x2,287.0,2.08,21.97,69.46,18.1,3.12,2.66,16.82,1.24,7.03,7.3,98.73,3.1,37.66,2.97,40.6,0.68,11.8,4.27,51.98,2.65,22.38,0.4,0.64,0.26,0.62,0.26,0.12,0.14,0.51,0.4,0.02,308.97,111.42,1.0,3.0,4.0,11.0,31.0,17.0,17.0,24.0,28.0,29.0,1.0,1.0,18.0,20.0,2.0,2.0,28.0,19.0,5.0,3.0,1.0,4.0,2.0,14.5,15.5,5.0,17.0,13.5,11.5,4.0,2.0,29.0,1.0,25.0,2.2,18.3,25.7,2.33,18.33,5.83,19.5,4.0,2.33,29.0
GB,2024+2025+2026x2,210.18,1.44,17.31,75.74,26.81,4.03,2.11,18.72,1.71,11.9,5.54,73.24,3.1,32.49,2.41,23.74,1.03,8.04,3.5,32.26,1.38,9.8,0.04,0.67,0.73,0.47,0.22,0.15,0.06,0.34,0.06,0.06,227.48,133.18,29.0,16.0,15.0,4.0,18.0,10.0,28.0,16.0,14.0,18.0,12.0,11.0,16.5,28.0,8.0,21.0,15.0,27.0,18.0,20.0,20.0,27.0,29.0,12.5,1.0,12.5,21.0,11.5,18.5,15.0,24.0,17.0,28.0,9.0,23.4,13.9,12.0,11.83,21.83,13.5,20.17,17.67,23.67,17.0
HOU,2024+2025+2026x2,245.04,1.5,15.04,63.92,14.15,0.41,2.8,13.46,1.08,8.62,6.2,85.77,3.73,51.71,1.84,28.72,0.84,7.48,3.86,39.82,1.12,10.01,0.31,0.62,0.1,0.41,0.51,0.23,0.06,0.2,0.03,0.03,260.08,100.15,7.0,14.5,23.0,16.0,32.0,32.0,12.0,31.0,30.5,25.0,4.0,4.0,7.0,8.0,19.0,10.0,25.0,31.0,12.0,12.0,25.0,25.0,6.0,16.5,28.0,16.0,2.5,4.0,18.5,24.0,30.0,24.5,11.0,32.0,12.3,21.5,29.5,8.0,5.83,11.0,24.83,16.0,26.67,24.5
IND,2024+2025+2026x2,264.33,1.5,22.54,70.92,26.8,3.54,2.71,24.59,1.45,12.29,4.7,66.8,3.02,41.58,2.53,42.07,1.62,19.25,4.27,46.0,1.47,12.09,0.23,0.64,0.3,0.44,0.1,0.15,0.3,0.23,0.24,0.08,286.88,134.6,3.0,14.5,3.0,10.0,19.0,14.0,16.0,5.0,21.0,15.0,22.0,15.0,21.0,18.0,4.0,1.0,2.0,5.0,6.0,7.0,16.0,18.0,10.5,14.5,11.5,15.0,31.0,11.5,3.0,20.0,4.5,14.0,3.0,6.0,6.8,10.3,14.5,17.33,23.33,5.5,3.33,11.0,12.83,14.0
JAX,2024+2025+2026x2,268.96,1.17,19.08,42.86,24.36,4.26,3.35,24.15,2.54,18.89,6.45,89.44,2.85,43.01,2.46,28.82,1.47,22.16,2.84,31.24,1.46,13.62,0.23,0.29,0.29,0.24,0.26,0.06,0.04,0.32,0.17,0.03,288.03,110.26,2.0,29.0,11.0,32.0,22.0,8.0,3.5,6.0,3.0,2.0,3.0,3.0,24.0,14.0,5.0,9.0,6.0,3.0,30.0,24.0,17.0,15.0,12.0,30.0,13.0,27.5,17.0,27.0,23.0,16.0,10.0,24.5,2.0,27.0,11.2,19.7,13.4,11.17,18.33,13.67,10.67,23.33,14.0,24.5
KC,2024+2025+2026x2,224.16,1.12,19.7,49.71,23.24,5.16,2.38,21.08,1.88,11.27,5.04,55.81,2.67,34.12,1.42,12.64,1.48,18.71,4.76,48.88,2.13,21.66,0.15,0.42,0.26,0.13,0.13,0.1,0.06,0.48,0.16,0.02,243.87,105.3,19.0,30.0,10.0,28.0,25.0,4.0,23.0,9.0,9.0,20.0,18.0,24.0,28.0,25.0,29.0,31.0,5.0,6.0,3.0,4.0,5.0,5.0,20.5,26.0,15.5,31.0,29.5,15.5,18.5,6.0,12.5,29.0,18.0,29.0,19.5,23.0,19.7,24.33,27.5,25.17,9.83,4.33,7.5,29.0
LAC,2024+2025+2026x2,216.65,1.34,15.79,72.31,23.48,4.74,2.38,15.45,1.74,13.45,5.74,76.24,2.37,27.61,1.49,26.29,0.96,12.7,3.45,37.04,1.04,7.9,0.36,0.55,0.23,0.33,0.2,0.12,0.4,0.24,0.0,0.04,232.44,124.68,25.0,23.5,21.0,8.0,23.0,6.0,24.0,28.0,13.0,11.0,7.0,9.0,31.0,32.0,28.0,14.0,19.0,16.0,20.0,13.0,29.0,30.0,4.0,23.0,17.0,21.0,22.0,13.5,1.0,18.0,32.0,20.5,24.0,18.0,19.5,20.2,16.4,12.33,28.33,18.5,12.0,17.0,30.33,20.5
LAR,2024+2025+2026x2,195.42,1.68,15.89,55.84,32.6,6.18,2.88,17.55,1.75,13.43,4.1,47.55,3.3,37.25,2.16,34.07,0.66,7.77,3.33,29.63,1.08,8.58,0.18,0.16,0.12,0.46,0.23,0.56,0.06,0.15,0.2,0.17,211.31,119.42,31.0,9.0,20.0,26.0,10.0,3.0,10.0,19.0,12.0,12.0,29.0,31.0,14.0,22.0,13.0,4.0,31.0,28.0,21.5,27.0,28.0,29.0,15.5,32.0,25.0,14.0,19.5,1.0,18.5,26.0,7.5,6.0,32.0,23.0,21.5,22.0,16.4,24.67,18.5,6.0,25.83,24.83,21.5,6.0
LV,2024+2025+2026x2,223.75,1.64,17.7,76.16,29.48,2.27,2.36,15.63,1.6,10.99,4.48,59.42,3.66,55.74,1.32,21.6,1.01,11.42,3.33,30.73,2.18,18.05,0.26,0.67,0.18,0.24,0.34,0.09,0.06,0.41,0.44,0.1,241.45,132.27,20.0,10.0,14.0,3.0,16.0,24.0,25.5,27.0,18.0,21.0,26.0,21.0,8.0,4.0,31.0,24.0,16.0,20.0,21.5,25.0,3.0,7.0,8.5,12.5,21.0,27.5,9.0,19.0,18.5,8.5,1.0,11.0,19.0,10.0,14.3,15.6,17.2,24.83,7.0,24.67,18.17,18.33,3.67,11.0
MIA,2024+2025+2026x2,231.46,1.62,12.74,65.9,32.46,2.07,3.35,26.21,1.41,12.05,4.46,51.96,2.32,30.38,2.29,22.96,1.32,15.62,5.3,58.35,1.36,13.92,0.18,1.08,0.27,0.18,0.18,0.18,0.03,0.35,0.12,0.08,244.2,136.63,16.0,11.0,31.0,14.0,11.0,25.0,3.5,3.0,23.0,17.0,27.0,28.0,32.0,30.0,9.0,23.0,8.0,8.0,1.0,2.0,21.0,14.0,15.5,1.0,14.0,29.0,25.0,9.5,28.0,12.5,17.5,14.0,16.0,5.0,17.9,5.3,14.0,28.0,29.0,13.83,14.67,5.17,17.5,14.0
MIN,2024+2025+2026x2,219.94,0.95,14.7,61.16,23.42,2.29,2.36,15.3,1.13,7.77,4.99,62.56,3.16,52.22,2.43,25.9,0.74,8.12,2.68,34.67,1.1,13.6,0.03,0.38,0.13,0.15,0.52,0.08,0.03,0.09,0.04,0.08,234.64,107.65,22.0,32.0,25.0,24.0,24.0,23.0,25.5,29.0,29.0,28.0,19.0,19.0,15.0,6.0,7.0,16.0,27.0,26.0,32.0,16.0,27.0,16.0,31.0,28.5,23.0,30.0,1.0,22.5,28.0,30.5,27.0,14.0,23.0,28.0,26.6,27.0,26.4,22.67,7.33,15.17,27.0,26.17,23.33,14.0
NE,2024+2025+2026x2,209.48,1.39,13.71,63.12,29.71,3.4,2.32,17.55,1.85,12.18,5.18,64.6,2.66,28.37,3.26,39.27,0.89,7.73,3.02,29.1,1.32,10.74,0.16,0.62,0.22,0.47,0.13,0.35,0.17,0.09,0.09,0.06,223.19,122.57,30.0,21.0,26.0,19.0,15.0,15.0,27.0,20.0,10.0,16.0,16.0,18.0,29.0,31.0,1.0,3.0,23.5,29.0,29.0,29.0,22.5,24.0,19.0,18.0,18.0,12.5,29.5,2.0,7.5,30.5,22.0,17.0,30.0,20.0,25.2,20.8,15.8,15.5,29.83,2.0,20.0,29.5,22.83,17.0
NO,2024+2025+2026x2,226.22,1.52,15.21,86.76,35.67,1.69,2.74,19.48,1.08,8.24,5.6,68.19,2.53,35.48,1.5,16.37,0.89,13.29,3.99,42.19,2.15,22.98,0.03,0.99,0.62,0.64,0.28,0.18,0.0,0.23,0.14,0.09,241.44,150.14,18.0,13.0,22.0,1.0,5.0,27.0,14.0,15.0,30.5,26.0,9.0,14.0,30.0,24.0,26.5,29.0,23.5,13.0,11.0,11.0,4.0,3.0,31.0,2.5,2.0,4.0,14.5,9.5,32.0,22.0,14.5,12.0,20.0,2.0,20.8,6.9,13.1,9.0,22.83,21.67,22.83,14.67,7.17,12.0
NYG,2024+2025+2026x2,220.21,1.83,16.19,73.58,33.78,1.4,2.87,16.12,1.3,10.5,5.82,81.0,3.06,33.54,1.59,20.91,1.07,11.88,3.78,30.38,1.89,16.17,0.13,0.72,0.3,0.55,0.42,0.04,0.1,0.23,0.16,0.13,236.4,133.99,21.0,7.0,19.0,6.0,8.0,30.0,11.0,26.0,26.0,22.0,6.0,6.0,19.0,27.0,25.0,26.0,14.0,18.0,13.0,26.0,7.0,11.0,22.5,8.0,11.5,6.0,6.0,30.0,13.0,20.0,12.5,9.5,22.0,7.0,18.3,11.6,14.9,6.0,17.33,27.0,15.0,19.67,10.17,9.5
NYJ,2024+2025+2026x2,211.56,1.4,13.09,62.66,46.36,3.98,2.5,19.98,1.58,12.54,4.58,52.67,3.31,37.55,2.26,33.12,0.93,9.07,3.66,35.52,1.58,11.67,0.15,0.91,0.43,0.5,0.09,0.2,0.04,0.12,0.1,0.04,224.65,141.55,28.0,19.0,29.0,21.0,1.0,11.0,21.0,13.0,19.0,14.0,23.0,27.0,13.0,21.0,10.0,6.0,22.0,24.0,16.0,15.0,9.0,21.0,20.5,4.0,3.5,10.0,32.0,7.5,23.0,28.5,19.0,20.5,29.0,3.0,25.1,12.4,8.1,20.0,22.0,7.83,23.0,19.83,16.33,20.5
PHI,2024+2025+2026x2,213.02,1.03,17.82,65.14,32.24,2.9,2.72,17.7,1.64,11.83,4.5,48.01,4.16,59.38,2.06,27.47,1.31,12.98,3.24,29.01,0.74,6.64,0.52,0.61,0.09,0.38,0.51,0.06,0.03,0.08,0.06,0.02,230.84,126.9,27.0,31.0,12.0,15.0,12.0,18.0,15.0,18.0,16.0,19.0,25.0,30.0,3.0,2.0,15.0,11.0,9.0,14.0,23.0,30.0,32.0,32.0,1.0,19.0,29.5,19.0,2.5,27.0,28.0,32.0,24.0,29.0,26.0,17.0,19.4,16.8,18.7,24.67,2.5,17.67,17.0,28.33,29.33,29.0
PIT,2024+2025+2026x2,238.92,1.4,13.69,62.84,31.32,1.43,3.55,29.04,1.28,7.0,4.79,61.8,3.44,56.5,2.21,27.41,1.18,8.2,3.24,34.03,1.5,14.93,0.1,0.46,0.34,0.28,0.32,0.09,0.03,0.48,0.03,0.17,252.61,130.2,12.0,20.0,27.0,20.0,13.0,29.0,2.0,1.0,27.0,30.0,21.0,20.0,11.0,3.0,11.5,12.0,10.5,25.0,24.5,17.0,15.0,13.0,25.0,24.0,9.0,25.0,12.0,19.0,28.0,5.0,30.0,6.0,15.0,12.0,19.8,11.8,18.2,22.0,8.67,14.17,21.17,15.5,19.33,6.0
SEA,2024+2025+2026x2,191.54,1.41,21.11,47.85,33.81,1.14,2.76,19.84,2.68,15.36,4.51,50.26,2.96,33.7,1.66,17.01,0.97,12.1,4.23,36.37,0.94,6.9,0.09,0.27,0.37,0.33,0.16,0.07,0.16,0.2,0.2,0.17,212.65,116.86,32.0,18.0,5.5,30.0,7.0,31.0,13.0,14.0,2.0,5.0,24.0,29.0,22.0,26.0,23.0,28.0,18.0,17.0,7.0,14.0,30.0,31.0,27.0,31.0,7.0,23.0,27.0,24.0,10.0,25.0,7.5,6.0,31.0,24.0,22.7,22.4,9.0,25.33,25.0,25.0,15.0,15.33,22.83,6.0
SF,2024+2025+2026x2,218.93,1.3,10.86,63.71,31.09,2.3,3.24,20.3,3.21,23.68,5.55,57.71,2.87,32.18,1.7,24.64,0.81,16.21,3.66,32.04,1.54,12.06,0.21,0.68,0.09,0.4,0.18,0.1,0.22,0.13,0.09,0.04,229.79,138.78,24.0,26.0,32.0,17.0,14.0,22.0,6.0,11.0,1.0,1.0,11.0,22.0,23.0,29.0,22.0,17.0,26.0,7.0,15.0,21.0,12.5,19.0,14.0,11.0,29.5,17.0,26.0,15.5,5.0,27.0,20.5,20.5,27.0,4.0,24.6,9.8,9.9,16.67,26.0,18.17,12.67,21.0,17.33,20.5
TB,2024+2025+2026x2,236.23,1.59,16.73,45.66,23.0,2.69,3.93,28.39,1.61,14.1,4.07,54.49,3.9,45.27,1.74,15.14,1.0,13.97,4.44,46.43,1.78,18.76,0.18,0.38,0.12,0.37,0.33,0.08,0.08,0.46,0.17,0.31,252.96,111.16,13.0,12.0,18.0,31.0,26.0,19.0,1.0,2.0,17.0,8.0,30.0,26.0,5.0,9.0,21.0,30.0,17.0,12.0,4.0,6.0,8.0,6.0,17.0,28.5,26.5,20.0,10.0,22.5,14.5,7.0,10.0,2.0,14.0,26.0,14.8,17.7,20.7,25.33,8.0,24.5,14.5,5.67,8.0,2.0
TEN,2024+2025+2026x2,219.57,1.32,20.38,60.2,38.33,4.22,1.96,16.27,1.44,9.48,6.17,75.37,3.1,44.62,1.6,24.16,1.18,12.81,3.2,27.36,1.43,9.54,0.13,0.59,0.39,0.53,0.19,0.02,0.17,0.35,0.09,0.16,239.95,124.29,23.0,25.0,8.0,25.0,4.0,9.0,29.0,25.0,22.0,23.0,5.0,10.0,16.5,11.0,24.0,19.5,10.5,15.0,27.0,32.0,19.0,28.0,22.5,21.5,5.0,8.0,23.5,32.0,7.5,12.5,20.5,8.0,21.0,19.0,19.9,23.9,14.6,7.67,17.0,25.17,11.0,23.83,22.5,8.0
WAS,2024+2025+2026x2,240.82,2.21,19.82,66.88,27.24,2.62,1.74,13.46,1.57,14.17,5.46,76.97,3.74,44.02,2.78,24.24,1.1,14.38,3.74,45.8,0.9,9.84,0.17,0.7,0.09,0.66,0.33,0.22,0.03,0.72,0.22,0.04,260.64,121.74,10.0,1.0,9.0,13.0,17.0,20.0,31.0,32.0,20.0,7.0,13.0,8.0,6.0,13.0,3.0,18.0,13.0,11.0,14.0,8.0,31.0,26.0,18.0,9.0,31.0,3.0,11.0,5.5,28.0,1.0,6.0,20.5,10.0,21.0,9.6,21.2,19.2,8.0,10.0,8.83,17.33,7.67,21.0,20.5
