week,date,vis,home,boxscore
1,2026-09-09,NE,SEA,202609090sea
1,2026-09-10,SF,LAR,202609100ram
1,2026-09-13,CHI,CAR,202609130car
1,2026-09-13,TB,CIN,202609130cin
1,2026-09-13,BAL,IND,202609130clt
1,2026-09-13,NO,DET,202609130det
1,2026-09-13,BUF,HOU,202609130htx
1,2026-09-13,CLE,JAX,202609130jax
1,2026-09-13,NYJ,TEN,202609130oti
1,2026-09-13,ATL,PIT,202609130pit
1,2026-09-13,GB,MIN,202609130min
1,2026-09-13,WAS,PHI,202609130phi
1,2026-09-13,MIA,LV,202609130rai
1,2026-09-13,ARI,LAC,202609130sdg
1,2026-09-13,DAL,NYG,202609130nyg
1,2026-09-14,DEN,KC,202609140kan
2,2026-09-17,DET,BUF,202609170buf
2,2026-09-20,CAR,ATL,202609200atl
2,2026-09-20,MIN,CHI,202609200chi
2,2026-09-20,CIN,HOU,202609200htx
2,2026-09-20,PIT,NE,202609200nwe
2,2026-09-20,GB,NYJ,202609200nyj
2,2026-09-20,PHI,TEN,202609200oti
2,2026-09-20,NO,BAL,202609200rav
2,2026-09-20,CLE,TB,202609200tam
2,2026-09-20,JAX,DEN,202609200den
2,2026-09-20,LV,LAC,202609200sdg
2,2026-09-20,SEA,ARI,202609200crd
2,2026-09-20,WAS,DAL,202609200dal
2,2026-09-20,MIA,SF,202609200sfo
2,2026-09-20,IND,KC,202609200kan
2,2026-09-21,NYG,LAR,202609210ram
3,2026-09-24,ATL,GB,202609240gnb
3,2026-09-27,LAC,BUF,202609270buf
3,2026-09-27,CAR,CLE,202609270cle
3,2026-09-27,HOU,IND,202609270clt
3,2026-09-27,NYJ,DET,202609270det
3,2026-09-27,NE,JAX,202609270jax
3,2026-09-27,KC,MIA,202609270mia
3,2026-09-27,TEN,NYG,202609270nyg
3,2026-09-27,CIN,PIT,202609270pit
3,2026-09-27,SEA,WAS,202609270was
3,2026-09-27,ARI,SF,202609270sfo
3,2026-09-27,MIN,TB,202609270tam
3,2026-09-27,BAL,DAL,202609270dal
3,2026-09-27,LV,NO,202609270nor
3,2026-09-27,LAR,DEN,202609270den
3,2026-09-28,PHI,CHI,202609280chi
4,2026-10-01,PIT,CLE,202610010cle
4,2026-10-04,IND,WAS,202610040was
4,2026-10-04,NE,BUF,202610040buf
4,2026-10-04,NYJ,CHI,202610040chi
4,2026-10-04,JAX,CIN,202610040cin
4,2026-10-04,DAL,HOU,202610040htx
4,2026-10-04,ARI,NYG,202610040nyg
4,2026-10-04,LAR,PHI,202610040phi
4,2026-10-04,TEN,BAL,202610040rav
4,2026-10-04,GB,TB,202610040tam
4,2026-10-04,MIA,MIN,202610040min
4,2026-10-04,KC,LV,202610040rai
4,2026-10-04,LAC,SEA,202610040sea
4,2026-10-04,DEN,SF,202610040sfo
4,2026-10-04,DET,CAR,202610040car
4,2026-10-05,ATL,NO,202610050nor
5,2026-10-08,TB,DAL,202610080dal
5,2026-10-11,PHI,JAX,202610110jax
5,2026-10-11,CIN,MIA,202610110mia
5,2026-10-11,MIN,NO,202610110nor
5,2026-10-11,LV,NE,202610110nwe
5,2026-10-11,CLE,NYJ,202610110nyj
5,2026-10-11,HOU,TEN,202610110oti
5,2026-10-11,IND,PIT,202610110pit
5,2026-10-11,NYG,WAS,202610110was
5,2026-10-11,DEN,LAC,202610110sdg
5,2026-10-11,DET,ARI,202610110crd
5,2026-10-11,CHI,GB,202610110gnb
5,2026-10-11,SF,SEA,202610110sea
5,2026-10-11,BAL,ATL,202610110atl
5,2026-10-12,BUF,LAR,202610120ram
6,2026-10-15,SEA,DEN,202610150den
6,2026-10-18,HOU,JAX,202610180jax
6,2026-10-18,CHI,ATL,202610180atl
6,2026-10-18,BAL,CLE,202610180cle
6,2026-10-18,TEN,IND,202610180clt
6,2026-10-18,NYJ,NE,202610180nwe
6,2026-10-18,NO,NYG,202610180nyg
6,2026-10-18,CAR,PHI,202610180phi
6,2026-10-18,PIT,TB,202610180tam
6,2026-10-18,ARI,LAR,202610180ram
6,2026-10-18,LAC,KC,202610180kan
6,2026-10-18,BUF,LV,202610180rai
6,2026-10-18,DAL,GB,202610180gnb
6,2026-10-19,WAS,SF,202610190sfo
7,2026-10-22,NE,CHI,202610220chi
7,2026-10-25,PIT,NO,202610250nor
7,2026-10-25,SF,ATL,202610250atl
7,2026-10-25,TB,CAR,202610250car
7,2026-10-25,NYG,HOU,202610250htx
7,2026-10-25,IND,MIN,202610250min
7,2026-10-25,MIA,NYJ,202610250nyj
7,2026-10-25,CLE,TEN,202610250oti
7,2026-10-25,CIN,BAL,202610250rav
7,2026-10-25,DEN,ARI,202610250crd
7,2026-10-25,GB,DET,202610250det
7,2026-10-25,LAR,LV,202610250rai
7,2026-10-25,KC,SEA,202610250sea
7,2026-10-26,DAL,PHI,202610260phi
8,2026-10-29,CAR,GB,202610290gnb
8,2026-11-01,BAL,BUF,202611010buf
8,2026-11-01,TEN,CIN,202611010cin
8,2026-11-01,ARI,DAL,202611010dal
8,2026-11-01,MIN,DET,202611010det
8,2026-11-01,IND,JAX,202611010jax
8,2026-11-01,LV,NYJ,202611010nyj
8,2026-11-01,CLE,PIT,202611010pit
8,2026-11-01,ATL,TB,202611010tam
8,2026-11-01,LAC,LAR,202611010ram
8,2026-11-01,KC,DEN,202611010den
8,2026-11-01,NE,MIA,202611010mia
8,2026-11-01,PHI,WAS,202611010was
8,2026-11-02,CHI,SEA,202611020sea
9,2026-11-05,JAX,BAL,202611050rav
9,2026-11-08,CIN,ATL,202611080atl
9,2026-11-08,DEN,CAR,202611080car
9,2026-11-08,DAL,IND,202611080clt
9,2026-11-08,NYJ,KC,202611080kan
9,2026-11-08,DET,MIA,202611080mia
9,2026-11-08,CLE,NO,202611080nor
9,2026-11-08,NYG,PHI,202611080phi
9,2026-11-08,LAR,WAS,202611080was
9,2026-11-08,HOU,LAC,202611080sdg
9,2026-11-08,LV,SF,202611080sfo
9,2026-11-08,GB,NE,202611080nwe
9,2026-11-08,ARI,SEA,202611080sea
9,2026-11-08,TB,CHI,202611080chi
9,2026-11-09,BUF,MIN,202611090min
10,2026-11-12,WAS,NYG,202611120nyg
10,2026-11-15,NE,DET,202611150det
10,2026-11-15,KC,ATL,202611150atl
10,2026-11-15,HOU,CLE,202611150cle
10,2026-11-15,MIA,IND,202611150clt
10,2026-11-15,MIN,GB,202611150gnb
10,2026-11-15,CAR,NO,202611150nor
10,2026-11-15,BUF,NYJ,202611150nyj
10,2026-11-15,JAX,TEN,202611150oti
10,2026-11-15,LAR,ARI,202611150crd
10,2026-11-15,SEA,LV,202611150rai
10,2026-11-15,SF,DAL,202611150dal
10,2026-11-15,PIT,CIN,202611150cin
10,2026-11-16,LAC,BAL,202611160rav
11,2026-11-19,IND,HOU,202611190htx
11,2026-11-22,MIA,BUF,202611220buf
11,2026-11-22,BAL,CAR,202611220car
11,2026-11-22,NO,CHI,202611220chi
11,2026-11-22,TEN,DAL,202611220dal
11,2026-11-22,TB,DET,202611220det
11,2026-11-22,ARI,KC,202611220kan
11,2026-11-22,JAX,NYG,202611220nyg
11,2026-11-22,NYJ,LAC,202611220sdg
11,2026-11-22,LV,DEN,202611220den
11,2026-11-22,PIT,PHI,202611220phi
11,2026-11-22,MIN,SF,202611220sfo
11,2026-11-23,CIN,WAS,202611230was
12,2026-11-25,GB,LAR,202611250ram
12,2026-11-26,CHI,DET,202611260det
12,2026-11-26,PHI,DAL,202611260dal
12,2026-11-26,KC,BUF,202611260buf
12,2026-11-27,DEN,PIT,202611270pit
12,2026-11-29,NO,CIN,202611290cin
12,2026-11-29,LV,CLE,202611290cle
12,2026-11-29,NYG,IND,202611290clt
12,2026-11-29,BAL,HOU,202611290htx
12,2026-11-29,NYJ,MIA,202611290mia
12,2026-11-29,ATL,MIN,202611290min
12,2026-11-29,TEN,JAX,202611290jax
12,2026-11-29,WAS,ARI,202611290crd
12,2026-11-29,SEA,SF,202611290sfo
12,2026-11-29,NE,LAC,202611290sdg
12,2026-11-30,CAR,TB,202611300tam
13,2026-12-03,KC,LAR,202612030ram
13,2026-12-06,DET,ATL,202612060atl
13,2026-12-06,JAX,CHI,202612060chi
13,2026-12-06,CIN,CLE,202612060cle
13,2026-12-06,GB,NO,202612060nor
13,2026-12-06,SF,NYG,202612060nyg
13,2026-12-06,WAS,TEN,202612060oti
13,2026-12-06,LAC,TB,202612060tam
13,2026-12-06,PHI,ARI,202612060crd
13,2026-12-06,MIA,DEN,202612060den
13,2026-12-06,CAR,MIN,202612060min
13,2026-12-06,BUF,NE,202612060nwe
13,2026-12-06,HOU,PIT,202612060pit
13,2026-12-07,DAL,SEA,202612070sea
14,2026-12-10,MIN,NE,202612100nwe
14,2026-12-13,NO,CAR,202612130car
14,2026-12-13,ATL,CLE,202612130cle
14,2026-12-13,TEN,DET,202612130det
14,2026-12-13,CHI,MIA,202612130mia
14,2026-12-13,DEN,NYJ,202612130nyj
14,2026-12-13,IND,PHI,202612130phi
14,2026-12-13,TB,BAL,202612130rav
14,2026-12-13,HOU,WAS,202612130was
14,2026-12-13,LAC,LV,202612130rai
14,2026-12-13,KC,CIN,202612130cin
14,2026-12-13,NYG,SEA,202612130sea
14,2026-12-13,LAR,SF,202612130sfo
14,2026-12-13,BUF,GB,202612130gnb
14,2026-12-14,PIT,JAX,202612140jax
15,2026-12-17,SF,LAC,202612170sdg
15,2026-12-19,SEA,PHI,202612190phi
15,2026-12-19,CHI,BUF,202612190buf
15,2026-12-20,CIN,CAR,202612200car
15,2026-12-20,MIA,GB,202612200gnb
15,2026-12-20,JAX,HOU,202612200htx
15,2026-12-20,CLE,NYG,202612200nyg
15,2026-12-20,IND,TEN,202612200oti
15,2026-12-20,BAL,PIT,202612200pit
15,2026-12-20,NO,TB,202612200tam
15,2026-12-20,ATL,WAS,202612200was
15,2026-12-20,NYJ,ARI,202612200crd
15,2026-12-20,DEN,LV,202612200rai
15,2026-12-20,DAL,LAR,202612200ram
15,2026-12-20,DET,MIN,202612200min
15,2026-12-21,NE,KC,202612210kan
16,2026-12-24,HOU,PHI,202612240phi
16,2026-12-25,GB,CHI,202612250chi
16,2026-12-25,BUF,DEN,202612250den
16,2026-12-25,LAR,SEA,202612250sea
16,2026-12-27,TB,ATL,202612270atl
16,2026-12-27,CIN,IND,202612270clt
16,2026-12-27,LAC,MIA,202612270mia
16,2026-12-27,WAS,MIN,202612270min
16,2026-12-27,ARI,NO,202612270nor
16,2026-12-27,NE,NYJ,202612270nyj
16,2026-12-27,CAR,PIT,202612270pit
16,2026-12-27,CLE,BAL,202612270rav
16,2026-12-27,TEN,LV,202612270rai
16,2026-12-27,SF,KC,202612270kan
16,2026-12-27,JAX,DAL,202612270dal
16,2026-12-28,NYG,DET,202612280det
17,2026-12-31,BAL,CIN,202612310cin
17,2027-01-03,NO,ATL,202701030atl
17,2027-01-03,SEA,CAR,202701030car
17,2027-01-03,IND,CLE,202701030cle
17,2027-01-03,NYG,DAL,202701030dal
17,2027-01-03,WAS,JAX,202701030jax
17,2027-01-03,BUF,MIA,202701030mia
17,2027-01-03,DEN,NE,202701030nwe
17,2027-01-03,MIN,NYJ,202701030nyj
17,2027-01-03,PIT,TEN,202701030oti
17,2027-01-03,KC,LAC,202701030sdg
17,2027-01-03,LAR,TB,202701030tam
17,2027-01-03,LV,ARI,202701030crd
17,2027-01-03,DET,CHI,202701030chi
17,2027-01-03,PHI,SF,202701030sfo
17,2027-01-04,HOU,GB,202701040gnb
18,2027-01-10,NYJ,BUF,202701100buf
18,2027-01-10,ATL,CAR,202701100car
18,2027-01-10,CLE,CIN,202701100cin
18,2027-01-10,JAX,IND,202701100clt
18,2027-01-10,SF,ARI,202701100crd
18,2027-01-10,LAC,DEN,202701100den
18,2027-01-10,DET,GB,202701100gnb
18,2027-01-10,TEN,HOU,202701100htx
18,2027-01-10,LV,KC,202701100kan
18,2027-01-10,CHI,MIN,202701100min
18,2027-01-10,TB,NO,202701100nor
18,2027-01-10,MIA,NE,202701100nwe
18,2027-01-10,PHI,NYG,202701100nyg
18,2027-01-10,SEA,LAR,202701100ram
18,2027-01-10,PIT,BAL,202701100rav
18,2027-01-10,DAL,WAS,202701100was
