pulled,week,date,away,home,market,kind,subject,team,player,log_name,slot,line,near_strike,p_mid,p_bid,p_ask,volume,close
2026-10-06,6,2026-10-19,WAS,SF,moneyline,prob,Washington,WAS,,,,,,0.235,0.23,0.24,162,2026-10-22
2026-10-06,6,2026-10-19,WAS,SF,moneyline,prob,San Francisco,SF,,,,,,0.765,0.76,0.77,283,2026-10-22
2026-10-06,6,2026-10-18,DAL,GB,moneyline,prob,Green Bay,GB,,,,,,0.45,0.44,0.46,900,2026-10-21
2026-10-06,6,2026-10-18,DAL,GB,moneyline,prob,Dallas,DAL,,,,,,0.55,0.54,0.56,708,2026-10-21
2026-10-06,6,2026-10-18,LAC,KC,moneyline,prob,Los Angeles C,LAC,,,,,,0.205,0.2,0.21,653,2026-10-20
2026-10-06,6,2026-10-18,LAC,KC,moneyline,prob,Kansas City,KC,,,,,,0.805,0.8,0.81,3352,2026-10-20
2026-10-06,6,2026-10-18,BUF,LV,moneyline,prob,Las Vegas,LV,,,,,,0.315,0.3,0.33,392,2026-10-20
2026-10-06,6,2026-10-18,BUF,LV,moneyline,prob,Buffalo,BUF,,,,,,0.685,0.67,0.7,7,2026-10-20
2026-10-06,6,2026-10-18,ARI,LAR,moneyline,prob,Los Angeles R,LAR,,,,,,0.86,0.85,0.87,1703,2026-10-20
2026-10-06,6,2026-10-18,ARI,LAR,moneyline,prob,Arizona,ARI,,,,,,0.145,0.14,0.15,3388,2026-10-20
2026-10-06,6,2026-10-18,PIT,TB,moneyline,prob,Tampa Bay,TB,,,,,,0.43,0.42,0.44,17,2026-10-20
2026-10-06,6,2026-10-18,PIT,TB,moneyline,prob,Pittsburgh,PIT,,,,,,0.575,0.56,0.59,295,2026-10-20
2026-10-06,6,2026-10-18,CAR,PHI,moneyline,prob,Philadelphia,PHI,,,,,,0.535,0.53,0.54,92,2026-10-20
2026-10-06,6,2026-10-18,CAR,PHI,moneyline,prob,Carolina,CAR,,,,,,0.49,0.48,0.5,9066,2026-10-20
2026-10-06,6,2026-10-18,NO,NYG,moneyline,prob,New York G,NYG,,,,,,0.475,0.46,0.49,25,2026-10-20
2026-10-06,6,2026-10-18,NO,NYG,moneyline,prob,New Orleans,NO,,,,,,0.52,0.5,0.54,45,2026-10-20
2026-10-06,6,2026-10-18,NYJ,NE,moneyline,prob,New York J,NYJ,,,,,,0.275,0.27,0.28,514,2026-10-20
2026-10-06,6,2026-10-18,NYJ,NE,moneyline,prob,New England,NE,,,,,,0.735,0.72,0.75,29,2026-10-20
2026-10-06,6,2026-10-18,TEN,IND,moneyline,prob,Tennessee,TEN,,,,,,0.275,0.26,0.29,3,2026-10-20
2026-10-06,6,2026-10-18,TEN,IND,moneyline,prob,Indianapolis,IND,,,,,,0.725,0.71,0.74,1,2026-10-20
2026-10-06,6,2026-10-18,BAL,CLE,moneyline,prob,Cleveland,CLE,,,,,,0.44,0.43,0.45,8877,2026-10-20
2026-10-06,6,2026-10-18,BAL,CLE,moneyline,prob,Baltimore,BAL,,,,,,0.555,0.54,0.57,5685,2026-10-20
2026-10-06,6,2026-10-18,CHI,ATL,moneyline,prob,Chicago,CHI,,,,,,0.525,0.51,0.54,468,2026-10-20
2026-10-06,6,2026-10-18,CHI,ATL,moneyline,prob,Atlanta,ATL,,,,,,0.47,0.45,0.49,5705,2026-10-20
2026-10-06,6,2026-10-18,HOU,JAX,moneyline,prob,Jacksonville,JAX,,,,,,0.595,0.58,0.61,201,2026-10-20
2026-10-06,6,2026-10-18,HOU,JAX,moneyline,prob,Houston,HOU,,,,,,0.4,0.39,0.41,62,2026-10-20
2026-10-06,6,2026-10-15,SEA,DEN,moneyline,prob,Seattle,SEA,,,,,,0.555,0.54,0.57,668,2026-10-18
2026-10-06,6,2026-10-15,SEA,DEN,moneyline,prob,Denver,DEN,,,,,,0.445,0.43,0.46,607,2026-10-18
2026-10-06,5,2026-10-12,BUF,LAR,moneyline,prob,Los Angeles R,LAR,,,,,,0.595,0.59,0.6,32977,2026-10-15
2026-10-06,5,2026-10-12,BUF,LAR,moneyline,prob,Buffalo,BUF,,,,,,0.405,0.4,0.41,81341,2026-10-15
2026-10-06,5,2026-10-11,BAL,ATL,moneyline,prob,Baltimore,BAL,,,,,,0.385,0.38,0.39,128511,2026-10-14
2026-10-06,5,2026-10-11,BAL,ATL,moneyline,prob,Atlanta,ATL,,,,,,0.605,0.6,0.61,340275,2026-10-14
2026-10-06,5,2026-10-11,CHI,GB,moneyline,prob,Green Bay,GB,,,,,,0.425,0.42,0.43,41129,2026-10-13
2026-10-06,5,2026-10-11,CHI,GB,moneyline,prob,Chicago,CHI,,,,,,0.585,0.58,0.59,164176,2026-10-13
2026-10-06,5,2026-10-11,SF,SEA,moneyline,prob,San Francisco,SF,,,,,,0.415,0.41,0.42,315547,2026-10-13
2026-10-06,5,2026-10-11,SF,SEA,moneyline,prob,Seattle,SEA,,,,,,0.585,0.58,0.59,98450,2026-10-13
2026-10-06,5,2026-10-11,DET,ARI,moneyline,prob,Detroit,DET,,,,,,0.695,0.69,0.7,19052,2026-10-13
2026-10-06,5,2026-10-11,DET,ARI,moneyline,prob,Arizona,ARI,,,,,,0.315,0.31,0.32,14647,2026-10-13
2026-10-06,5,2026-10-11,DEN,LAC,moneyline,prob,Los Angeles C,LAC,,,,,,0.375,0.37,0.38,18106,2026-10-13
2026-10-06,5,2026-10-11,DEN,LAC,moneyline,prob,Denver,DEN,,,,,,0.625,0.62,0.63,20722,2026-10-13
2026-10-06,5,2026-10-11,NYG,WAS,moneyline,prob,Washington,WAS,,,,,,0.625,0.62,0.63,25700,2026-10-13
2026-10-06,5,2026-10-11,NYG,WAS,moneyline,prob,New York G,NYG,,,,,,0.375,0.37,0.38,158293,2026-10-13
2026-10-06,5,2026-10-11,IND,PIT,moneyline,prob,Pittsburgh,PIT,,,,,,0.565,0.56,0.57,32475,2026-10-13
2026-10-06,5,2026-10-11,IND,PIT,moneyline,prob,Indianapolis,IND,,,,,,0.435,0.43,0.44,17390,2026-10-13
2026-10-06,5,2026-10-11,CLE,NYJ,moneyline,prob,New York J,NYJ,,,,,,0.555,0.55,0.56,20527,2026-10-13
2026-10-06,5,2026-10-11,CLE,NYJ,moneyline,prob,Cleveland,CLE,,,,,,0.455,0.45,0.46,107783,2026-10-13
2026-10-06,5,2026-10-11,LV,NE,moneyline,prob,New England,NE,,,,,,0.635,0.63,0.64,44578,2026-10-13
2026-10-06,5,2026-10-11,LV,NE,moneyline,prob,Las Vegas,LV,,,,,,0.365,0.36,0.37,385113,2026-10-13
2026-10-06,5,2026-10-11,CIN,MIA,moneyline,prob,Miami,MIA,,,,,,0.245,0.24,0.25,34118,2026-10-13
2026-10-06,5,2026-10-11,CIN,MIA,moneyline,prob,Cincinnati,CIN,,,,,,0.765,0.76,0.77,89836,2026-10-13
2026-10-06,5,2026-10-11,HOU,TEN,moneyline,prob,Tennessee,TEN,,,,,,0.255,0.25,0.26,30990,2026-10-13
2026-10-06,5,2026-10-11,HOU,TEN,moneyline,prob,Houston,HOU,,,,,,0.745,0.74,0.75,25337,2026-10-13
2026-10-06,5,2026-10-11,MIN,NO,moneyline,prob,New Orleans,NO,,,,,,0.45,0.44,0.46,36166,2026-10-13
2026-10-06,5,2026-10-11,MIN,NO,moneyline,prob,Minnesota,MIN,,,,,,0.555,0.55,0.56,84228,2026-10-13
2026-10-06,5,2026-10-11,PHI,JAX,moneyline,prob,Philadelphia,PHI,,,,,,0.235,0.23,0.24,190253,2026-10-13
2026-10-06,5,2026-10-11,PHI,JAX,moneyline,prob,Jacksonville,JAX,,,,,,0.765,0.76,0.77,281114,2026-10-13
2026-10-06,5,2026-10-08,TB,DAL,moneyline,prob,Tampa Bay,TB,,,,,,0.205,0.2,0.21,591619,2026-10-11
2026-10-06,5,2026-10-08,TB,DAL,moneyline,prob,Dallas,DAL,,,,,,0.795,0.79,0.8,1331606,2026-10-11
2026-10-06,5,2026-10-12,BUF,LAR,spread,line,LA Rams,LAR,,,,3.0,3.5,0.455,0.45,0.46,46981,2026-10-15
2026-10-06,5,2026-10-12,BUF,LAR,spread,line,BUF Bills,BUF,,,,1.0,1.5,0.385,0.38,0.39,432,2026-10-15
2026-10-06,5,2026-10-11,DET,ARI,spread,line,DET Lions,DET,,,,4.7,4.5,0.505,0.5,0.51,12484,2026-10-13
2026-10-06,5,2026-10-11,DET,ARI,spread,line,ARI Cardinals,ARI,,,,1.0,1.5,0.29,0.28,0.3,1898,2026-10-13
2026-10-06,5,2026-10-11,BAL,ATL,spread,line,BAL Ravens,BAL,,,,1.0,1.5,0.365,0.36,0.37,171582,2026-10-14
2026-10-06,5,2026-10-11,BAL,ATL,spread,line,ATL Falcons,ATL,,,,3.3,3.5,0.485,0.48,0.49,395934,2026-10-14
2026-10-06,5,2026-10-11,SF,SEA,spread,line,SF 49ers,SF,,,,1.0,1.5,0.385,0.38,0.39,14058,2026-10-13
2026-10-06,5,2026-10-11,SF,SEA,spread,line,SEA Seahawks,SEA,,,,2.8,2.5,0.535,0.53,0.54,20454,2026-10-13
2026-10-06,5,2026-10-11,DEN,LAC,spread,line,LA Chargers,LAC,,,,1.0,1.5,0.35,0.34,0.36,1240,2026-10-13
2026-10-06,5,2026-10-11,DEN,LAC,spread,line,DEN Broncos,DEN,,,,3.2,3.5,0.475,0.47,0.48,48507,2026-10-13
2026-10-06,5,2026-10-11,NYG,WAS,spread,line,WAS Commanders,WAS,,,,3.3,3.5,0.485,0.48,0.49,15188,2026-10-13
2026-10-06,5,2026-10-11,NYG,WAS,spread,line,NY Giants,NYG,,,,1.0,1.5,0.345,0.34,0.35,16921,2026-10-13
2026-10-06,5,2026-10-11,IND,PIT,spread,line,PIT Steelers,PIT,,,,2.6,2.5,0.505,0.5,0.51,183812,2026-10-13
2026-10-06,5,2026-10-11,IND,PIT,spread,line,IND Colts,IND,,,,1.0,1.5,0.41,0.4,0.42,1843,2026-10-13
2026-10-06,5,2026-10-11,HOU,TEN,spread,line,TEN Titans,TEN,,,,1.0,1.5,0.235,0.23,0.24,103,2026-10-13
2026-10-06,5,2026-10-11,HOU,TEN,spread,line,HOU Texans,HOU,,,,7.1,7.5,0.465,0.46,0.47,50932,2026-10-13
2026-10-06,5,2026-10-11,CLE,NYJ,spread,line,NY Jets,NYJ,,,,1.9,1.5,0.515,0.51,0.52,29160,2026-10-13
2026-10-06,5,2026-10-11,CLE,NYJ,spread,line,CLE Browns,CLE,,,,1.0,1.5,0.43,0.42,0.44,12228,2026-10-13
2026-10-06,5,2026-10-11,LV,NE,spread,line,NE Patriots,NE,,,,3.7,3.5,0.505,0.5,0.51,24847,2026-10-13
2026-10-06,5,2026-10-11,LV,NE,spread,line,LV Raiders,LV,,,,1.0,1.5,0.345,0.34,0.35,7743,2026-10-13
2026-10-06,5,2026-10-11,CIN,MIA,spread,line,MIA Dolphins,MIA,,,,1.0,1.5,0.225,0.22,0.23,1242,2026-10-13
2026-10-06,5,2026-10-11,CIN,MIA,spread,line,CIN Bengals,CIN,,,,7.2,7.5,0.475,0.47,0.48,19959,2026-10-13
2026-10-06,5,2026-10-11,MIN,NO,spread,line,NOLA Saints,NO,,,,1.0,1.5,0.425,0.42,0.43,5680,2026-10-13
2026-10-06,5,2026-10-11,MIN,NO,spread,line,MIN Vikings,MIN,,,,2.1,2.5,0.485,0.48,0.49,37544,2026-10-13
2026-10-06,5,2026-10-11,PHI,JAX,spread,line,PHI Eagles,PHI,,,,1.0,1.5,0.225,0.22,0.23,12019,2026-10-13
2026-10-06,5,2026-10-11,PHI,JAX,spread,line,JAC Jaguars,JAX,,,,7.3,7.5,0.485,0.48,0.49,145390,2026-10-13
2026-10-06,5,2026-10-08,TB,DAL,spread,line,TB Buccaneers,TB,,,,1.0,1.5,0.185,0.18,0.19,32429,2026-10-11
2026-10-06,5,2026-10-08,TB,DAL,spread,line,DAL Cowboys,DAL,,,,8.0,7.5,0.515,0.51,0.52,242919,2026-10-11
2026-10-06,5,2026-10-12,BUF,LAR,total,line,TOTAL,,,,,54.3,54.5,0.495,0.49,0.5,850,2026-10-15
2026-10-06,5,2026-10-11,DET,ARI,total,line,TOTAL,,,,,54.5,54.5,0.5,0.49,0.51,11687,2026-10-13
2026-10-06,5,2026-10-11,BAL,ATL,total,line,TOTAL,,,,,43.7,43.5,0.51,0.5,0.52,55385,2026-10-14
2026-10-06,5,2026-10-11,SF,SEA,total,line,TOTAL,,,,,46.9,46.5,0.515,0.51,0.52,4437,2026-10-13
2026-10-06,5,2026-10-11,DEN,LAC,total,line,TOTAL,,,,,42.3,42.5,0.495,0.49,0.5,11482,2026-10-13
2026-10-06,5,2026-10-11,NYG,WAS,total,line,TOTAL,,,,,43.4,43.5,0.495,0.49,0.5,12216,2026-10-13
2026-10-06,5,2026-10-11,IND,PIT,total,line,TOTAL,,,,,44.6,44.5,0.505,0.5,0.51,16240,2026-10-13
2026-10-06,5,2026-10-11,HOU,TEN,total,line,TOTAL,,,,,38.3,38.5,0.495,0.49,0.5,12405,2026-10-13
2026-10-06,5,2026-10-11,CLE,NYJ,total,line,TOTAL,,,,,40.0,40.5,0.475,0.47,0.48,2539,2026-10-13
2026-10-06,5,2026-10-11,LV,NE,total,line,TOTAL,,,,,44.9,44.5,0.515,0.51,0.52,3787,2026-10-13
2026-10-06,5,2026-10-11,CIN,MIA,total,line,TOTAL,,,,,42.7,42.5,0.505,0.5,0.51,14478,2026-10-13
2026-10-06,5,2026-10-11,MIN,NO,total,line,TOTAL,,,,,42.0,42.5,0.485,0.48,0.49,37560,2026-10-13
2026-10-06,5,2026-10-11,PHI,JAX,total,line,TOTAL,,,,,41.7,41.5,0.505,0.5,0.51,19791,2026-10-13
2026-10-06,5,2026-10-08,TB,DAL,total,line,TOTAL,,,,,47.6,47.5,0.505,0.5,0.51,85105,2026-10-11
2026-10-06,5,2026-10-11,CLE,NYJ,pass_yds,line,Geno Smith,NYJ,Geno Smith,Geno Smith,QB1,207.3,199.5,0.55,0.53,0.57,75,2026-10-13
2026-10-06,5,2026-10-11,CLE,NYJ,pass_yds,line,Deshaun Watson,CLE,Deshaun Watson,Deshaun Watson,QB1,202.8,199.5,0.52,0.5,0.54,5,2026-10-13
2026-10-06,5,2026-10-11,LV,NE,pass_yds,line,Drake Maye,NE,Drake Maye,Drake Maye,QB1,227.1,224.5,0.515,0.49,0.54,94,2026-10-13
2026-10-06,5,2026-10-11,LV,NE,pass_yds,line,Kirk Cousins,LV,Kirk Cousins,Kirk Cousins,QB1,226.2,224.5,0.51,0.49,0.53,27,2026-10-13
2026-10-06,5,2026-10-11,PHI,JAX,pass_yds,line,Jalen Hurts,PHI,Jalen Hurts,Jalen Hurts,QB1,190.8,199.5,0.43,0.41,0.45,102,2026-10-13
2026-10-06,5,2026-10-11,PHI,JAX,pass_yds,line,Trevor Lawrence,JAX,Trevor Lawrence,Trevor Lawrence,QB1,230.1,224.5,0.535,0.51,0.56,106,2026-10-13
2026-10-06,5,2026-10-08,TB,DAL,pass_yds,line,Jalon Daniels,TB,Jalon Daniels,Jalon Daniels,QB1,181.0,174.5,0.54,0.53,0.55,10022,2026-10-11
2026-10-06,5,2026-10-08,TB,DAL,pass_yds,line,Dak Prescott,DAL,Dak Prescott,Dak Prescott,QB1,266.7,274.5,0.455,0.45,0.46,16951,2026-10-11
2026-10-06,5,2026-10-08,TB,DAL,pass_att,line,Jalon Daniels,TB,Jalon Daniels,Jalon Daniels,QB1,28.7,27.5,0.57,0.55,0.59,313,2026-10-11
2026-10-06,5,2026-10-08,TB,DAL,pass_att,line,Dak Prescott,DAL,Dak Prescott,Dak Prescott,QB1,34.0,33.5,0.525,0.51,0.54,227,2026-10-11
2026-10-06,5,2026-10-11,CLE,NYJ,pass_td,line,Geno Smith,NYJ,Geno Smith,Geno Smith,QB1,1.2,1.5,0.375,0.36,0.39,0,2026-10-13
2026-10-06,5,2026-10-11,CLE,NYJ,pass_td,line,Deshaun Watson,CLE,Deshaun Watson,Deshaun Watson,QB1,1.1,1.5,0.36,0.35,0.37,0,2026-10-13
2026-10-06,5,2026-10-11,LV,NE,pass_td,line,Drake Maye,NE,Drake Maye,Drake Maye,QB1,1.5,1.5,0.5,0.49,0.51,19,2026-10-13
2026-10-06,5,2026-10-11,LV,NE,pass_td,line,Kirk Cousins,LV,Kirk Cousins,Kirk Cousins,QB1,1.3,1.5,0.415,0.4,0.43,11,2026-10-13
2026-10-06,5,2026-10-11,PHI,JAX,pass_td,line,Jalen Hurts,PHI,Jalen Hurts,Jalen Hurts,QB1,0.9,0.5,0.655,0.64,0.67,164,2026-10-13
2026-10-06,5,2026-10-11,PHI,JAX,pass_td,line,Trevor Lawrence,JAX,Trevor Lawrence,Trevor Lawrence,QB1,1.4,1.5,0.48,0.47,0.49,249,2026-10-13
2026-10-06,5,2026-10-08,TB,DAL,pass_td,line,Jalon Daniels,TB,Jalon Daniels,Jalon Daniels,QB1,1.0,0.5,0.68,0.67,0.69,408,2026-10-11
2026-10-06,5,2026-10-08,TB,DAL,pass_td,line,Dak Prescott,DAL,Dak Prescott,Dak Prescott,QB1,2.0,2.5,0.365,0.36,0.37,2796,2026-10-11
2026-10-06,5,2026-10-08,TB,DAL,completions,line,Jalon Daniels,TB,Jalon Daniels,Jalon Daniels,QB1,17.7,17.5,0.52,0.51,0.53,1924,2026-10-11
2026-10-06,5,2026-10-08,TB,DAL,completions,line,Dak Prescott,DAL,Dak Prescott,Dak Prescott,QB1,23.2,22.5,0.555,0.55,0.56,1047,2026-10-11
2026-10-06,5,2026-10-08,TB,DAL,interceptions,line,Jalon Daniels,TB,Jalon Daniels,Jalon Daniels,QB1,0.8,0.5,0.625,0.61,0.64,257,2026-10-11
2026-10-06,5,2026-10-08,TB,DAL,interceptions,line,Dak Prescott,DAL,Dak Prescott,Dak Prescott,QB1,0.0,0.5,0.465,0.46,0.47,24,2026-10-11
2026-10-06,5,2026-10-11,CLE,NYJ,rush_yds,line,Isaiah Davis,NYJ,Isaiah Davis,Isaiah Davis,RB2,11.5,9.5,0.555,0.54,0.57,353,2026-10-13
2026-10-06,5,2026-10-11,CLE,NYJ,rush_yds,line,Geno Smith,NYJ,Geno Smith,Geno Smith,QB1,11.4,9.5,0.555,0.54,0.57,0,2026-10-13
2026-10-06,5,2026-10-11,CLE,NYJ,rush_yds,line,Braelon Allen,NYJ,Braelon Allen,Braelon Allen,RB1,69.1,69.5,0.495,0.48,0.51,196,2026-10-13
2026-10-06,5,2026-10-11,CLE,NYJ,rush_yds,line,Quinshon Judkins,CLE,Quinshon Judkins,Quinshon Judkins,RB1,58.6,59.5,0.49,0.47,0.51,8,2026-10-13
2026-10-06,5,2026-10-11,CLE,NYJ,rush_yds,line,Deshaun Watson,CLE,Deshaun Watson,Deshaun Watson,QB1,25.9,24.5,0.53,0.52,0.54,0,2026-10-13
2026-10-06,5,2026-10-11,PHI,JAX,rush_yds,line,Trevor Lawrence,JAX,Trevor Lawrence,Trevor Lawrence,QB1,13.5,14.5,0.475,0.45,0.5,0,2026-10-13
2026-10-06,5,2026-10-11,PHI,JAX,rush_yds,line,Jalen Hurts,PHI,Jalen Hurts,Jalen Hurts,QB1,27.4,29.5,0.46,0.44,0.48,13,2026-10-13
2026-10-06,5,2026-10-11,PHI,JAX,rush_yds,line,Bhayshul Tuten,JAX,Bhayshul Tuten,Bhayshul Tuten,RB1,59.1,59.5,0.495,0.48,0.51,7937,2026-10-13
2026-10-06,5,2026-10-08,TB,DAL,rush_yds,line,Tyler Goodson,DAL,Tyler Goodson,Tyler Goodson,RB2,16.6,14.5,0.555,0.55,0.56,1140,2026-10-11
2026-10-06,5,2026-10-08,TB,DAL,rush_yds,line,Kenny Gainwell,TB,Kenny Gainwell,Kenneth Gainwell,RB2,12.0,9.5,0.575,0.57,0.58,1170,2026-10-11
2026-10-06,5,2026-10-08,TB,DAL,rush_yds,line,Jalon Daniels,TB,Jalon Daniels,Jalon Daniels,QB1,44.8,49.5,0.425,0.42,0.43,5176,2026-10-11
2026-10-06,5,2026-10-08,TB,DAL,rush_yds,line,Bucky Irving,TB,Bucky Irving,Bucky Irving,RB1,52.2,49.5,0.535,0.53,0.54,10749,2026-10-11
2026-10-06,5,2026-10-08,TB,DAL,rush_yds,line,Javonte Williams,DAL,Javonte Williams,Javonte Williams,RB1,72.7,69.5,0.535,0.52,0.55,2808,2026-10-11
2026-10-06,5,2026-10-08,TB,DAL,rush_yds,line,Dak Prescott,DAL,Dak Prescott,Dak Prescott,QB1,9.7,9.5,0.505,0.49,0.52,6856,2026-10-11
2026-10-06,5,2026-10-08,TB,DAL,rush_att,line,Jalon Daniels,TB,Jalon Daniels,Jalon Daniels,QB1,7.7,7.5,0.52,0.51,0.53,327,2026-10-11
2026-10-06,5,2026-10-08,TB,DAL,rush_att,line,Bucky Irving,TB,Bucky Irving,Bucky Irving,RB1,13.1,13.5,0.465,0.46,0.47,3706,2026-10-11
2026-10-06,5,2026-10-08,TB,DAL,rush_att,line,Javonte Williams,DAL,Javonte Williams,Javonte Williams,RB1,17.4,17.5,0.495,0.49,0.5,863,2026-10-11
2026-10-06,5,2026-10-08,TB,DAL,receptions,line,Tez Johnson,TB,Tez Johnson,Tez Johnson,WR4+,1.0,1.5,0.395,0.39,0.4,4554,2026-10-11
2026-10-06,5,2026-10-08,TB,DAL,receptions,line,Ted Hurst III,TB,Ted Hurst III,Ted Hurst,WR3,1.8,1.5,0.575,0.57,0.58,2769,2026-10-11
2026-10-06,5,2026-10-08,TB,DAL,receptions,line,Kenny Gainwell,TB,Kenny Gainwell,Kenneth Gainwell,RB2,1.9,1.5,0.59,0.58,0.6,5678,2026-10-11
2026-10-06,5,2026-10-08,TB,DAL,receptions,line,Emeka Egbuka,TB,Emeka Egbuka,Emeka Egbuka,WR1,2.9,2.5,0.595,0.59,0.6,3619,2026-10-11
2026-10-06,5,2026-10-08,TB,DAL,receptions,line,Cade Otton,TB,Cade Otton,Cade Otton,TE1,3.3,3.5,0.455,0.45,0.46,8428,2026-10-11
2026-10-06,5,2026-10-08,TB,DAL,receptions,line,Chris Godwin Jr.,TB,Chris Godwin Jr.,Chris Godwin,WR2,3.2,3.5,0.445,0.44,0.45,13114,2026-10-11
2026-10-06,5,2026-10-08,TB,DAL,receptions,line,Bucky Irving,TB,Bucky Irving,Bucky Irving,RB1,2.2,2.5,0.425,0.42,0.43,74,2026-10-11
2026-10-06,5,2026-10-08,TB,DAL,receptions,line,Ryan Flournoy,DAL,Ryan Flournoy,Ryan Flournoy,WR3,3.1,3.5,0.41,0.4,0.42,502,2026-10-11
2026-10-06,5,2026-10-08,TB,DAL,receptions,line,Javonte Williams,DAL,Javonte Williams,Javonte Williams,RB1,2.6,2.5,0.525,0.52,0.53,1250,2026-10-11
2026-10-06,5,2026-10-08,TB,DAL,receptions,line,Jake Ferguson,DAL,Jake Ferguson,Jake Ferguson,TE1,3.4,3.5,0.485,0.48,0.49,8,2026-10-11
2026-10-06,5,2026-10-08,TB,DAL,receptions,line,George Pickens,DAL,George Pickens,George Pickens,WR2,4.5,4.5,0.495,0.49,0.5,1433,2026-10-11
2026-10-06,5,2026-10-08,TB,DAL,receptions,line,CeeDee Lamb,DAL,CeeDee Lamb,CeeDee Lamb,WR1,6.1,6.5,0.44,0.43,0.45,3665,2026-10-11
2026-10-06,5,2026-10-11,DEN,LAC,anytime_td,prob,LA Chargers D/ST,LAC,LAC D/ST,,,0.5,,0.08,0.01,0.15,0,2026-10-13
2026-10-06,5,2026-10-11,DEN,LAC,anytime_td,prob,RJ Harvey,DEN,RJ Harvey,RJ Harvey,RB2,0.5,,0.32,0.3,0.34,0,2026-10-13
2026-10-06,5,2026-10-11,DEN,LAC,anytime_td,prob,Jaylen Waddle,DEN,Jaylen Waddle,Jaylen Waddle,WR1,0.5,,0.35,0.33,0.37,0,2026-10-13
2026-10-06,5,2026-10-11,DEN,LAC,anytime_td,prob,J.K. Dobbins,DEN,J.K. Dobbins,J.K. Dobbins,RB1,0.5,,0.39,0.37,0.41,0,2026-10-13
2026-10-06,5,2026-10-11,DEN,LAC,anytime_td,prob,DEN Broncos D/ST,DEN,DEN D/ST,,,0.5,,0.1,0.01,0.19,0,2026-10-13
2026-10-06,5,2026-10-11,NYG,WAS,anytime_td,prob,WAS Commanders D/ST,WAS,WAS D/ST,,,0.5,,0.1,0.01,0.19,10,2026-10-13
2026-10-06,5,2026-10-11,NYG,WAS,anytime_td,prob,NY Giants D/ST,NYG,NYG D/ST,,,0.5,,0.08,0.01,0.15,0,2026-10-13
2026-10-06,5,2026-10-11,NYG,WAS,anytime_td,prob,Malik Nabers,NYG,Malik Nabers,Malik Nabers,WR1,0.5,,0.32,0.28,0.36,0,2026-10-13
2026-10-06,5,2026-10-11,NYG,WAS,anytime_td,prob,Isaiah Likely,NYG,Isaiah Likely,Isaiah Likely,TE1,0.5,,0.23,0.2,0.26,18,2026-10-13
2026-10-06,5,2026-10-11,NYG,WAS,anytime_td,prob,Cam Skattebo,NYG,Cam Skattebo,Cam Skattebo,RB1,0.5,,0.49,0.45,0.53,0,2026-10-13
2026-10-06,5,2026-10-11,IND,PIT,anytime_td,prob,PIT Steelers D/ST,PIT,PIT D/ST,,,0.5,,0.115,0.05,0.18,0,2026-10-13
2026-10-06,5,2026-10-11,IND,PIT,anytime_td,prob,Jaylen Warren,PIT,Jaylen Warren,Jaylen Warren,RB1,0.5,,0.48,0.46,0.5,0,2026-10-13
2026-10-06,5,2026-10-11,IND,PIT,anytime_td,prob,DK Metcalf,PIT,DK Metcalf,D.K. Metcalf,WR1,0.5,,0.325,0.31,0.34,0,2026-10-13
2026-10-06,5,2026-10-11,IND,PIT,anytime_td,prob,Tyler Warren,IND,Tyler Warren,Tyler Warren,TE1,0.5,,0.335,0.31,0.36,0,2026-10-13
2026-10-06,5,2026-10-11,IND,PIT,anytime_td,prob,Jonathan Taylor,IND,Jonathan Taylor,Jonathan Taylor,RB1,0.5,,0.625,0.62,0.63,0,2026-10-13
2026-10-06,5,2026-10-11,IND,PIT,anytime_td,prob,IND Colts D/ST,IND,IND D/ST,,,0.5,,0.085,0.01,0.16,0,2026-10-13
2026-10-06,5,2026-10-11,CLE,NYJ,anytime_td,prob,NY Jets D/ST,NYJ,NYJ D/ST,,,0.5,,0.095,0.01,0.18,0,2026-10-13
2026-10-06,5,2026-10-11,CLE,NYJ,anytime_td_2plus,prob,Kenyon Sadiq,NYJ,Kenyon Sadiq,Kenyon Sadiq,TE1,1.5,,0.04,0.03,0.05,0,2026-10-13
2026-10-06,5,2026-10-11,CLE,NYJ,anytime_td,prob,Kenyon Sadiq,NYJ,Kenyon Sadiq,Kenyon Sadiq,TE1,0.5,,0.285,0.27,0.3,0,2026-10-13
2026-10-06,5,2026-10-11,CLE,NYJ,anytime_td_2plus,prob,Jeremy Ruckert,NYJ,Jeremy Ruckert,Jeremy Ruckert,TE2,1.5,,0.005,0.0,0.01,580,2026-10-13
2026-10-06,5,2026-10-11,CLE,NYJ,anytime_td,prob,Jeremy Ruckert,NYJ,Jeremy Ruckert,Jeremy Ruckert,TE2,0.5,,0.1,0.09,0.11,580,2026-10-13
2026-10-06,5,2026-10-11,CLE,NYJ,anytime_td_2plus,prob,Isaiah Williams,NYJ,Isaiah Williams,Isaiah Williams,WR3,1.5,,0.015,0.01,0.02,0,2026-10-13
2026-10-06,5,2026-10-11,CLE,NYJ,anytime_td,prob,Isaiah Williams,NYJ,Isaiah Williams,Isaiah Williams,WR3,0.5,,0.16,0.14,0.18,0,2026-10-13
2026-10-06,5,2026-10-11,CLE,NYJ,anytime_td_2plus,prob,Isaiah Davis,NYJ,Isaiah Davis,Isaiah Davis,RB2,1.5,,0.015,0.01,0.02,0,2026-10-13
2026-10-06,5,2026-10-11,CLE,NYJ,anytime_td,prob,Isaiah Davis,NYJ,Isaiah Davis,Isaiah Davis,RB2,0.5,,0.145,0.14,0.15,0,2026-10-13
2026-10-06,5,2026-10-11,CLE,NYJ,anytime_td_2plus,prob,Garrett Wilson,NYJ,Garrett Wilson,Garrett Wilson,WR1,1.5,,0.06,0.04,0.08,0,2026-10-13
2026-10-06,5,2026-10-11,CLE,NYJ,anytime_td,prob,Garrett Wilson,NYJ,Garrett Wilson,Garrett Wilson,WR1,0.5,,0.355,0.34,0.37,0,2026-10-13
2026-10-06,5,2026-10-11,CLE,NYJ,anytime_td_2plus,prob,Geno Smith,NYJ,Geno Smith,Geno Smith,QB1,1.5,,0.005,0.0,0.01,600,2026-10-13
2026-10-06,5,2026-10-11,CLE,NYJ,anytime_td,prob,Geno Smith,NYJ,Geno Smith,Geno Smith,QB1,0.5,,0.095,0.09,0.1,600,2026-10-13
2026-10-06,5,2026-10-11,CLE,NYJ,anytime_td_2plus,prob,Braelon Allen,NYJ,Braelon Allen,Braelon Allen,RB1,1.5,,0.115,0.1,0.13,0,2026-10-13
2026-10-06,5,2026-10-11,CLE,NYJ,anytime_td,prob,Braelon Allen,NYJ,Braelon Allen,Braelon Allen,RB1,0.5,,0.465,0.44,0.49,0,2026-10-13
2026-10-06,5,2026-10-11,CLE,NYJ,anytime_td_2plus,prob,Raheim Sanders,CLE,Raheim Sanders,Raheim Sanders,RB2,1.5,,0.015,0.01,0.02,0,2026-10-13
2026-10-06,5,2026-10-11,CLE,NYJ,anytime_td,prob,Raheim Sanders,CLE,Raheim Sanders,Raheim Sanders,RB2,0.5,,0.1,0.09,0.11,0,2026-10-13
2026-10-06,5,2026-10-11,CLE,NYJ,anytime_td_2plus,prob,Quinshon Judkins,CLE,Quinshon Judkins,Quinshon Judkins,RB1,1.5,,0.075,0.06,0.09,0,2026-10-13
2026-10-06,5,2026-10-11,CLE,NYJ,anytime_td,prob,Quinshon Judkins,CLE,Quinshon Judkins,Quinshon Judkins,RB1,0.5,,0.38,0.36,0.4,0,2026-10-13
2026-10-06,5,2026-10-11,CLE,NYJ,anytime_td_2plus,prob,KC Concepcion Jr.,CLE,KC Concepcion,KC Concepcion,WR1,1.5,,0.03,0.02,0.04,0,2026-10-13
2026-10-06,5,2026-10-11,CLE,NYJ,anytime_td,prob,KC Concepcion Jr.,CLE,KC Concepcion,KC Concepcion,WR1,0.5,,0.205,0.18,0.23,0,2026-10-13
2026-10-06,5,2026-10-11,CLE,NYJ,anytime_td,prob,Jaleel McLaughlin,CLE,Jaleel McLaughlin,Jaleel McLaughlin,RB3,0.5,,0.055,0.05,0.06,100,2026-10-13
2026-10-06,5,2026-10-11,CLE,NYJ,anytime_td,prob,Jerry Jeudy,CLE,Jerry Jeudy,Jerry Jeudy,WR3,0.5,,0.095,0.09,0.1,0,2026-10-13
2026-10-06,5,2026-10-11,CLE,NYJ,anytime_td_2plus,prob,Harold Fannin Jr.,CLE,Harold Fannin Jr.,Harold Fannin,TE1,1.5,,0.035,0.02,0.05,0,2026-10-13
2026-10-06,5,2026-10-11,CLE,NYJ,anytime_td,prob,Harold Fannin Jr.,CLE,Harold Fannin Jr.,Harold Fannin,TE1,0.5,,0.28,0.26,0.3,0,2026-10-13
2026-10-06,5,2026-10-11,CLE,NYJ,anytime_td_2plus,prob,Deshaun Watson,CLE,Deshaun Watson,Deshaun Watson,QB1,1.5,,0.02,0.01,0.03,0,2026-10-13
2026-10-06,5,2026-10-11,CLE,NYJ,anytime_td,prob,Deshaun Watson,CLE,Deshaun Watson,Deshaun Watson,QB1,0.5,,0.185,0.17,0.2,0,2026-10-13
2026-10-06,5,2026-10-11,CLE,NYJ,anytime_td_2plus,prob,Denzel Boston,CLE,Denzel Boston,Denzel Boston,WR2,1.5,,0.035,0.02,0.05,3,2026-10-13
2026-10-06,5,2026-10-11,CLE,NYJ,anytime_td,prob,Denzel Boston,CLE,Denzel Boston,Denzel Boston,WR2,0.5,,0.275,0.26,0.29,3,2026-10-13
2026-10-06,5,2026-10-11,CLE,NYJ,anytime_td,prob,CLE Browns D/ST,CLE,CLE D/ST,,,0.5,,0.085,0.01,0.16,0,2026-10-13
2026-10-06,5,2026-10-11,CLE,NYJ,anytime_td_2plus,prob,Blake Whiteheart,CLE,Blake Whiteheart,Blake Whiteheart,TE2,1.5,,0.005,0.0,0.01,600,2026-10-13
2026-10-06,5,2026-10-11,CLE,NYJ,anytime_td,prob,Blake Whiteheart,CLE,Blake Whiteheart,Blake Whiteheart,TE2,0.5,,0.075,0.06,0.09,600,2026-10-13
2026-10-06,5,2026-10-11,LV,NE,anytime_td_2plus,prob,TreVeyon Henderson,NE,TreVeyon Henderson,TreVeyon Henderson,RB2,1.5,,0.065,0.05,0.08,13,2026-10-13
2026-10-06,5,2026-10-11,LV,NE,anytime_td,prob,TreVeyon Henderson,NE,TreVeyon Henderson,TreVeyon Henderson,RB2,0.5,,0.34,0.32,0.36,13,2026-10-13
2026-10-06,5,2026-10-11,LV,NE,anytime_td_2plus,prob,Rhamondre Stevenson,NE,Rhamondre Stevenson,Rhamondre Stevenson,RB1,1.5,,0.09,0.04,0.14,0,2026-10-13
2026-10-06,5,2026-10-11,LV,NE,anytime_td,prob,Rhamondre Stevenson,NE,Rhamondre Stevenson,Rhamondre Stevenson,RB1,0.5,,0.42,0.41,0.43,0,2026-10-13
2026-10-06,5,2026-10-11,LV,NE,anytime_td_2plus,prob,Romeo Doubs,NE,Romeo Doubs,Romeo Doubs,WR1,1.5,,0.055,0.05,0.06,0,2026-10-13
2026-10-06,5,2026-10-11,LV,NE,anytime_td,prob,Romeo Doubs,NE,Romeo Doubs,Romeo Doubs,WR1,0.5,,0.315,0.28,0.35,0,2026-10-13
2026-10-06,5,2026-10-11,LV,NE,anytime_td,prob,NE Patriots D/ST,NE,NE D/ST,,,0.5,,0.1,0.01,0.19,0,2026-10-13
2026-10-06,5,2026-10-11,LV,NE,anytime_td_2plus,prob,Kyle Williams,NE,Kyle Williams,Kyle Williams,WR4+,1.5,,0.015,0.01,0.02,0,2026-10-13
2026-10-06,5,2026-10-11,LV,NE,anytime_td,prob,Kyle Williams,NE,Kyle Williams,Kyle Williams,WR4+,0.5,,0.11,0.09,0.13,0,2026-10-13
2026-10-06,5,2026-10-11,LV,NE,anytime_td_2plus,prob,Hunter Henry,NE,Hunter Henry,Hunter Henry,TE1,1.5,,0.055,0.05,0.06,0,2026-10-13
2026-10-06,5,2026-10-11,LV,NE,anytime_td,prob,Hunter Henry,NE,Hunter Henry,Hunter Henry,TE1,0.5,,0.275,0.24,0.31,0,2026-10-13
2026-10-06,5,2026-10-11,LV,NE,anytime_td_2plus,prob,Efton Chism III,NE,Efton Chism III,Efton Chism III,WR4+,1.5,,0.015,0.01,0.02,31,2026-10-13
2026-10-06,5,2026-10-11,LV,NE,anytime_td,prob,Efton Chism III,NE,Efton Chism III,Efton Chism III,WR4+,0.5,,0.15,0.14,0.16,31,2026-10-13
2026-10-06,5,2026-10-11,LV,NE,anytime_td_2plus,prob,Drake Maye,NE,Drake Maye,Drake Maye,QB1,1.5,,0.02,0.01,0.03,249,2026-10-13
2026-10-06,5,2026-10-11,LV,NE,anytime_td,prob,Drake Maye,NE,Drake Maye,Drake Maye,QB1,0.5,,0.18,0.17,0.19,249,2026-10-13
2026-10-06,5,2026-10-11,LV,NE,anytime_td_2plus,prob,DeMario Douglas,NE,DeMario Douglas,DeMario Douglas,WR3,1.5,,0.02,0.01,0.03,0,2026-10-13
2026-10-06,5,2026-10-11,LV,NE,anytime_td,prob,DeMario Douglas,NE,DeMario Douglas,DeMario Douglas,WR3,0.5,,0.175,0.14,0.21,0,2026-10-13
2026-10-06,5,2026-10-11,LV,NE,anytime_td_2plus,prob,Tre Tucker,LV,Tre Tucker,Tre Tucker,WR1,1.5,,0.02,0.01,0.03,27,2026-10-13
2026-10-06,5,2026-10-11,LV,NE,anytime_td,prob,Tre Tucker,LV,Tre Tucker,Tre Tucker,WR1,0.5,,0.19,0.17,0.21,27,2026-10-13
2026-10-06,5,2026-10-11,LV,NE,anytime_td_2plus,prob,Mike Washington Jr.,LV,Mike Washington Jr.,Mike Washington Jr.,RB2,1.5,,0.015,0.01,0.02,0,2026-10-13
2026-10-06,5,2026-10-11,LV,NE,anytime_td,prob,Mike Washington Jr.,LV,Mike Washington Jr.,Mike Washington Jr.,RB2,0.5,,0.135,0.13,0.14,0,2026-10-13
2026-10-06,5,2026-10-11,LV,NE,anytime_td_2plus,prob,Michael Mayer,LV,Michael Mayer,Michael Mayer,TE2,1.5,,0.015,0.01,0.02,100,2026-10-13
2026-10-06,5,2026-10-11,LV,NE,anytime_td,prob,Michael Mayer,LV,Michael Mayer,Michael Mayer,TE2,0.5,,0.175,0.16,0.19,100,2026-10-13
2026-10-06,5,2026-10-11,LV,NE,anytime_td_2plus,prob,Malik Benson,LV,Malik Benson,Malik Benson,WR4+,1.5,,0.005,0.0,0.01,904,2026-10-13
2026-10-06,5,2026-10-11,LV,NE,anytime_td,prob,Malik Benson,LV,Malik Benson,Malik Benson,WR4+,0.5,,0.1,0.09,0.11,904,2026-10-13
2026-10-06,5,2026-10-11,LV,NE,anytime_td,prob,LV Raiders D/ST,LV,LV D/ST,,,0.5,,0.08,0.01,0.15,0,2026-10-13
2026-10-06,5,2026-10-11,LV,NE,anytime_td,prob,Kirk Cousins,LV,Kirk Cousins,Kirk Cousins,QB1,0.5,,0.04,0.02,0.06,0,2026-10-13
2026-10-06,5,2026-10-11,LV,NE,anytime_td_2plus,prob,Cody White,LV,Cody White,Cody White,WR3,1.5,,0.015,0.01,0.02,126,2026-10-13
2026-10-06,5,2026-10-11,LV,NE,anytime_td,prob,Cody White,LV,Cody White,Cody White,WR3,0.5,,0.135,0.12,0.15,126,2026-10-13
2026-10-06,5,2026-10-11,LV,NE,anytime_td_2plus,prob,Brock Bowers,LV,Brock Bowers,Brock Bowers,TE1,1.5,,0.07,0.06,0.08,234,2026-10-13
2026-10-06,5,2026-10-11,LV,NE,anytime_td,prob,Brock Bowers,LV,Brock Bowers,Brock Bowers,TE1,0.5,,0.365,0.34,0.39,234,2026-10-13
2026-10-06,5,2026-10-11,LV,NE,anytime_td_2plus,prob,Ashton Jeanty,LV,Ashton Jeanty,Ashton Jeanty,RB1,1.5,,0.13,0.12,0.14,0,2026-10-13
2026-10-06,5,2026-10-11,LV,NE,anytime_td,prob,Ashton Jeanty,LV,Ashton Jeanty,Ashton Jeanty,RB1,0.5,,0.485,0.46,0.51,0,2026-10-13
2026-10-06,5,2026-10-11,CIN,MIA,anytime_td,prob,Ollie Gordon II,MIA,Ollie Gordon II,Ollie Gordon,RB1,0.5,,0.37,0.33,0.41,0,2026-10-13
2026-10-06,5,2026-10-11,CIN,MIA,anytime_td,prob,MIA Dolphins D/ST,MIA,MIA D/ST,,,0.5,,0.08,0.01,0.15,0,2026-10-13
2026-10-06,5,2026-10-11,CIN,MIA,anytime_td,prob,CIN Bengals D/ST,CIN,CIN D/ST,,,0.5,,0.1,0.01,0.19,0,2026-10-13
2026-10-06,5,2026-10-11,CIN,MIA,anytime_td,prob,Chase Brown,CIN,Chase Brown,Chase Brown,RB1,0.5,,0.55,0.51,0.59,0,2026-10-13
2026-10-06,5,2026-10-11,HOU,TEN,anytime_td,prob,Tony Pollard,TEN,Tony Pollard,Tony Pollard,RB1,0.5,,0.275,0.26,0.29,0,2026-10-13
2026-10-06,5,2026-10-11,HOU,TEN,anytime_td,prob,TEN Titans D/ST,TEN,TEN D/ST,,,0.5,,0.08,0.01,0.15,0,2026-10-13
2026-10-06,5,2026-10-11,HOU,TEN,anytime_td,prob,Woody Marks,HOU,Woody Marks,Woody Marks,RB2,0.5,,0.365,0.33,0.4,0,2026-10-13
2026-10-06,5,2026-10-11,HOU,TEN,anytime_td,prob,Nico Collins,HOU,Nico Collins,Nico Collins,WR2,0.5,,0.395,0.38,0.41,7,2026-10-13
2026-10-06,5,2026-10-11,HOU,TEN,anytime_td,prob,HOU Texans D/ST,HOU,HOU D/ST,,,0.5,,0.1,0.01,0.19,0,2026-10-13
2026-10-06,5,2026-10-11,HOU,TEN,anytime_td,prob,David Montgomery,HOU,David Montgomery,David Montgomery,RB1,0.5,,0.495,0.47,0.52,0,2026-10-13
2026-10-06,5,2026-10-11,MIN,NO,anytime_td,prob,NO Saints D/ST,NO,NO D/ST,,,0.5,,0.085,0.01,0.16,0,2026-10-13
2026-10-06,5,2026-10-11,MIN,NO,anytime_td,prob,MIN Vikings D/ST,MIN,MIN D/ST,,,0.5,,0.12,0.05,0.19,59,2026-10-13
2026-10-06,5,2026-10-11,PHI,JAX,anytime_td_2plus,prob,Will Shipley,PHI,Will Shipley,Will Shipley,RB2,1.5,,0.04,0.02,0.06,0,2026-10-13
2026-10-06,5,2026-10-11,PHI,JAX,anytime_td,prob,Will Shipley,PHI,Will Shipley,Will Shipley,RB2,0.5,,0.285,0.24,0.33,0,2026-10-13
2026-10-06,5,2026-10-11,PHI,JAX,anytime_td,prob,PHI Eagles D/ST,PHI,PHI D/ST,,,0.5,,0.08,0.01,0.15,0,2026-10-13
2026-10-06,5,2026-10-11,PHI,JAX,anytime_td_2plus,prob,Makai Lemon,PHI,Makai Lemon,Makai Lemon,WR2,1.5,,0.015,0.01,0.02,0,2026-10-13
2026-10-06,5,2026-10-11,PHI,JAX,anytime_td,prob,Makai Lemon,PHI,Makai Lemon,Makai Lemon,WR2,0.5,,0.175,0.16,0.19,0,2026-10-13
2026-10-06,5,2026-10-11,PHI,JAX,anytime_td,prob,Johnny Mundt,PHI,Johnny Mundt,Johnny Mundt,TE2,0.5,,0.075,0.06,0.09,0,2026-10-13
2026-10-06,5,2026-10-11,PHI,JAX,anytime_td_2plus,prob,Jalen Hurts,PHI,Jalen Hurts,Jalen Hurts,QB1,1.5,,0.04,0.02,0.06,242,2026-10-13
2026-10-06,5,2026-10-11,PHI,JAX,anytime_td,prob,Jalen Hurts,PHI,Jalen Hurts,Jalen Hurts,QB1,0.5,,0.3,0.28,0.32,242,2026-10-13
2026-10-06,5,2026-10-11,PHI,JAX,anytime_td_2plus,prob,Dontayvion Wicks,PHI,Dontayvion Wicks,Dontayvion Wicks,WR1,1.5,,0.03,0.02,0.04,0,2026-10-13
2026-10-06,5,2026-10-11,PHI,JAX,anytime_td,prob,Dontayvion Wicks,PHI,Dontayvion Wicks,Dontayvion Wicks,WR1,0.5,,0.225,0.21,0.24,0,2026-10-13
2026-10-06,5,2026-10-11,PHI,JAX,anytime_td_2plus,prob,Darius Cooper,PHI,Darius Cooper,Darius Cooper,WR4+,1.5,,0.015,0.01,0.02,20,2026-10-13
2026-10-06,5,2026-10-11,PHI,JAX,anytime_td,prob,Darius Cooper,PHI,Darius Cooper,Darius Cooper,WR4+,0.5,,0.165,0.15,0.18,20,2026-10-13
2026-10-06,5,2026-10-11,PHI,JAX,anytime_td_2plus,prob,Trevor Lawrence,JAX,Trevor Lawrence,Trevor Lawrence,QB1,1.5,,0.035,0.03,0.04,258,2026-10-13
2026-10-06,5,2026-10-11,PHI,JAX,anytime_td,prob,Trevor Lawrence,JAX,Trevor Lawrence,Trevor Lawrence,QB1,0.5,,0.22,0.21,0.23,258,2026-10-13
2026-10-06,5,2026-10-11,PHI,JAX,anytime_td_2plus,prob,Parker Washington,JAX,Parker Washington,Parker Washington,WR2,1.5,,0.055,0.04,0.07,0,2026-10-13
2026-10-06,5,2026-10-11,PHI,JAX,anytime_td,prob,Parker Washington,JAX,Parker Washington,Parker Washington,WR2,0.5,,0.35,0.33,0.37,0,2026-10-13
2026-10-06,5,2026-10-11,PHI,JAX,anytime_td_2plus,prob,Nate Boerkircher,JAX,Nate Boerkircher,Nate Boerkircher,TE2,1.5,,0.015,0.01,0.02,300,2026-10-13
2026-10-06,5,2026-10-11,PHI,JAX,anytime_td,prob,Nate Boerkircher,JAX,Nate Boerkircher,Nate Boerkircher,TE2,0.5,,0.085,0.08,0.09,300,2026-10-13
2026-10-06,5,2026-10-11,PHI,JAX,anytime_td,prob,LeQuint Allen Jr.,JAX,LeQuint Allen Jr.,LeQuint Allen,RB3,0.5,,0.055,0.04,0.07,0,2026-10-13
2026-10-06,5,2026-10-11,PHI,JAX,anytime_td_2plus,prob,Jakobi Meyers,JAX,Jakobi Meyers,Jakobi Meyers,WR1,1.5,,0.03,0.02,0.04,0,2026-10-13
2026-10-06,5,2026-10-11,PHI,JAX,anytime_td,prob,Jakobi Meyers,JAX,Jakobi Meyers,Jakobi Meyers,WR1,0.5,,0.235,0.22,0.25,0,2026-10-13
2026-10-06,5,2026-10-11,PHI,JAX,anytime_td_2plus,prob,Josh Cameron,JAX,Josh Cameron,Josh Cameron,WR4+,1.5,,0.005,0.0,0.01,300,2026-10-13
2026-10-06,5,2026-10-11,PHI,JAX,anytime_td,prob,Josh Cameron,JAX,Josh Cameron,Josh Cameron,WR4+,0.5,,0.105,0.1,0.11,300,2026-10-13
2026-10-06,5,2026-10-11,PHI,JAX,anytime_td,prob,JAC Jaguars D/ST,JAX,JAX D/ST,,,0.5,,0.12,0.05,0.19,0,2026-10-13
2026-10-06,5,2026-10-11,PHI,JAX,anytime_td_2plus,prob,Chris Rodriguez Jr.,JAX,Chris Rodriguez Jr.,Chris Rodriguez,RB2,1.5,,0.03,0.02,0.04,41,2026-10-13
2026-10-06,5,2026-10-11,PHI,JAX,anytime_td,prob,Chris Rodriguez Jr.,JAX,Chris Rodriguez Jr.,Chris Rodriguez,RB2,0.5,,0.22,0.21,0.23,41,2026-10-13
2026-10-06,5,2026-10-11,PHI,JAX,anytime_td_2plus,prob,Bhayshul Tuten,JAX,Bhayshul Tuten,Bhayshul Tuten,RB1,1.5,,0.125,0.11,0.14,116,2026-10-13
2026-10-06,5,2026-10-11,PHI,JAX,anytime_td,prob,Bhayshul Tuten,JAX,Bhayshul Tuten,Bhayshul Tuten,RB1,0.5,,0.485,0.48,0.49,116,2026-10-13
2026-10-06,5,2026-10-11,PHI,JAX,anytime_td_2plus,prob,Brian Thomas Jr.,JAX,Brian Thomas Jr.,Brian Thomas,WR3,1.5,,0.02,0.01,0.03,9,2026-10-13
2026-10-06,5,2026-10-11,PHI,JAX,anytime_td,prob,Brian Thomas Jr.,JAX,Brian Thomas Jr.,Brian Thomas,WR3,0.5,,0.195,0.18,0.21,9,2026-10-13
2026-10-06,5,2026-10-11,PHI,JAX,anytime_td_2plus,prob,Brenton Strange,JAX,Brenton Strange,Brenton Strange,TE1,1.5,,0.025,0.02,0.03,41,2026-10-13
2026-10-06,5,2026-10-11,PHI,JAX,anytime_td,prob,Brenton Strange,JAX,Brenton Strange,Brenton Strange,TE1,0.5,,0.215,0.2,0.23,41,2026-10-13
2026-10-06,5,2026-10-11,PHI,JAX,anytime_td,prob,Ameer Abdullah,JAX,Ameer Abdullah,Ameer Abdullah,RB4,0.5,,0.065,0.05,0.08,67,2026-10-13
2026-10-06,5,2026-10-08,TB,DAL,anytime_td_3plus,prob,Bucky Irving,TB,Bucky Irving,Bucky Irving,RB1,2.5,,0.005,0.0,0.01,12528,2026-10-11
2026-10-06,5,2026-10-08,TB,DAL,anytime_td_2plus,prob,Bucky Irving,TB,Bucky Irving,Bucky Irving,RB1,1.5,,0.055,0.05,0.06,12528,2026-10-11
2026-10-06,5,2026-10-08,TB,DAL,anytime_td,prob,Bucky Irving,TB,Bucky Irving,Bucky Irving,RB1,0.5,,0.325,0.32,0.33,12528,2026-10-11
2026-10-06,5,2026-10-08,TB,DAL,anytime_td_3plus,prob,Javonte Williams,DAL,Javonte Williams,Javonte Williams,RB1,2.5,,0.07,0.06,0.08,13838,2026-10-11
2026-10-06,5,2026-10-08,TB,DAL,anytime_td_2plus,prob,Javonte Williams,DAL,Javonte Williams,Javonte Williams,RB1,1.5,,0.275,0.27,0.28,13838,2026-10-11
2026-10-06,5,2026-10-08,TB,DAL,anytime_td,prob,Javonte Williams,DAL,Javonte Williams,Javonte Williams,RB1,0.5,,0.655,0.65,0.66,13838,2026-10-11
2026-10-06,5,2026-10-08,TB,DAL,anytime_td_3plus,prob,George Pickens,DAL,George Pickens,George Pickens,WR2,2.5,,0.015,0.01,0.02,13491,2026-10-11
2026-10-06,5,2026-10-08,TB,DAL,anytime_td_2plus,prob,George Pickens,DAL,George Pickens,George Pickens,WR2,1.5,,0.095,0.09,0.1,13491,2026-10-11
2026-10-06,5,2026-10-08,TB,DAL,anytime_td,prob,George Pickens,DAL,George Pickens,George Pickens,WR2,0.5,,0.405,0.4,0.41,13491,2026-10-11
2026-10-06,5,2026-10-08,TB,DAL,anytime_td_3plus,prob,CeeDee Lamb,DAL,CeeDee Lamb,CeeDee Lamb,WR1,2.5,,0.035,0.03,0.04,35980,2026-10-11
2026-10-06,5,2026-10-08,TB,DAL,anytime_td_2plus,prob,CeeDee Lamb,DAL,CeeDee Lamb,CeeDee Lamb,WR1,1.5,,0.135,0.13,0.14,35980,2026-10-11
2026-10-06,5,2026-10-08,TB,DAL,anytime_td,prob,CeeDee Lamb,DAL,CeeDee Lamb,CeeDee Lamb,WR1,0.5,,0.475,0.47,0.48,35980,2026-10-11
2026-10-06,5,2026-10-08,TB,DAL,anytime_td_3plus,prob,Jake Ferguson,DAL,Jake Ferguson,Jake Ferguson,TE1,2.5,,0.005,0.0,0.01,28212,2026-10-11
2026-10-06,5,2026-10-08,TB,DAL,anytime_td_2plus,prob,Jake Ferguson,DAL,Jake Ferguson,Jake Ferguson,TE1,1.5,,0.035,0.03,0.04,28212,2026-10-11
2026-10-06,5,2026-10-08,TB,DAL,anytime_td,prob,Jake Ferguson,DAL,Jake Ferguson,Jake Ferguson,TE1,0.5,,0.285,0.28,0.29,28212,2026-10-11
2026-10-06,5,2026-10-08,TB,DAL,anytime_td_2plus,prob,Sean Tucker,TB,Sean Tucker,Sean Tucker,RB3,1.5,,0.02,0.01,0.03,2883,2026-10-11
2026-10-06,5,2026-10-08,TB,DAL,anytime_td,prob,Sean Tucker,TB,Sean Tucker,Sean Tucker,RB3,0.5,,0.185,0.18,0.19,2883,2026-10-11
2026-10-06,5,2026-10-08,TB,DAL,anytime_td_2plus,prob,Tez Johnson,TB,Tez Johnson,Tez Johnson,WR4+,1.5,,0.005,0.0,0.01,391,2026-10-11
2026-10-06,5,2026-10-08,TB,DAL,anytime_td,prob,Tez Johnson,TB,Tez Johnson,Tez Johnson,WR4+,0.5,,0.105,0.1,0.11,391,2026-10-11
2026-10-06,5,2026-10-08,TB,DAL,anytime_td_2plus,prob,Ted Hurst III,TB,Ted Hurst III,Ted Hurst,WR3,1.5,,0.015,0.01,0.02,28,2026-10-11
2026-10-06,5,2026-10-08,TB,DAL,anytime_td,prob,Ted Hurst III,TB,Ted Hurst III,Ted Hurst,WR3,0.5,,0.145,0.14,0.15,28,2026-10-11
2026-10-06,5,2026-10-08,TB,DAL,anytime_td_2plus,prob,Kenny Gainwell,TB,Kenny Gainwell,Kenneth Gainwell,RB2,1.5,,0.015,0.01,0.02,2888,2026-10-11
2026-10-06,5,2026-10-08,TB,DAL,anytime_td,prob,Kenny Gainwell,TB,Kenny Gainwell,Kenneth Gainwell,RB2,0.5,,0.175,0.17,0.18,2888,2026-10-11
2026-10-06,5,2026-10-08,TB,DAL,anytime_td_2plus,prob,KaVontae Turpin,DAL,KaVontae Turpin,KaVontae Turpin,WR4+,1.5,,0.005,0.0,0.01,2294,2026-10-11
2026-10-06,5,2026-10-08,TB,DAL,anytime_td,prob,KaVontae Turpin,DAL,KaVontae Turpin,KaVontae Turpin,WR4+,0.5,,0.1,0.09,0.11,2294,2026-10-11
2026-10-06,5,2026-10-08,TB,DAL,anytime_td,prob,Brevyn Spann-Ford,DAL,Brevyn Spann-Ford,Brevyn Spann-Ford,TE2,0.5,,0.085,0.08,0.09,6409,2026-10-11
2026-10-06,5,2026-10-08,TB,DAL,anytime_td,prob,Luke Schoonmaker,DAL,Luke Schoonmaker,Luke Schoonmaker,TE3,0.5,,0.07,0.06,0.08,252,2026-10-11
2026-10-06,5,2026-10-08,TB,DAL,anytime_td_2plus,prob,Hunter Luepke,DAL,Hunter Luepke,Hunter Luepke,FB1,1.5,,0.005,0.0,0.01,446,2026-10-11
2026-10-06,5,2026-10-08,TB,DAL,anytime_td,prob,Hunter Luepke,DAL,Hunter Luepke,Hunter Luepke,FB1,0.5,,0.075,0.07,0.08,446,2026-10-11
2026-10-06,5,2026-10-08,TB,DAL,anytime_td_2plus,prob,Tyler Goodson,DAL,Tyler Goodson,Tyler Goodson,RB2,1.5,,0.005,0.0,0.01,5394,2026-10-11
2026-10-06,5,2026-10-08,TB,DAL,anytime_td,prob,Tyler Goodson,DAL,Tyler Goodson,Tyler Goodson,RB2,0.5,,0.115,0.11,0.12,5394,2026-10-11
2026-10-06,5,2026-10-08,TB,DAL,anytime_td_2plus,prob,Cade Otton,TB,Cade Otton,Cade Otton,TE1,1.5,,0.015,0.01,0.02,6051,2026-10-11
2026-10-06,5,2026-10-08,TB,DAL,anytime_td,prob,Cade Otton,TB,Cade Otton,Cade Otton,TE1,0.5,,0.145,0.14,0.15,6051,2026-10-11
2026-10-06,5,2026-10-08,TB,DAL,anytime_td_2plus,prob,Chris Godwin Jr.,TB,Chris Godwin Jr.,Chris Godwin,WR2,1.5,,0.015,0.01,0.02,6828,2026-10-11
2026-10-06,5,2026-10-08,TB,DAL,anytime_td,prob,Chris Godwin Jr.,TB,Chris Godwin Jr.,Chris Godwin,WR2,0.5,,0.155,0.15,0.16,6828,2026-10-11
2026-10-06,5,2026-10-08,TB,DAL,anytime_td_2plus,prob,Emeka Egbuka,TB,Emeka Egbuka,Emeka Egbuka,WR1,1.5,,0.035,0.03,0.04,7061,2026-10-11
2026-10-06,5,2026-10-08,TB,DAL,anytime_td,prob,Emeka Egbuka,TB,Emeka Egbuka,Emeka Egbuka,WR1,0.5,,0.245,0.24,0.25,7061,2026-10-11
2026-10-06,5,2026-10-08,TB,DAL,anytime_td_2plus,prob,Jalon Daniels,TB,Jalon Daniels,Jalon Daniels,QB1,1.5,,0.025,0.02,0.03,2711,2026-10-11
2026-10-06,5,2026-10-08,TB,DAL,anytime_td,prob,Jalon Daniels,TB,Jalon Daniels,Jalon Daniels,QB1,0.5,,0.245,0.24,0.25,2711,2026-10-11
2026-10-06,5,2026-10-08,TB,DAL,anytime_td_2plus,prob,Dak Prescott,DAL,Dak Prescott,Dak Prescott,QB1,1.5,,0.015,0.01,0.02,25565,2026-10-11
2026-10-06,5,2026-10-08,TB,DAL,anytime_td,prob,Dak Prescott,DAL,Dak Prescott,Dak Prescott,QB1,0.5,,0.145,0.14,0.15,25565,2026-10-11
2026-10-06,5,2026-10-08,TB,DAL,anytime_td_2plus,prob,Ryan Flournoy,DAL,Ryan Flournoy,Ryan Flournoy,WR3,1.5,,0.025,0.02,0.03,3361,2026-10-11
2026-10-06,5,2026-10-08,TB,DAL,anytime_td,prob,Ryan Flournoy,DAL,Ryan Flournoy,Ryan Flournoy,WR3,0.5,,0.215,0.21,0.22,3361,2026-10-11
2026-10-06,5,2026-10-08,TB,DAL,anytime_td,prob,TB Buccaneers D/ST,TB,TB D/ST,,,0.5,,0.085,0.08,0.09,25662,2026-10-11
2026-10-06,5,2026-10-08,TB,DAL,anytime_td,prob,DAL Cowboys D/ST,DAL,DAL D/ST,,,0.5,,0.16,0.15,0.17,54251,2026-10-11
