week,game,kind,team,headline,detail,weight
1,ARI@LAC,rematch,ARI,last meeting: LAC 15 @ ARI 17,2024 wk 7 · ARI 1–0 LAC since 2024,2
1,ATL@PIT,rematch,PIT,last meeting: PIT 18 @ ATL 10,2024 wk 1 · ATL 0–1 PIT since 2024,2
1,BUF@HOU,rematch,HOU,last meeting: BUF 19 @ HOU 23,2025 wk 12 · BUF 0–2 HOU since 2024,2
1,CHI@CAR,rematch,CHI,last meeting: CAR 10 @ CHI 36,2024 wk 5 · CHI 1–0 CAR since 2024,2
1,CLE@JAX,rematch,CLE,last meeting: CLE 18 @ JAX 13,2024 wk 2 · CLE 1–0 JAX since 2024,2
1,DAL@NYG,rivalry,,Giants–Cowboys,NFC East · DAL 3–1 NYG since 2024,4
1,DAL@NYG,division,,NFC East game,DAL 3–1 NYG since 2024,3
1,DAL@NYG,rematch,NYG,last meeting: DAL 17 @ NYG 34,2025 wk 18 · DAL 3–1 NYG since 2024,2
1,DEN@KC,rivalry,,Chiefs–Broncos,AFC West · DEN 3–1 KC since 2024,4
1,DEN@KC,division,,AFC West game,DEN 3–1 KC since 2024,3
1,DEN@KC,rematch,DEN,last meeting: DEN 20 @ KC 13,2025 wk 17 · DEN 3–1 KC since 2024,2
1,DEN@KC,streak,DEN,DEN has won 3 straight in the series,,2
1,GB@MIN,rivalry,,Packers–Vikings,Border Battle · GB 1–3 MIN since 2024,4
1,GB@MIN,division,,NFC North game,GB 1–3 MIN since 2024,3
1,GB@MIN,rematch,MIN,last meeting: GB 3 @ MIN 16,2025 wk 18 · GB 1–3 MIN since 2024,2
1,GB@MIN,revenge,MIN,"Aaron Jones (MIN) faces GB, the team that drafted him",,2
1,MIA@LV,rematch,MIA,last meeting: LV 19 @ MIA 34,2024 wk 11 · MIA 1–0 LV since 2024,2
1,NE@SEA,rematch,,playoff rematch: SEA 29 @ NE 13 (2025 SB),,3
1,NE@SEA,rematch,SEA,last meeting: SEA 29 @ NE 13,2025 wk 22 (SB playoff game) · NE 0–2 SEA since 2024,2
1,NYJ@TEN,rematch,NYJ,last meeting: NYJ 24 @ TEN 17,2024 wk 2 · NYJ 1–0 TEN since 2024,2
1,SF@LAR,rivalry,,49ers–Rams,California classic since 1950 · SF 1–3 LAR since 2024,4
1,SF@LAR,division,,NFC West game,SF 1–3 LAR since 2024,3
1,SF@LAR,rematch,LAR,last meeting: LAR 42 @ SF 26,2025 wk 10 · SF 1–3 LAR since 2024,2
1,SF@LAR,revenge,SF,"Demarcus Robinson (SF) faces LAR, his team in 2024",,2
1,WAS@PHI,rivalry,,Eagles–Commanders,NFC East · WAS 2–3 PHI since 2024,4
1,WAS@PHI,division,,NFC East game,WAS 2–3 PHI since 2024,3
1,WAS@PHI,rematch,,playoff rematch: WAS 23 @ PHI 55 (2024 CON),,3
1,WAS@PHI,rematch,WAS,last meeting: WAS 24 @ PHI 17,2025 wk 18 · WAS 2–3 PHI since 2024,2
2,CAR@ATL,rivalry,,Panthers–Falcons,NFC South · CAR 3–1 ATL since 2024,4
2,CAR@ATL,division,,NFC South game,CAR 3–1 ATL since 2024,3
2,CAR@ATL,rematch,CAR,last meeting: CAR 30 @ ATL 27,2025 wk 11 · CAR 3–1 ATL since 2024,2
2,CAR@ATL,streak,CAR,CAR has won 3 straight in the series,,2
2,CLE@TB,revenge,TB,"Baker Mayfield (TB) faces CLE, the team that drafted him",,2
2,DET@BUF,rematch,BUF,last meeting: BUF 48 @ DET 42,2024 wk 15 · DET 0–1 BUF since 2024,2
2,IND@KC,rematch,KC,last meeting: IND 20 @ KC 23,2025 wk 12 · IND 0–1 KC since 2024,2
2,JAX@DEN,rematch,JAX,last meeting: JAX 34 @ DEN 20,2025 wk 16 · JAX 1–0 DEN since 2024,2
2,JAX@DEN,revenge,DEN,"Evan Engram (DEN) faces JAX, his team in 2024",,2
2,LV@LAC,rivalry,,Chargers–Raiders,AFL originals · LV 0–4 LAC since 2024,4
2,LV@LAC,division,,AFC West game,LV 0–4 LAC since 2024,3
2,LV@LAC,rematch,LAC,last meeting: LV 14 @ LAC 31,2025 wk 13 · LV 0–4 LAC since 2024,2
2,LV@LAC,streak,LAC,LAC has won 4 straight in the series,,2
2,MIA@SF,rematch,MIA,last meeting: SF 17 @ MIA 29,2024 wk 16 · MIA 1–0 SF since 2024,2
2,MIA@SF,revenge,MIA,"Bradley Pinion (MIA) faces SF, the team that drafted him",,2
2,MIN@CHI,rivalry,,Vikings–Bears,NFC North · MIN 3–1 CHI since 2024,4
2,MIN@CHI,division,,NFC North game,MIN 3–1 CHI since 2024,3
2,MIN@CHI,rematch,CHI,last meeting: CHI 19 @ MIN 17,2025 wk 11 · MIN 3–1 CHI since 2024,2
2,PIT@NE,rivalry,,Steelers–Patriots,AFC title-game regulars of the 2000s · PIT 1–0 NE since 2024,4
2,PIT@NE,rematch,PIT,last meeting: PIT 21 @ NE 14,2025 wk 3 · PIT 1–0 NE since 2024,2
2,SEA@ARI,rivalry,,Cardinals–Seahawks,NFC West · SEA 4–0 ARI since 2024,4
2,SEA@ARI,division,,NFC West game,SEA 4–0 ARI since 2024,3
2,SEA@ARI,rematch,SEA,last meeting: ARI 22 @ SEA 44,2025 wk 10 · SEA 4–0 ARI since 2024,2
2,SEA@ARI,streak,SEA,SEA has won 4 straight in the series,,2
2,WAS@DAL,rivalry,,Cowboys–Commanders,NFC East blood feud since 1960 · WAS 1–3 DAL since 2024,4
2,WAS@DAL,division,,NFC East game,WAS 1–3 DAL since 2024,3
2,WAS@DAL,rematch,DAL,last meeting: DAL 30 @ WAS 23,2025 wk 17 · WAS 1–3 DAL since 2024,2
3,ARI@SF,rivalry,,Cardinals–49ers,NFC West · ARI 2–2 SF since 2024,4
3,ARI@SF,division,,NFC West game,ARI 2–2 SF since 2024,3
3,ARI@SF,rematch,SF,last meeting: SF 41 @ ARI 22,2025 wk 11 · ARI 2–2 SF since 2024,2
3,ARI@SF,revenge,ARI,"Kendrick Bourne (ARI) faces SF, his team in 2025",,2
3,BAL@DAL,rematch,BAL,last meeting: BAL 28 @ DAL 25,2024 wk 3 · BAL 1–0 DAL since 2024,2
3,CIN@PIT,rivalry,,Bengals–Steelers,AFC North grudge match · CIN 2–2 PIT since 2024,4
3,CIN@PIT,division,,AFC North game,CIN 2–2 PIT since 2024,3
3,CIN@PIT,rematch,PIT,last meeting: CIN 12 @ PIT 34,2025 wk 11 · CIN 2–2 PIT since 2024,2
3,HOU@IND,rivalry,,Texans–Colts,AFC South · HOU 4–0 IND since 2024,4
3,HOU@IND,division,,AFC South game,HOU 4–0 IND since 2024,3
3,HOU@IND,rematch,HOU,last meeting: IND 30 @ HOU 38,2025 wk 18 · HOU 4–0 IND since 2024,2
3,HOU@IND,streak,HOU,HOU has won 4 straight in the series,,2
3,LV@NO,rematch,LV,last meeting: LV 25 @ NO 10,2024 wk 17 · LV 1–0 NO since 2024,2
3,NE@JAX,rematch,JAX,last meeting: NE 16 @ JAX 32,2024 wk 7 · NE 0–1 JAX since 2024,2
3,PHI@CHI,rematch,CHI,last meeting: CHI 24 @ PHI 15,2025 wk 13 · PHI 0–1 CHI since 2024,2
3,SEA@WAS,rematch,SEA,last meeting: SEA 38 @ WAS 14,2025 wk 9 · SEA 1–0 WAS since 2024,2
3,TEN@NYG,coach,TEN,"Brian Daboll (TEN OC) faces NYG, where he was HC last season",,3
3,TEN@NYG,coach,NYG,"Dennard Wilson (NYG DC) faces TEN, where he was on staff last season",,3
3,TEN@NYG,revenge,TEN,"Wan'Dale Robinson (TEN) faces NYG, his team in 2025",,2
3,TEN@NYG,revenge,TEN,"Daniel Bellinger (TEN) faces NYG, his team in 2025",,2
4,ATL@NO,rivalry,,Saints–Falcons,the Southern rivalry since 1967 · ATL 3–1 NO since 2024,4
4,ATL@NO,division,,NFC South game,ATL 3–1 NO since 2024,3
4,ATL@NO,rematch,ATL,last meeting: NO 17 @ ATL 19,2025 wk 18 · ATL 3–1 NO since 2024,2
4,DAL@HOU,rematch,HOU,last meeting: HOU 34 @ DAL 10,2024 wk 11 · DAL 0–1 HOU since 2024,2
4,DAL@HOU,revenge,HOU,"Dalton Schultz (HOU) faces DAL, the team that drafted him",,2
4,JAX@CIN,rematch,CIN,last meeting: JAX 27 @ CIN 31,2025 wk 2 · JAX 0–1 CIN since 2024,2
4,KC@LV,rivalry,,Chiefs–Raiders,"AFL originals, hate since 1960 · KC 3–1 LV since 2024",4
4,KC@LV,division,,AFC West game,KC 3–1 LV since 2024,3
4,KC@LV,rematch,LV,last meeting: KC 12 @ LV 14,2025 wk 18 · KC 3–1 LV since 2024,2
4,LAR@PHI,rematch,,playoff rematch: LAR 22 @ PHI 28 (2024 DIV),,3
4,LAR@PHI,rematch,PHI,last meeting: LAR 26 @ PHI 33,2025 wk 3 · LAR 0–3 PHI since 2024,2
4,LAR@PHI,streak,PHI,PHI has won 3 straight in the series,,2
4,NE@BUF,rivalry,,Bills–Patriots,AFC East · NE 2–2 BUF since 2024,4
4,NE@BUF,division,,AFC East game,NE 2–2 BUF since 2024,3
4,NE@BUF,rematch,BUF,last meeting: BUF 35 @ NE 31,2025 wk 15 · NE 2–2 BUF since 2024,2
4,NE@BUF,revenge,NE,"Mack Hollins (NE) faces BUF, his team in 2024",,2
4,PIT@CLE,rivalry,,Steelers–Browns,Turnpike rivalry · PIT 2–2 CLE since 2024,4
4,PIT@CLE,division,,AFC North game,PIT 2–2 CLE since 2024,3
4,PIT@CLE,rematch,CLE,last meeting: PIT 6 @ CLE 13,2025 wk 17 · PIT 2–2 CLE since 2024,2
4,TEN@BAL,revenge,BAL,"Derrick Henry (BAL) faces TEN, the team that drafted him",,2
5,BAL@ATL,revenge,BAL,"Lamar Jackson (BAL) faces ATL, his team in 2024",,2
5,BAL@ATL,revenge,ATL,"Cooper Rush (ATL) faces BAL, his team in 2025",,2
5,BUF@LAR,rematch,LAR,last meeting: BUF 42 @ LAR 44,2024 wk 14 · BUF 0–1 LAR since 2024,2
5,CHI@GB,rivalry,,Packers–Bears,"the oldest rivalry in the NFL, first played in 1921 · CHI 3–2 GB since 2024",4
5,CHI@GB,division,,NFC North game,CHI 3–2 GB since 2024,3
5,CHI@GB,rematch,,playoff rematch: GB 27 @ CHI 31 (2025 WC),,3
5,CHI@GB,rematch,CHI,last meeting: GB 27 @ CHI 31,2025 wk 19 (WC playoff game) · CHI 3–2 GB since 2024,2
5,CIN@MIA,rematch,CIN,last meeting: CIN 45 @ MIA 21,2025 wk 16 · CIN 1–0 MIA since 2024,2
5,CIN@MIA,revenge,CIN,"Mike Gesicki (CIN) faces MIA, the team that drafted him",,2
5,CLE@NYJ,rematch,NYJ,last meeting: CLE 20 @ NYJ 27,2025 wk 10 · CLE 0–1 NYJ since 2024,2
5,CLE@NYJ,revenge,CLE,"Malachi Corley (CLE) faces NYJ, his team in 2024",,2
5,DEN@LAC,rivalry,,Chargers–Broncos,AFC West · DEN 1–3 LAC since 2024,4
5,DEN@LAC,division,,AFC West game,DEN 1–3 LAC since 2024,3
5,DEN@LAC,rematch,DEN,last meeting: LAC 3 @ DEN 19,2025 wk 18 · DEN 1–3 LAC since 2024,2
5,DEN@LAC,revenge,DEN,"J.K. Dobbins (DEN) faces LAC, his team in 2024",,2
5,DET@ARI,coach,DET,"Drew Petzing (DET OC) faces ARI, where he was on staff last season",,3
5,DET@ARI,rematch,DET,last meeting: DET 20 @ ARI 13,2024 wk 3 · DET 1–0 ARI since 2024,2
5,HOU@TEN,rivalry,,Texans–Titans,Houston vs the team that left Houston · HOU 3–1 TEN since 2024,4
5,HOU@TEN,division,,AFC South game,HOU 3–1 TEN since 2024,3
5,HOU@TEN,rematch,HOU,last meeting: HOU 16 @ TEN 13,2025 wk 11 · HOU 3–1 TEN since 2024,2
5,HOU@TEN,streak,HOU,HOU has won 3 straight in the series,,2
5,IND@PIT,rematch,PIT,last meeting: IND 20 @ PIT 27,2025 wk 9 · IND 1–1 PIT since 2024,2
5,IND@PIT,revenge,PIT,"Michael Pittman Jr. (PIT) faces IND, his team in 2025",,2
5,LV@NE,rematch,LV,last meeting: LV 20 @ NE 13,2025 wk 1 · LV 1–0 NE since 2024,2
5,MIN@NO,rivalry,,Vikings–Saints,"Bountygate, the Minneapolis Miracle · first meeting since 2024",4
5,NYG@WAS,rivalry,,Giants–Commanders,the oldest NFC East rivalry · NYG 0–4 WAS since 2024,4
5,NYG@WAS,division,,NFC East game,NYG 0–4 WAS since 2024,3
5,NYG@WAS,rematch,WAS,last meeting: WAS 29 @ NYG 21,2025 wk 15 · NYG 0–4 WAS since 2024,2
5,NYG@WAS,streak,WAS,WAS has won 4 straight in the series,,2
5,PHI@JAX,rematch,PHI,last meeting: JAX 23 @ PHI 28,2024 wk 9 · PHI 1–0 JAX since 2024,2
5,PHI@JAX,revenge,PHI,"Tank Bigsby (PHI) faces JAX, his team in 2024",,2
5,PHI@JAX,revenge,PHI,"Johnny Mundt (PHI) faces JAX, his team in 2025",,2
5,SF@SEA,rivalry,,49ers–Seahawks,NFC West heavyweight bout · SF 2–3 SEA since 2024,4
5,SF@SEA,division,,NFC West game,SF 2–3 SEA since 2024,3
5,SF@SEA,rematch,,playoff rematch: SF 6 @ SEA 41 (2025 DIV),,3
5,SF@SEA,rematch,SEA,last meeting: SF 6 @ SEA 41,2025 wk 20 (DIV playoff game) · SF 2–3 SEA since 2024,2
5,SF@SEA,revenge,SEA,"Eric Saubert (SEA) faces SF, his team in 2024",,2
5,TB@DAL,rematch,DAL,last meeting: TB 24 @ DAL 26,2024 wk 16 · TB 0–1 DAL since 2024,2
6,ARI@LAR,rivalry,,Cardinals–Rams,NFC West · ARI 1–3 LAR since 2024,4
6,ARI@LAR,division,,NFC West game,ARI 1–3 LAR since 2024,3
6,ARI@LAR,rematch,LAR,last meeting: ARI 20 @ LAR 37,2025 wk 18 · ARI 1–3 LAR since 2024,2
6,ARI@LAR,streak,LAR,LAR has won 3 straight in the series,,2
6,ARI@LAR,revenge,ARI,"Hunter Long (ARI) faces LAR, his team in 2024",,2
6,BAL@CLE,rivalry,,Ravens–Browns,the franchise that moved vs the city it left · BAL 3–1 CLE since 2024,4
6,BAL@CLE,division,,AFC North game,BAL 3–1 CLE since 2024,3
6,BAL@CLE,rematch,BAL,last meeting: BAL 23 @ CLE 16,2025 wk 11 · BAL 3–1 CLE since 2024,2
6,BAL@CLE,streak,BAL,BAL has won 3 straight in the series,,2
6,BAL@CLE,revenge,CLE,"Tylan Wallace (CLE) faces BAL, his team in 2025",,2
6,CAR@PHI,rematch,PHI,last meeting: CAR 16 @ PHI 22,2024 wk 14 · CAR 0–1 PHI since 2024,2
6,CAR@PHI,revenge,CAR,"Kenny Pickett (CAR) faces PHI, his team in 2024",,2
6,CAR@PHI,revenge,CAR,"AJ Dillon (CAR) faces PHI, his team in 2025",,2
6,CAR@PHI,revenge,PHI,"Andy Dalton (PHI) faces CAR, his team in 2025",,2
6,CHI@ATL,revenge,ATL,"Olamide Zaccheaus (ATL) faces CHI, his team in 2025",,2
6,DAL@GB,rivalry,,Cowboys–Packers,"Ice Bowl, Dez caught it · DAL 0–0 GB since 2024",4
6,DAL@GB,rematch,DAL,last meeting: GB 40 @ DAL 40,2025 wk 4 · DAL 0–0 GB since 2024,2
6,HOU@JAX,rivalry,,Texans–Jaguars,AFC South · HOU 3–1 JAX since 2024,4
6,HOU@JAX,division,,AFC South game,HOU 3–1 JAX since 2024,3
6,HOU@JAX,rematch,HOU,last meeting: JAX 29 @ HOU 36,2025 wk 10 · HOU 3–1 JAX since 2024,2
6,LAC@KC,rivalry,,Chargers–Chiefs,AFC West · LAC 2–2 KC since 2024,4
6,LAC@KC,division,,AFC West game,LAC 2–2 KC since 2024,3
6,LAC@KC,rematch,LAC,last meeting: LAC 16 @ KC 13,2025 wk 15 · LAC 2–2 KC since 2024,2
6,NO@NYG,rematch,NO,last meeting: NYG 14 @ NO 26,2025 wk 5 · NO 2–0 NYG since 2024,2
6,NO@NYG,revenge,NYG,"Jake Haener (NYG) faces NO, his team in 2025",,2
6,NYJ@NE,rivalry,,Patriots–Jets,Border War · NYJ 1–3 NE since 2024,4
6,NYJ@NE,division,,AFC East game,NYJ 1–3 NE since 2024,3
6,NYJ@NE,rematch,NE,last meeting: NE 42 @ NYJ 10,2025 wk 17 · NYJ 1–3 NE since 2024,2
6,NYJ@NE,streak,NE,NE has won 3 straight in the series,,2
6,SEA@DEN,rematch,SEA,last meeting: DEN 20 @ SEA 26,2024 wk 1 · SEA 1–0 DEN since 2024,2
6,SEA@DEN,revenge,SEA,"Drew Lock (SEA) faces DEN, the team that drafted him",,2
6,TEN@IND,rivalry,,Colts–Titans,AFC South · TEN 0–4 IND since 2024,4
6,TEN@IND,division,,AFC South game,TEN 0–4 IND since 2024,3
6,TEN@IND,rematch,IND,last meeting: TEN 14 @ IND 38,2025 wk 8 · TEN 0–4 IND since 2024,2
6,TEN@IND,streak,IND,IND has won 4 straight in the series,,2
6,TEN@IND,revenge,TEN,"Kylen Granson (TEN) faces IND, his team in 2024",,2
6,TEN@IND,revenge,IND,"Nick Westbrook-Ikhine (IND) faces TEN, his team in 2024",,2
6,WAS@SF,revenge,SF,"Deebo Samuel Sr. (SF) faces WAS, his team in 2025",,2
7,CIN@BAL,rivalry,,Ravens–Bengals,AFC North · CIN 1–3 BAL since 2024,4
7,CIN@BAL,division,,AFC North game,CIN 1–3 BAL since 2024,3
7,CIN@BAL,rematch,BAL,last meeting: BAL 24 @ CIN 0,2025 wk 15 · CIN 1–3 BAL since 2024,2
7,CIN@BAL,revenge,CIN,"Joe Flacco (CIN) faces BAL, the team that drafted him",,2
7,CLE@TEN,rematch,TEN,last meeting: TEN 31 @ CLE 29,2025 wk 14 · CLE 0–1 TEN since 2024,2
7,DAL@PHI,rivalry,,Cowboys–Eagles,the NFC East title fight more often than not · DAL 1–3 PHI since 2024,4
7,DAL@PHI,division,,NFC East game,DAL 1–3 PHI since 2024,3
7,DAL@PHI,rematch,DAL,last meeting: PHI 21 @ DAL 24,2025 wk 12 · DAL 1–3 PHI since 2024,2
7,DAL@PHI,revenge,DAL,"Sam Howell (DAL) faces PHI, his team in 2025",,2
7,GB@DET,rivalry,,Lions–Packers,NFC North · GB 2–2 DET since 2024,4
7,GB@DET,division,,NFC North game,GB 2–2 DET since 2024,3
7,GB@DET,rematch,GB,last meeting: GB 31 @ DET 24,2025 wk 13 · GB 2–2 DET since 2024,2
7,IND@MIN,rematch,MIN,last meeting: IND 13 @ MIN 21,2024 wk 9 · IND 0–1 MIN since 2024,2
7,IND@MIN,revenge,IND,"Daniel Jones (IND) faces MIN, his team in 2024",,2
7,IND@MIN,revenge,IND,"Laquon Treadwell (IND) faces MIN, the team that drafted him",,2
7,KC@SEA,revenge,KC,"Kenneth Walker III (KC) faces SEA, his team in 2025",,2
7,LAR@LV,rematch,LAR,last meeting: LV 15 @ LAR 20,2024 wk 7 · LAR 1–0 LV since 2024,2
7,LAR@LV,revenge,LAR,"Alex Bachman (LAR) faces LV, his team in 2025",,2
7,MIA@NYJ,rivalry,,Jets–Dolphins,AFC East · MIA 3–1 NYJ since 2024,4
7,MIA@NYJ,division,,AFC East game,MIA 3–1 NYJ since 2024,3
7,MIA@NYJ,rematch,MIA,last meeting: MIA 34 @ NYJ 10,2025 wk 14 · MIA 3–1 NYJ since 2024,2
7,MIA@NYJ,revenge,MIA,"Brady Cook (MIA) faces NYJ, his team in 2025",,2
7,NE@CHI,rematch,NE,last meeting: NE 19 @ CHI 3,2024 wk 10 · NE 1–0 CHI since 2024,2
7,NYG@HOU,revenge,NYG,"Braxton Berrios (NYG) faces HOU, his team in 2025",,2
7,SF@ATL,coach,SF,"Raheem Morris (SF DC) faces ATL, where he was HC last season",,3
7,SF@ATL,rematch,SF,last meeting: ATL 10 @ SF 20,2025 wk 7 · SF 1–0 ATL since 2024,2
7,SF@ATL,revenge,ATL,"Brian Robinson Jr. (ATL) faces SF, his team in 2025",,2
7,SF@ATL,revenge,ATL,"Trey Sermon (ATL) faces SF, the team that drafted him",,2
7,SF@ATL,revenge,ATL,"Charlie Woerner (ATL) faces SF, the team that drafted him",,2
7,TB@CAR,rivalry,,Panthers–Buccaneers,NFC South · TB 3–1 CAR since 2024,4
7,TB@CAR,division,,NFC South game,TB 3–1 CAR since 2024,3
7,TB@CAR,rematch,TB,last meeting: CAR 14 @ TB 16,2025 wk 18 · TB 3–1 CAR since 2024,2
8,ARI@DAL,rematch,ARI,last meeting: ARI 27 @ DAL 17,2025 wk 9 · ARI 1–0 DAL since 2024,2
8,ARI@DAL,revenge,ARI,"Jalen Brooks (ARI) faces DAL, his team in 2024",,2
8,ARI@DAL,revenge,ARI,"Simi Fehoko (ARI) faces DAL, the team that drafted him",,2
8,ARI@DAL,revenge,DAL,"Emari Demercado (DAL) faces ARI, his team in 2025",,2
8,ATL@TB,rivalry,,Buccaneers–Falcons,NFC South · ATL 3–1 TB since 2024,4
8,ATL@TB,division,,NFC South game,ATL 3–1 TB since 2024,3
8,ATL@TB,coach,TB,"Zac Robinson (TB OC) faces ATL, where he was on staff last season",,3
8,ATL@TB,rematch,ATL,last meeting: ATL 29 @ TB 28,2025 wk 15 · ATL 3–1 TB since 2024,2
8,ATL@TB,revenge,TB,"Easton Stick (TB) faces ATL, his team in 2025",,2
8,ATL@TB,revenge,TB,"David Sills V (TB) faces ATL, his team in 2025",,2
8,BAL@BUF,rematch,,playoff rematch: BAL 25 @ BUF 27 (2024 DIV),,3
8,BAL@BUF,rematch,BUF,last meeting: BAL 40 @ BUF 41,2025 wk 1 · BAL 1–2 BUF since 2024,2
8,CAR@GB,rematch,CAR,last meeting: CAR 16 @ GB 13,2025 wk 9 · CAR 1–0 GB since 2024,2
8,CAR@GB,revenge,CAR,"AJ Dillon (CAR) faces GB, his team in 2024",,2
8,CHI@SEA,rematch,SEA,last meeting: SEA 6 @ CHI 3,2024 wk 17 · CHI 0–1 SEA since 2024,2
8,CHI@SEA,revenge,CHI,"Brittain Brown (CHI) faces SEA, his team in 2024",,2
8,CHI@SEA,revenge,SEA,"Velus Jones Jr. (SEA) faces CHI, the team that drafted him",,2
8,CLE@PIT,rivalry,,Steelers–Browns,Turnpike rivalry · CLE 3–2 PIT since 2024,4
8,CLE@PIT,division,,AFC North game,CLE 3–2 PIT since 2024,3
8,CLE@PIT,rematch,CLE,last meeting: PIT 24 @ CLE 27,2026 wk 4 · CLE 3–2 PIT since 2024,2
8,IND@JAX,rivalry,,Jaguars–Colts,AFC South · IND 1–3 JAX since 2024,4
8,IND@JAX,division,,AFC South game,IND 1–3 JAX since 2024,3
8,IND@JAX,rematch,JAX,last meeting: JAX 23 @ IND 17,2025 wk 17 · IND 1–3 JAX since 2024,2
8,IND@JAX,revenge,JAX,"Ameer Abdullah (JAX) faces IND, his team in 2025",,2
8,KC@DEN,rivalry,,Chiefs–Broncos,AFC West · KC 2–3 DEN since 2024,4
8,KC@DEN,division,,AFC West game,KC 2–3 DEN since 2024,3
8,KC@DEN,rematch,KC,last meeting: DEN 10 @ KC 31,2026 wk 1 · KC 2–3 DEN since 2024,2
8,LV@NYJ,revenge,NYJ,"Geno Smith (NYJ) faces LV, his team in 2025",,2
8,MIN@DET,rivalry,,Lions–Vikings,NFC North · MIN 2–2 DET since 2024,4
8,MIN@DET,division,,NFC North game,MIN 2–2 DET since 2024,3
8,MIN@DET,rematch,MIN,last meeting: DET 10 @ MIN 23,2025 wk 17 · MIN 2–2 DET since 2024,2
8,MIN@DET,revenge,MIN,"T.J. Hockenson (MIN) faces DET, the team that drafted him",,2
8,MIN@DET,revenge,DET,"Tyler Conklin (DET) faces MIN, the team that drafted him",,2
8,NE@MIA,rivalry,,Patriots–Dolphins,AFC East · NE 2–2 MIA since 2024,4
8,NE@MIA,division,,AFC East game,NE 2–2 MIA since 2024,3
8,NE@MIA,rematch,NE,last meeting: MIA 10 @ NE 38,2025 wk 18 · NE 2–2 MIA since 2024,2
8,PHI@WAS,rivalry,,Eagles–Commanders,NFC East · PHI 4–2 WAS since 2024,4
8,PHI@WAS,division,,NFC East game,PHI 4–2 WAS since 2024,3
8,PHI@WAS,rematch,,playoff rematch: WAS 23 @ PHI 55 (2024 CON),,3
8,PHI@WAS,rematch,PHI,last meeting: WAS 22 @ PHI 24,2026 wk 1 · PHI 4–2 WAS since 2024,2
8,PHI@WAS,revenge,PHI,"Zach Ertz (PHI) faces WAS, his team in 2025",,2
8,TEN@CIN,rematch,CIN,last meeting: CIN 37 @ TEN 27,2024 wk 15 · TEN 0–1 CIN since 2024,2
9,ARI@SEA,rivalry,,Cardinals–Seahawks,NFC West · ARI 0–5 SEA since 2024,4
9,ARI@SEA,division,,NFC West game,ARI 0–5 SEA since 2024,3
9,ARI@SEA,rematch,SEA,last meeting: SEA 31 @ ARI 7,2026 wk 2 · ARI 0–5 SEA since 2024,2
9,ARI@SEA,streak,SEA,SEA has won 5 straight in the series,,2
9,CLE@NO,rematch,NO,last meeting: CLE 14 @ NO 35,2024 wk 11 · CLE 0–1 NO since 2024,2
9,DAL@IND,revenge,DAL,"Tyler Goodson (DAL) faces IND, his team in 2025",,2
9,DEN@CAR,rematch,DEN,last meeting: CAR 14 @ DEN 28,2024 wk 8 · DEN 1–0 CAR since 2024,2
9,GB@NE,revenge,NE,"Romeo Doubs (NE) faces GB, his team in 2025",,2
9,HOU@LAC,rematch,,playoff rematch: LAC 12 @ HOU 32 (2024 WC),,3
9,HOU@LAC,rematch,HOU,last meeting: HOU 20 @ LAC 16,2025 wk 17 · HOU 2–0 LAC since 2024,2
9,NYG@PHI,rivalry,,Giants–Eagles,I-95 rivalry · NYG 1–3 PHI since 2024,4
9,NYG@PHI,division,,NFC East game,NYG 1–3 PHI since 2024,3
9,NYG@PHI,rematch,PHI,last meeting: NYG 20 @ PHI 38,2025 wk 8 · NYG 1–3 PHI since 2024,2
9,NYG@PHI,revenge,PHI,"Saquon Barkley (PHI) faces NYG, the team that drafted him",,2
9,NYJ@KC,revenge,KC,"Justin Fields (KC) faces NYJ, his team in 2025",,2
10,BUF@NYJ,rivalry,,Jets–Bills,AFC East · BUF 4–0 NYJ since 2024,4
10,BUF@NYJ,division,,AFC East game,BUF 4–0 NYJ since 2024,3
10,BUF@NYJ,rematch,BUF,last meeting: NYJ 8 @ BUF 35,2025 wk 18 · BUF 4–0 NYJ since 2024,2
10,BUF@NYJ,streak,BUF,BUF has won 4 straight in the series,,2
10,CAR@NO,rivalry,,Panthers–Saints,NFC South · CAR 1–3 NO since 2024,4
10,CAR@NO,division,,NFC South game,CAR 1–3 NO since 2024,3
10,CAR@NO,rematch,NO,last meeting: CAR 17 @ NO 20,2025 wk 15 · CAR 1–3 NO since 2024,2
10,HOU@CLE,revenge,CLE,"Deshaun Watson (CLE) faces HOU, the team that drafted him",,2
10,JAX@TEN,rivalry,,Jaguars–Titans,AFC South · JAX 4–0 TEN since 2024,4
10,JAX@TEN,division,,AFC South game,JAX 4–0 TEN since 2024,3
10,JAX@TEN,rematch,JAX,last meeting: TEN 7 @ JAX 41,2025 wk 18 · JAX 4–0 TEN since 2024,2
10,JAX@TEN,streak,JAX,JAX has won 4 straight in the series,,2
10,KC@ATL,rematch,KC,last meeting: KC 22 @ ATL 17,2024 wk 3 · KC 1–0 ATL since 2024,2
10,LAC@BAL,rematch,BAL,last meeting: BAL 30 @ LAC 23,2024 wk 12 · LAC 0–1 BAL since 2024,2
10,LAC@BAL,revenge,LAC,"Keaton Mitchell (LAC) faces BAL, his team in 2025",,2
10,LAC@BAL,revenge,LAC,"Charlie Kolar (LAC) faces BAL, his team in 2025",,2
10,LAR@ARI,rivalry,,Cardinals–Rams,NFC West · LAR 3–1 ARI since 2024,4
10,LAR@ARI,division,,NFC West game,LAR 3–1 ARI since 2024,3
10,LAR@ARI,rematch,LAR,last meeting: ARI 20 @ LAR 37,2025 wk 18 · LAR 3–1 ARI since 2024,2
10,LAR@ARI,streak,LAR,LAR has won 3 straight in the series,,2
10,LAR@ARI,revenge,ARI,"Hunter Long (ARI) faces LAR, his team in 2024",,2
10,MIA@IND,rematch,IND,last meeting: MIA 8 @ IND 33,2025 wk 1 · MIA 0–2 IND since 2024,2
10,MIA@IND,revenge,IND,"Nick Westbrook-Ikhine (IND) faces MIA, his team in 2025",,2
10,MIN@GB,rivalry,,Packers–Vikings,Border Battle · MIN 4–1 GB since 2024,4
10,MIN@GB,division,,NFC North game,MIN 4–1 GB since 2024,3
10,MIN@GB,rematch,MIN,last meeting: GB 22 @ MIN 39,2026 wk 1 · MIN 4–1 GB since 2024,2
10,MIN@GB,revenge,MIN,"Aaron Jones Sr. (MIN) faces GB, the team that drafted him",,2
10,NE@DET,revenge,DET,"Joshua Dobbs (DET) faces NE, his team in 2025",,2
10,PIT@CIN,rivalry,,Bengals–Steelers,AFC North grudge match · PIT 3–2 CIN since 2024,4
10,PIT@CIN,division,,AFC North game,PIT 3–2 CIN since 2024,3
10,PIT@CIN,rematch,PIT,last meeting: CIN 27 @ PIT 30,2026 wk 3 · PIT 3–2 CIN since 2024,2
10,PIT@CIN,revenge,PIT,"Cole Burgess (PIT) faces CIN, his team in 2025",,2
10,SEA@LV,revenge,LV,"Dareke Young (LV) faces SEA, his team in 2025",,2
10,SEA@LV,revenge,LV,"Cody White (LV) faces SEA, his team in 2025",,2
10,SF@DAL,rivalry,,49ers–Cowboys,"The Catch, five NFC title games · SF 1–0 DAL since 2024",4
10,SF@DAL,rematch,SF,last meeting: DAL 24 @ SF 30,2024 wk 8 · SF 1–0 DAL since 2024,2
10,SF@DAL,revenge,SF,"Brandin Cooks (SF) faces DAL, his team in 2024",,2
10,WAS@NYG,rivalry,,Giants–Commanders,the oldest NFC East rivalry · WAS 4–0 NYG since 2024,4
10,WAS@NYG,division,,NFC East game,WAS 4–0 NYG since 2024,3
10,WAS@NYG,rematch,WAS,last meeting: WAS 29 @ NYG 21,2025 wk 15 · WAS 4–0 NYG since 2024,2
10,WAS@NYG,streak,WAS,WAS has won 4 straight in the series,,2
11,ARI@KC,revenge,ARI,"Gardner Minshew II (ARI) faces KC, his team in 2025",,2
11,BAL@CAR,revenge,CAR,"Darren Waller (CAR) faces BAL, the team that drafted him",,2
11,CIN@WAS,rematch,WAS,last meeting: WAS 38 @ CIN 33,2024 wk 3 · CIN 0–1 WAS since 2024,2
11,CIN@WAS,revenge,CIN,"Samaje Perine (CIN) faces WAS, the team that drafted him",,2
11,CIN@WAS,revenge,CIN,"Mitchell Tinsley (CIN) faces WAS, his team in 2024",,2
11,IND@HOU,rivalry,,Texans–Colts,AFC South · IND 1–4 HOU since 2024,4
11,IND@HOU,division,,AFC South game,IND 1–4 HOU since 2024,3
11,IND@HOU,rematch,IND,last meeting: HOU 17 @ IND 19,2026 wk 3 · IND 1–4 HOU since 2024,2
11,LV@DEN,rivalry,,Broncos–Raiders,AFC West · LV 0–4 DEN since 2024,4
11,LV@DEN,division,,AFC West game,LV 0–4 DEN since 2024,3
11,LV@DEN,rematch,DEN,last meeting: DEN 24 @ LV 17,2025 wk 14 · LV 0–4 DEN since 2024,2
11,LV@DEN,streak,DEN,DEN has won 4 straight in the series,,2
11,MIA@BUF,rivalry,,Bills–Dolphins,AFC East · MIA 1–3 BUF since 2024,4
11,MIA@BUF,division,,AFC East game,MIA 1–3 BUF since 2024,3
11,MIA@BUF,rematch,MIA,last meeting: BUF 13 @ MIA 30,2025 wk 10 · MIA 1–3 BUF since 2024,2
11,MIN@SF,rematch,MIN,last meeting: SF 17 @ MIN 23,2024 wk 2 · MIN 1–0 SF since 2024,2
11,MIN@SF,revenge,MIN,"Jordan Mason (MIN) faces SF, his team in 2024",,2
11,MIN@SF,revenge,MIN,"Jauan Jennings (MIN) faces SF, his team in 2025",,2
11,NO@CHI,rematch,CHI,last meeting: NO 14 @ CHI 26,2025 wk 7 · NO 0–1 CHI since 2024,2
11,PIT@PHI,rematch,PHI,last meeting: PIT 13 @ PHI 27,2024 wk 15 · PIT 0–1 PHI since 2024,2
11,TB@DET,rematch,DET,last meeting: TB 9 @ DET 24,2025 wk 7 · TB 1–1 DET since 2024,2
11,TEN@DAL,revenge,TEN,"Tony Pollard (TEN) faces DAL, the team that drafted him",,2
12,ATL@MIN,rematch,ATL,last meeting: ATL 22 @ MIN 6,2025 wk 2 · ATL 1–1 MIN since 2024,2
12,ATL@MIN,revenge,ATL,"Nick Muse (ATL) faces MIN, the team that drafted him",,2
12,BAL@HOU,rematch,HOU,last meeting: HOU 44 @ BAL 10,2025 wk 5 · BAL 1–1 HOU since 2024,2
12,CAR@TB,rivalry,,Panthers–Buccaneers,NFC South · CAR 1–3 TB since 2024,4
12,CAR@TB,division,,NFC South game,CAR 1–3 TB since 2024,3
12,CAR@TB,rematch,TB,last meeting: CAR 14 @ TB 16,2025 wk 18 · CAR 1–3 TB since 2024,2
12,CHI@DET,rivalry,,Lions–Bears,"NFC North, Thanksgiving regulars · CHI 0–4 DET since 2024",4
12,CHI@DET,division,,NFC North game,CHI 0–4 DET since 2024,3
12,CHI@DET,rematch,DET,last meeting: DET 19 @ CHI 16,2025 wk 18 · CHI 0–4 DET since 2024,2
12,CHI@DET,streak,DET,DET has won 4 straight in the series,,2
12,CHI@DET,revenge,CHI,"D'Andre Swift (CHI) faces DET, the team that drafted him",,2
12,CHI@DET,revenge,CHI,"Kalif Raymond (CHI) faces DET, his team in 2025",,2
12,DEN@PIT,rematch,PIT,last meeting: PIT 13 @ DEN 6,2024 wk 2 · DEN 0–1 PIT since 2024,2
12,GB@LAR,rematch,GB,last meeting: GB 24 @ LAR 19,2024 wk 5 · GB 1–0 LAR since 2024,2
12,GB@LAR,revenge,GB,"Mark Redman (GB) faces LAR, his team in 2025",,2
12,GB@LAR,revenge,LAR,"Davante Adams (LAR) faces GB, the team that drafted him",,2
12,KC@BUF,rivalry,,Chiefs–Bills,"Mahomes–Allen, four straight postseason meetings · KC 1–2 BUF since 2024",4
12,KC@BUF,rematch,,playoff rematch: BUF 29 @ KC 32 (2024 CON),,3
12,KC@BUF,rematch,BUF,last meeting: KC 21 @ BUF 28,2025 wk 9 · KC 1–2 BUF since 2024,2
12,LV@CLE,rematch,CLE,last meeting: CLE 24 @ LV 10,2025 wk 12 · LV 1–1 CLE since 2024,2
12,NE@LAC,rematch,,playoff rematch: LAC 3 @ NE 16 (2025 WC),,3
12,NE@LAC,rematch,NE,last meeting: LAC 3 @ NE 16,2025 wk 19 (WC playoff game) · NE 1–1 LAC since 2024,2
12,NO@CIN,revenge,NO,"Noah Fant (NO) faces CIN, his team in 2025",,2
12,NYG@IND,rematch,NYG,last meeting: IND 33 @ NYG 45,2024 wk 17 · NYG 1–0 IND since 2024,2
12,NYG@IND,revenge,IND,"Daniel Jones (IND) faces NYG, the team that drafted him",,2
12,NYG@IND,revenge,IND,"Darius Slayton (IND) faces NYG, his team in 2025",,2
12,NYJ@MIA,rivalry,,Jets–Dolphins,AFC East · NYJ 1–3 MIA since 2024,4
12,NYJ@MIA,division,,AFC East game,NYJ 1–3 MIA since 2024,3
12,NYJ@MIA,rematch,MIA,last meeting: MIA 34 @ NYJ 10,2025 wk 14 · NYJ 1–3 MIA since 2024,2
12,NYJ@MIA,revenge,MIA,"Brady Cook (MIA) faces NYJ, his team in 2025",,2
12,PHI@DAL,rivalry,,Cowboys–Eagles,the NFC East title fight more often than not · PHI 3–1 DAL since 2024,4
12,PHI@DAL,division,,NFC East game,PHI 3–1 DAL since 2024,3
12,PHI@DAL,rematch,DAL,last meeting: PHI 21 @ DAL 24,2025 wk 12 · PHI 3–1 DAL since 2024,2
12,PHI@DAL,revenge,DAL,"Sam Howell (DAL) faces PHI, his team in 2025",,2
12,SEA@SF,rivalry,,49ers–Seahawks,NFC West heavyweight bout · SEA 3–2 SF since 2024,4
12,SEA@SF,division,,NFC West game,SEA 3–2 SF since 2024,3
12,SEA@SF,rematch,,playoff rematch: SF 6 @ SEA 41 (2025 DIV),,3
12,SEA@SF,rematch,SEA,last meeting: SF 6 @ SEA 41,2025 wk 20 (DIV playoff game) · SEA 3–2 SF since 2024,2
12,SEA@SF,revenge,SEA,"Eric Saubert (SEA) faces SF, his team in 2024",,2
12,TEN@JAX,rivalry,,Jaguars–Titans,AFC South · TEN 0–4 JAX since 2024,4
12,TEN@JAX,division,,AFC South game,TEN 0–4 JAX since 2024,3
12,TEN@JAX,rematch,JAX,last meeting: TEN 7 @ JAX 41,2025 wk 18 · TEN 0–4 JAX since 2024,2
12,TEN@JAX,streak,JAX,JAX has won 4 straight in the series,,2
12,WAS@ARI,rematch,WAS,last meeting: WAS 42 @ ARI 14,2024 wk 4 · WAS 1–0 ARI since 2024,2
13,BUF@NE,rivalry,,Bills–Patriots,AFC East · BUF 2–3 NE since 2024,4
13,BUF@NE,division,,AFC East game,BUF 2–3 NE since 2024,3
13,BUF@NE,rematch,NE,last meeting: NE 29 @ BUF 26,2026 wk 4 · BUF 2–3 NE since 2024,2
13,BUF@NE,revenge,NE,"Mack Hollins (NE) faces BUF, his team in 2024",,2
13,BUF@NE,revenge,NE,"Reggie Gilliam (NE) faces BUF, his team in 2025",,2
13,CIN@CLE,rivalry,,Battle of Ohio,CIN 3–1 CLE since 2024,4
13,CIN@CLE,division,,AFC North game,CIN 3–1 CLE since 2024,3
13,CIN@CLE,rematch,CLE,last meeting: CLE 20 @ CIN 18,2025 wk 18 · CIN 3–1 CLE since 2024,2
13,DAL@SEA,revenge,DAL,"Sam Howell (DAL) faces SEA, his team in 2024",,2
13,GB@NO,rematch,GB,last meeting: NO 0 @ GB 34,2024 wk 16 · GB 1–0 NO since 2024,2
13,HOU@PIT,rematch,,playoff rematch: HOU 30 @ PIT 6 (2025 WC),,3
13,HOU@PIT,rematch,HOU,last meeting: HOU 30 @ PIT 6,2025 wk 19 (WC playoff game) · HOU 1–0 PIT since 2024,2
13,JAX@CHI,rematch,CHI,last meeting: JAX 16 @ CHI 35,2024 wk 6 · JAX 0–1 CHI since 2024,2
13,LAC@TB,rematch,TB,last meeting: TB 40 @ LAC 17,2024 wk 15 · LAC 0–1 TB since 2024,2
13,LAC@TB,revenge,TB,"Easton Stick (TB) faces LAC, his team in 2024",,2
13,MIA@DEN,revenge,MIA,"Greg Dulcich (MIA) faces DEN, the team that drafted him",,2
13,MIA@DEN,revenge,MIA,"Justin Joly (MIA) faces DEN, the team that drafted him",,2
13,MIA@DEN,revenge,DEN,"Jaylen Waddle (DEN) faces MIA, his team in 2025",,2
13,SF@NYG,rivalry,,49ers–Giants,four playoff meetings in the 80s–90s · SF 1–0 NYG since 2024,4
13,SF@NYG,rematch,SF,last meeting: SF 34 @ NYG 24,2025 wk 9 · SF 1–0 NYG since 2024,2
13,WAS@TEN,rematch,WAS,last meeting: TEN 19 @ WAS 42,2024 wk 13 · WAS 1–0 TEN since 2024,2
13,WAS@TEN,revenge,WAS,"Marcus Mariota (WAS) faces TEN, the team that drafted him",,2
13,WAS@TEN,revenge,WAS,"Treylon Burks (WAS) faces TEN, his team in 2024",,2
13,WAS@TEN,revenge,WAS,"Chig Okonkwo (WAS) faces TEN, his team in 2025",,2
14,ATL@CLE,coach,ATL,"Kevin Stefanski (ATL HC) faces CLE, where he was on staff last season",,3
14,ATL@CLE,coach,ATL,"Tommy Rees (ATL OC) faces CLE, where he was on staff last season",,3
14,DEN@NYJ,rematch,DEN,last meeting: DEN 13 @ NYJ 11,2025 wk 6 · DEN 2–0 NYJ since 2024,2
14,HOU@WAS,revenge,WAS,"Stefon Diggs (WAS) faces HOU, his team in 2024",,2
14,KC@CIN,rivalry,,Bengals–Chiefs,"Burrow vs Mahomes, two AFC title games · KC 1–0 CIN since 2024",4
14,KC@CIN,rematch,KC,last meeting: CIN 25 @ KC 26,2024 wk 2 · KC 1–0 CIN since 2024,2
14,KC@CIN,revenge,CIN,"Samaje Perine (CIN) faces KC, his team in 2024",,2
14,LAC@LV,rivalry,,Chargers–Raiders,AFL originals · LAC 4–1 LV since 2024,4
14,LAC@LV,division,,AFC West game,LAC 4–1 LV since 2024,3
14,LAC@LV,rematch,LV,last meeting: LV 26 @ LAC 14,2026 wk 2 · LAC 4–1 LV since 2024,2
14,LAR@SF,rivalry,,49ers–Rams,California classic since 1950 · LAR 3–2 SF since 2024,4
14,LAR@SF,division,,NFC West game,LAR 3–2 SF since 2024,3
14,LAR@SF,rematch,SF,last meeting: SF 27 @ LAR 7,2026 wk 1 · LAR 3–2 SF since 2024,2
14,LAR@SF,revenge,SF,"Demarcus Robinson (SF) faces LAR, his team in 2024",,2
14,NO@CAR,rivalry,,Panthers–Saints,NFC South · NO 3–1 CAR since 2024,4
14,NO@CAR,division,,NFC South game,NO 3–1 CAR since 2024,3
14,NO@CAR,rematch,NO,last meeting: CAR 17 @ NO 20,2025 wk 15 · NO 3–1 CAR since 2024,2
14,NYG@SEA,rematch,NYG,last meeting: NYG 29 @ SEA 20,2024 wk 5 · NYG 1–0 SEA since 2024,2
14,NYG@SEA,revenge,SEA,"Drew Lock (SEA) faces NYG, his team in 2024",,2
14,TB@BAL,rematch,BAL,last meeting: BAL 41 @ TB 31,2024 wk 7 · TB 0–1 BAL since 2024,2
14,TEN@DET,rematch,DET,last meeting: TEN 14 @ DET 52,2024 wk 8 · TEN 0–1 DET since 2024,2
14,TEN@DET,revenge,DET,"Tay Martin (DET) faces TEN, his team in 2024",,2
15,ATL@WAS,rematch,ATL,last meeting: WAS 27 @ ATL 34,2025 wk 4 · ATL 1–1 WAS since 2024,2
15,ATL@WAS,revenge,ATL,"Brian Robinson Jr. (ATL) faces WAS, his team in 2024",,2
15,ATL@WAS,revenge,ATL,"Jahan Dotson (ATL) faces WAS, the team that drafted him",,2
15,ATL@WAS,revenge,ATL,"Olamide Zaccheaus (ATL) faces WAS, his team in 2024",,2
15,BAL@PIT,rivalry,,Steelers–Ravens,the most physical game on the calendar · BAL 2–3 PIT since 2024,4
15,BAL@PIT,division,,AFC North game,BAL 2–3 PIT since 2024,3
15,BAL@PIT,rematch,,playoff rematch: PIT 14 @ BAL 28 (2024 WC),,3
15,BAL@PIT,rematch,PIT,last meeting: BAL 24 @ PIT 26,2025 wk 18 · BAL 2–3 PIT since 2024,2
15,BAL@PIT,revenge,BAL,"Skylar Thompson (BAL) faces PIT, his team in 2025",,2
15,CHI@BUF,revenge,BUF,"DJ Moore (BUF) faces CHI, his team in 2025",,2
15,CIN@CAR,rematch,CIN,last meeting: CIN 34 @ CAR 24,2024 wk 4 · CIN 1–0 CAR since 2024,2
15,CLE@NYG,rematch,NYG,last meeting: NYG 21 @ CLE 15,2024 wk 3 · CLE 0–1 NYG since 2024,2
15,CLE@NYG,revenge,NYG,"Jameis Winston (NYG) faces CLE, his team in 2024",,2
15,DEN@LV,rivalry,,Broncos–Raiders,AFC West · DEN 4–0 LV since 2024,4
15,DEN@LV,division,,AFC West game,DEN 4–0 LV since 2024,3
15,DEN@LV,rematch,DEN,last meeting: DEN 24 @ LV 17,2025 wk 14 · DEN 4–0 LV since 2024,2
15,DEN@LV,streak,DEN,DEN has won 4 straight in the series,,2
15,DET@MIN,rivalry,,Lions–Vikings,NFC North · DET 2–2 MIN since 2024,4
15,DET@MIN,division,,NFC North game,DET 2–2 MIN since 2024,3
15,DET@MIN,rematch,MIN,last meeting: DET 10 @ MIN 23,2025 wk 17 · DET 2–2 MIN since 2024,2
15,DET@MIN,revenge,DET,"Tyler Conklin (DET) faces MIN, the team that drafted him",,2
15,DET@MIN,revenge,MIN,"T.J. Hockenson (MIN) faces DET, the team that drafted him",,2
15,IND@TEN,rivalry,,Colts–Titans,AFC South · IND 4–0 TEN since 2024,4
15,IND@TEN,division,,AFC South game,IND 4–0 TEN since 2024,3
15,IND@TEN,rematch,IND,last meeting: TEN 14 @ IND 38,2025 wk 8 · IND 4–0 TEN since 2024,2
15,IND@TEN,streak,IND,IND has won 4 straight in the series,,2
15,IND@TEN,revenge,IND,"Nick Westbrook-Ikhine (IND) faces TEN, his team in 2024",,2
15,IND@TEN,revenge,TEN,"Kylen Granson (TEN) faces IND, his team in 2024",,2
15,JAX@HOU,rivalry,,Texans–Jaguars,AFC South · JAX 1–3 HOU since 2024,4
15,JAX@HOU,division,,AFC South game,JAX 1–3 HOU since 2024,3
15,JAX@HOU,rematch,HOU,last meeting: JAX 29 @ HOU 36,2025 wk 10 · JAX 1–3 HOU since 2024,2
15,MIA@GB,rematch,GB,last meeting: MIA 17 @ GB 30,2024 wk 13 · MIA 0–1 GB since 2024,2
15,MIA@GB,revenge,MIA,"Malik Willis (MIA) faces GB, his team in 2025",,2
15,MIA@GB,revenge,GB,"Jonnu Smith (GB) faces MIA, his team in 2024",,2
15,NE@KC,revenge,KC,"Tyquan Thornton (KC) faces NE, the team that drafted him",,2
15,NO@TB,rivalry,,Buccaneers–Saints,NFC South · NO 1–3 TB since 2024,4
15,NO@TB,division,,NFC South game,NO 1–3 TB since 2024,3
15,NO@TB,rematch,NO,last meeting: NO 24 @ TB 20,2025 wk 14 · NO 1–3 TB since 2024,2
15,NYJ@ARI,rematch,ARI,last meeting: NYJ 6 @ ARI 31,2024 wk 10 · NYJ 0–1 ARI since 2024,2
15,NYJ@ARI,revenge,ARI,"Bam Knight (ARI) faces NYJ, his team in 2024",,2
15,SF@LAC,revenge,LAC,"Trey Lance (LAC) faces SF, the team that drafted him",,2
15,SF@LAC,revenge,LAC,"Hayden Rucci (LAC) faces SF, his team in 2025",,2
16,ARI@NO,rematch,ARI,last meeting: ARI 20 @ NO 13,2025 wk 1 · ARI 1–0 NO since 2024,2
16,BUF@DEN,rematch,,playoff rematch: BUF 30 @ DEN 33 (2025 DIV),,3
16,BUF@DEN,rematch,DEN,last meeting: BUF 30 @ DEN 33,2025 wk 20 (DIV playoff game) · BUF 1–1 DEN since 2024,2
16,CAR@PIT,revenge,CAR,"Kenny Pickett (CAR) faces PIT, the team that drafted him",,2
16,CAR@PIT,revenge,PIT,"Rico Dowdle (PIT) faces CAR, his team in 2025",,2
16,CIN@IND,revenge,CIN,"Joe Flacco (CIN) faces IND, his team in 2024",,2
16,CLE@BAL,rivalry,,Ravens–Browns,the franchise that moved vs the city it left · CLE 1–3 BAL since 2024,4
16,CLE@BAL,division,,AFC North game,CLE 1–3 BAL since 2024,3
16,CLE@BAL,rematch,BAL,last meeting: BAL 23 @ CLE 16,2025 wk 11 · CLE 1–3 BAL since 2024,2
16,CLE@BAL,streak,BAL,BAL has won 3 straight in the series,,2
16,CLE@BAL,revenge,CLE,"Tylan Wallace (CLE) faces BAL, his team in 2025",,2
16,GB@CHI,rivalry,,Packers–Bears,"the oldest rivalry in the NFL, first played in 1921 · GB 2–3 CHI since 2024",4
16,GB@CHI,division,,NFC North game,GB 2–3 CHI since 2024,3
16,GB@CHI,rematch,,playoff rematch: GB 27 @ CHI 31 (2025 WC),,3
16,GB@CHI,rematch,CHI,last meeting: GB 27 @ CHI 31,2025 wk 19 (WC playoff game) · GB 2–3 CHI since 2024,2
16,LAC@MIA,coach,LAC,"Mike McDaniel (LAC OC) faces MIA, where he was HC last season",,3
16,LAC@MIA,rematch,LAC,last meeting: LAC 29 @ MIA 27,2025 wk 6 · LAC 1–0 MIA since 2024,2
16,LAC@MIA,revenge,LAC,"Hayden Rucci (LAC) faces MIA, his team in 2024",,2
16,LAC@MIA,revenge,LAC,"Alec Ingold (LAC) faces MIA, his team in 2025",,2
16,LAR@SEA,rivalry,,Rams–Seahawks,NFC West · LAR 2–3 SEA since 2024,4
16,LAR@SEA,division,,NFC West game,LAR 2–3 SEA since 2024,3
16,LAR@SEA,rematch,,playoff rematch: LAR 27 @ SEA 31 (2025 CON),,3
16,LAR@SEA,rematch,SEA,last meeting: LAR 27 @ SEA 31,2025 wk 21 (CON playoff game) · LAR 2–3 SEA since 2024,2
16,LAR@SEA,revenge,LAR,"Colby Parkinson (LAR) faces SEA, the team that drafted him",,2
16,LAR@SEA,revenge,SEA,"Cooper Kupp (SEA) faces LAR, his team in 2024",,2
16,NE@NYJ,rivalry,,Patriots–Jets,Border War · NE 3–1 NYJ since 2024,4
16,NE@NYJ,division,,AFC East game,NE 3–1 NYJ since 2024,3
16,NE@NYJ,rematch,NE,last meeting: NE 42 @ NYJ 10,2025 wk 17 · NE 3–1 NYJ since 2024,2
16,NE@NYJ,streak,NE,NE has won 3 straight in the series,,2
16,NYG@DET,rematch,DET,last meeting: NYG 27 @ DET 34,2025 wk 12 · NYG 0–1 DET since 2024,2
16,SF@KC,rematch,KC,last meeting: KC 28 @ SF 18,2024 wk 7 · SF 0–1 KC since 2024,2
16,SF@KC,revenge,SF,"Demarcus Robinson (SF) faces KC, the team that drafted him",,2
16,TB@ATL,rivalry,,Buccaneers–Falcons,NFC South · TB 1–3 ATL since 2024,4
16,TB@ATL,division,,NFC South game,TB 1–3 ATL since 2024,3
16,TB@ATL,coach,TB,"Zac Robinson (TB OC) faces ATL, where he was on staff last season",,3
16,TB@ATL,rematch,ATL,last meeting: ATL 29 @ TB 28,2025 wk 15 · TB 1–3 ATL since 2024,2
16,TB@ATL,revenge,TB,"Easton Stick (TB) faces ATL, his team in 2025",,2
16,TB@ATL,revenge,TB,"David Sills V (TB) faces ATL, his team in 2025",,2
16,TEN@LV,rematch,LV,last meeting: TEN 10 @ LV 20,2025 wk 6 · TEN 0–1 LV since 2024,2
16,WAS@MIN,rematch,MIN,last meeting: WAS 0 @ MIN 31,2025 wk 14 · WAS 0–1 MIN since 2024,2
16,WAS@MIN,revenge,WAS,"Stefon Diggs (WAS) faces MIN, the team that drafted him",,2
17,BAL@CIN,rivalry,,Ravens–Bengals,AFC North · BAL 3–1 CIN since 2024,4
17,BAL@CIN,division,,AFC North game,BAL 3–1 CIN since 2024,3
17,BAL@CIN,rematch,BAL,last meeting: BAL 24 @ CIN 0,2025 wk 15 · BAL 3–1 CIN since 2024,2
17,BAL@CIN,revenge,CIN,"Joe Flacco (CIN) faces BAL, the team that drafted him",,2
17,BUF@MIA,rivalry,,Bills–Dolphins,AFC East · BUF 3–1 MIA since 2024,4
17,BUF@MIA,division,,AFC East game,BUF 3–1 MIA since 2024,3
17,BUF@MIA,rematch,MIA,last meeting: BUF 13 @ MIA 30,2025 wk 10 · BUF 3–1 MIA since 2024,2
17,DEN@NE,rematch,,playoff rematch: NE 10 @ DEN 7 (2025 CON),,3
17,DEN@NE,rematch,NE,last meeting: NE 10 @ DEN 7,2025 wk 21 (CON playoff game) · DEN 0–1 NE since 2024,2
17,DEN@NE,revenge,DEN,"Jarrett Stidham (DEN) faces NE, the team that drafted him",,2
17,DET@CHI,rivalry,,Lions–Bears,"NFC North, Thanksgiving regulars · DET 4–0 CHI since 2024",4
17,DET@CHI,division,,NFC North game,DET 4–0 CHI since 2024,3
17,DET@CHI,rematch,DET,last meeting: DET 19 @ CHI 16,2025 wk 18 · DET 4–0 CHI since 2024,2
17,DET@CHI,streak,DET,DET has won 4 straight in the series,,2
17,DET@CHI,revenge,CHI,"D'Andre Swift (CHI) faces DET, the team that drafted him",,2
17,DET@CHI,revenge,CHI,"Kalif Raymond (CHI) faces DET, his team in 2025",,2
17,HOU@GB,rematch,GB,last meeting: HOU 22 @ GB 24,2024 wk 7 · HOU 0–1 GB since 2024,2
17,KC@LAC,rivalry,,Chargers–Chiefs,AFC West · KC 2–2 LAC since 2024,4
17,KC@LAC,division,,AFC West game,KC 2–2 LAC since 2024,3
17,KC@LAC,rematch,LAC,last meeting: LAC 16 @ KC 13,2025 wk 15 · KC 2–2 LAC since 2024,2
17,LAR@TB,rematch,LAR,last meeting: TB 7 @ LAR 34,2025 wk 12 · LAR 1–0 TB since 2024,2
17,LV@ARI,revenge,ARI,"Gardner Minshew II (ARI) faces LV, his team in 2024",,2
17,MIN@NYJ,rematch,MIN,last meeting: NYJ 17 @ MIN 23,2024 wk 5 · MIN 1–0 NYJ since 2024,2
17,MIN@NYJ,revenge,NYJ,"Kene Nwangwu (NYJ) faces MIN, the team that drafted him",,2
17,NO@ATL,rivalry,,Saints–Falcons,the Southern rivalry since 1967 · NO 1–4 ATL since 2024,4
17,NO@ATL,division,,NFC South game,NO 1–4 ATL since 2024,3
17,NO@ATL,rematch,ATL,last meeting: ATL 45 @ NO 24,2026 wk 4 · NO 1–4 ATL since 2024,2
17,NO@ATL,streak,ATL,ATL has won 3 straight in the series,,2
17,NYG@DAL,rivalry,,Giants–Cowboys,NFC East · NYG 2–3 DAL since 2024,4
17,NYG@DAL,division,,NFC East game,NYG 2–3 DAL since 2024,3
17,NYG@DAL,rematch,NYG,last meeting: DAL 20 @ NYG 28,2026 wk 1 · NYG 2–3 DAL since 2024,2
17,PHI@SF,rivalry,,Eagles–49ers,back-to-back NFC title games · PHI 0–1 SF since 2024,4
17,PHI@SF,rematch,,playoff rematch: SF 23 @ PHI 19 (2025 WC),,3
17,PHI@SF,rematch,SF,last meeting: SF 23 @ PHI 19,2025 wk 19 (WC playoff game) · PHI 0–1 SF since 2024,2
17,PIT@TEN,revenge,PIT,"Mason Rudolph (PIT) faces TEN, his team in 2024",,2
17,SEA@CAR,rematch,SEA,last meeting: SEA 27 @ CAR 10,2025 wk 17 · SEA 1–0 CAR since 2024,2
17,SEA@CAR,revenge,SEA,"Velus Jones Jr. (SEA) faces CAR, his team in 2024",,2
17,SEA@CAR,revenge,CAR,"David Moore (CAR) faces SEA, the team that drafted him",,2
17,WAS@JAX,revenge,WAS,"Dyami Brown (WAS) faces JAX, his team in 2025",,2
17,WAS@JAX,revenge,JAX,"Chris Rodriguez Jr. (JAX) faces WAS, his team in 2025",,2
18,ATL@CAR,rivalry,,Panthers–Falcons,NFC South · ATL 1–4 CAR since 2024,4
18,ATL@CAR,division,,NFC South game,ATL 1–4 CAR since 2024,3
18,ATL@CAR,rematch,CAR,last meeting: CAR 34 @ ATL 3,2026 wk 2 · ATL 1–4 CAR since 2024,2
18,ATL@CAR,streak,CAR,CAR has won 4 straight in the series,,2
18,ATL@CAR,revenge,CAR,"Feleipe Franks (CAR) faces ATL, his team in 2025",,2
18,CHI@MIN,rivalry,,Vikings–Bears,NFC North · CHI 1–4 MIN since 2024,4
18,CHI@MIN,division,,NFC North game,CHI 1–4 MIN since 2024,3
18,CHI@MIN,rematch,MIN,last meeting: MIN 9 @ CHI 3,2026 wk 2 · CHI 1–4 MIN since 2024,2
18,CLE@CIN,rivalry,,Battle of Ohio,CLE 1–3 CIN since 2024,4
18,CLE@CIN,division,,AFC North game,CLE 1–3 CIN since 2024,3
18,CLE@CIN,rematch,CLE,last meeting: CLE 20 @ CIN 18,2025 wk 18 · CLE 1–3 CIN since 2024,2
18,DAL@WAS,rivalry,,Cowboys–Commanders,NFC East blood feud since 1960 · DAL 4–1 WAS since 2024,4
18,DAL@WAS,division,,NFC East game,DAL 4–1 WAS since 2024,3
18,DAL@WAS,rematch,DAL,last meeting: WAS 20 @ DAL 37,2026 wk 2 · DAL 4–1 WAS since 2024,2
18,DAL@WAS,streak,DAL,DAL has won 3 straight in the series,,2
18,DAL@WAS,revenge,DAL,"Sam Howell (DAL) faces WAS, the team that drafted him",,2
18,DET@GB,rivalry,,Lions–Packers,NFC North · DET 2–2 GB since 2024,4
18,DET@GB,division,,NFC North game,DET 2–2 GB since 2024,3
18,DET@GB,rematch,GB,last meeting: GB 31 @ DET 24,2025 wk 13 · DET 2–2 GB since 2024,2
18,JAX@IND,rivalry,,Jaguars–Colts,AFC South · JAX 3–1 IND since 2024,4
18,JAX@IND,division,,AFC South game,JAX 3–1 IND since 2024,3
18,JAX@IND,rematch,JAX,last meeting: JAX 23 @ IND 17,2025 wk 17 · JAX 3–1 IND since 2024,2
18,JAX@IND,revenge,JAX,"Ameer Abdullah (JAX) faces IND, his team in 2025",,2
18,LAC@DEN,rivalry,,Chargers–Broncos,AFC West · LAC 3–1 DEN since 2024,4
18,LAC@DEN,division,,AFC West game,LAC 3–1 DEN since 2024,3
18,LAC@DEN,rematch,DEN,last meeting: LAC 3 @ DEN 19,2025 wk 18 · LAC 3–1 DEN since 2024,2
18,LAC@DEN,revenge,DEN,"J.K. Dobbins (DEN) faces LAC, his team in 2024",,2
18,LV@KC,rivalry,,Chiefs–Raiders,"AFL originals, hate since 1960 · LV 1–4 KC since 2024",4
18,LV@KC,division,,AFC West game,LV 1–4 KC since 2024,3
18,LV@KC,rematch,KC,last meeting: KC 30 @ LV 27,2026 wk 4 · LV 1–4 KC since 2024,2
18,MIA@NE,rivalry,,Patriots–Dolphins,AFC East · MIA 2–2 NE since 2024,4
18,MIA@NE,division,,AFC East game,MIA 2–2 NE since 2024,3
18,MIA@NE,rematch,NE,last meeting: MIA 10 @ NE 38,2025 wk 18 · MIA 2–2 NE since 2024,2
18,NYJ@BUF,rivalry,,Jets–Bills,AFC East · NYJ 0–4 BUF since 2024,4
18,NYJ@BUF,division,,AFC East game,NYJ 0–4 BUF since 2024,3
18,NYJ@BUF,rematch,BUF,last meeting: NYJ 8 @ BUF 35,2025 wk 18 · NYJ 0–4 BUF since 2024,2
18,NYJ@BUF,streak,BUF,BUF has won 4 straight in the series,,2
18,PHI@NYG,rivalry,,Giants–Eagles,I-95 rivalry · PHI 3–1 NYG since 2024,4
18,PHI@NYG,division,,NFC East game,PHI 3–1 NYG since 2024,3
18,PHI@NYG,rematch,PHI,last meeting: NYG 20 @ PHI 38,2025 wk 8 · PHI 3–1 NYG since 2024,2
18,PHI@NYG,revenge,PHI,"Saquon Barkley (PHI) faces NYG, the team that drafted him",,2
18,PIT@BAL,rivalry,,Steelers–Ravens,the most physical game on the calendar · PIT 3–2 BAL since 2024,4
18,PIT@BAL,division,,AFC North game,PIT 3–2 BAL since 2024,3
18,PIT@BAL,rematch,,playoff rematch: PIT 14 @ BAL 28 (2024 WC),,3
18,PIT@BAL,rematch,PIT,last meeting: BAL 24 @ PIT 26,2025 wk 18 · PIT 3–2 BAL since 2024,2
18,PIT@BAL,revenge,BAL,"Skylar Thompson (BAL) faces PIT, his team in 2025",,2
18,SEA@LAR,rivalry,,Rams–Seahawks,NFC West · SEA 3–2 LAR since 2024,4
18,SEA@LAR,division,,NFC West game,SEA 3–2 LAR since 2024,3
18,SEA@LAR,rematch,,playoff rematch: LAR 27 @ SEA 31 (2025 CON),,3
18,SEA@LAR,rematch,SEA,last meeting: LAR 27 @ SEA 31,2025 wk 21 (CON playoff game) · SEA 3–2 LAR since 2024,2
18,SEA@LAR,revenge,SEA,"Cooper Kupp (SEA) faces LAR, his team in 2024",,2
18,SEA@LAR,revenge,LAR,"Colby Parkinson (LAR) faces SEA, the team that drafted him",,2
18,SF@ARI,rivalry,,Cardinals–49ers,NFC West · SF 3–2 ARI since 2024,4
18,SF@ARI,division,,NFC West game,SF 3–2 ARI since 2024,3
18,SF@ARI,rematch,SF,last meeting: ARI 30 @ SF 36,2026 wk 3 · SF 3–2 ARI since 2024,2
18,SF@ARI,streak,SF,SF has won 3 straight in the series,,2
18,SF@ARI,revenge,ARI,"Kendrick Bourne (ARI) faces SF, his team in 2025",,2
18,TB@NO,rivalry,,Buccaneers–Saints,NFC South · TB 3–1 NO since 2024,4
18,TB@NO,division,,NFC South game,TB 3–1 NO since 2024,3
18,TB@NO,rematch,NO,last meeting: NO 24 @ TB 20,2025 wk 14 · TB 3–1 NO since 2024,2
18,TEN@HOU,rivalry,,Texans–Titans,Houston vs the team that left Houston · TEN 1–3 HOU since 2024,4
18,TEN@HOU,division,,AFC South game,TEN 1–3 HOU since 2024,3
18,TEN@HOU,rematch,HOU,last meeting: HOU 16 @ TEN 13,2025 wk 11 · TEN 1–3 HOU since 2024,2
18,TEN@HOU,streak,HOU,HOU has won 3 straight in the series,,2
