frozen_on,game_id,season,week,gameday,away_team,home_team,away_score,home_score,result,total,spread_line,total_line,away_moneyline,home_moneyline,model_spread,epa_spread,model_total,win_prob_home,imp_home_fair,edge_spread,edge_total,edge_ml_home,pick_ats,pick_total,pick_ml,res_ats,res_total,res_ml,away_rest,home_rest,roof,away_qb_name,home_qb_name,pfr
2026-09-29,2026_04_PIT_CLE,2026,4,2026-10-01,PIT,CLE,24.0,27.0,3.0,51.0,-2.5,38.5,-148.0,124.0,-1.8,0.5,41.2,0.446964883376386,0.4279403644395361,0.7,2.7,0.019,,,,,,,4,4,outdoors,Aaron Rodgers,Deshaun Watson,202610010cle
2026-09-29,2026_04_IND_WAS,2026,4,2026-10-04,IND,WAS,30.0,13.0,-17.0,43.0,-3.5,47.5,-180.0,150.0,-3.0,2.6,47.4,0.4120704478709426,0.3835616438356164,0.5,-0.1,0.029,,,,,,,7,7,outdoors,Daniel Jones,Jayden Daniels,202610040was
2026-09-29,2026_04_TEN_BAL,2026,4,2026-10-04,TEN,BAL,18.0,24.0,6.0,42.0,11.5,43.5,525.0,-750.0,9.0,3.5,47.3,0.7475074624530771,0.8465011286681716,-2.5,3.8,-0.099,,OVER 43.5,,,L,,7,7,outdoors,Cam Ward,Lamar Jackson,202610040rav
2026-09-29,2026_04_NE_BUF,2026,4,2026-10-04,NE,BUF,29.0,26.0,-3.0,55.0,7.0,48.5,240.0,-298.0,0.5,6.1,46.4,0.5147722626485541,0.7179705215419501,-6.5,-2.1,-0.203,NE +7,,,W,,,7,7,outdoors,Drake Maye,Josh Allen,202610040buf
2026-09-29,2026_04_NYJ_CHI,2026,4,2026-10-04,NYJ,CHI,12.0,23.0,11.0,35.0,3.5,42.5,142.0,-170.0,10.4,2.7,47.5,0.779459887901802,0.6037569709421778,6.9,5.0,0.176,CHI -3.5,OVER 42.5,,W,L,,7,6,outdoors,Geno Smith,Case Keenum,202610040chi
2026-09-29,2026_04_JAX_CIN,2026,4,2026-10-04,JAX,CIN,22.0,17.0,-5.0,39.0,2.5,51.5,120.0,-142.0,-5.8,1.6,45.7,0.3337325400606333,0.5634920634920635,-8.3,-5.8,-0.23,JAX +2.5,UNDER 51.5,,W,W,,7,7,outdoors,Trevor Lawrence,Joe Burrow,202610040cin
2026-09-29,2026_04_DAL_HOU,2026,4,2026-10-04,DAL,HOU,34.0,30.0,-4.0,64.0,2.5,47.5,120.0,-142.0,6.4,-4.7,47.8,0.682276457147449,0.5634920634920635,3.9,0.3,0.119,HOU -2.5,,,L,,,7,7,,Dak Prescott,C.J. Stroud,202610040htx
2026-09-29,2026_04_ARI_NYG,2026,4,2026-10-04,ARI,NYG,24.0,36.0,12.0,60.0,-1.5,44.5,-115.0,-105.0,4.5,0.8,48.7,0.6305586598182363,0.4891657638136511,6.0,4.2,0.141,NYG +1.5,OVER 44.5,,W,W,,7,7,outdoors,Jacoby Brissett,Jameis Winston,202610040nyg
2026-09-29,2026_04_LA_PHI,2026,4,2026-10-04,LAR,PHI,24.0,20.0,-4.0,44.0,-3.0,43.5,-162.0,136.0,-5.1,-0.8,46.1,0.3527978416363385,0.4066302458405761,-2.1,2.6,-0.054,,,,,,,7,6,outdoors,Matthew Stafford,Jalen Hurts,202610040phi
2026-09-29,2026_04_GB_TB,2026,4,2026-10-04,GB,TB,17.0,14.0,-3.0,31.0,-3.5,39.5,-192.0,160.0,-0.4,-2.3,45.6,0.4881812173277401,0.3690596562184025,3.1,6.1,0.119,TB +3.5,OVER 39.5,,W,L,,10,7,outdoors,Jordan Love,Baker Mayfield,202610040tam
2026-09-29,2026_04_MIA_MIN,2026,4,2026-10-04,MIA,MIN,10.0,15.0,5.0,25.0,11.5,38.5,525.0,-750.0,7.5,-3.0,41.0,0.710742639246028,0.8465011286681716,-4.0,2.5,-0.136,MIA +11.5,,,W,,,7,7,dome,Malik Willis,Kyler Murray,202610040min
2026-09-29,2026_04_KC_LV,2026,4,2026-10-04,KC,LV,30.0,27.0,-3.0,57.0,-4.5,47.5,-225.0,185.0,-5.4,-0.4,40.5,0.3445782583896758,0.3363518758085381,-0.9,-7.0,0.008,,UNDER 47.5,,,L,,7,7,dome,Patrick Mahomes,Kirk Cousins,202610040rai
2026-09-29,2026_04_LAC_SEA,2026,4,2026-10-04,LAC,SEA,23.0,30.0,7.0,53.0,7.0,42.5,280.0,-355.0,10.4,2.8,40.6,0.779459887901802,0.7477827050997783,3.4,-1.9,0.032,SEA -7,,,PUSH,,,7,7,outdoors,Justin Herbert,Drew Lock,202610040sea
2026-09-29,2026_04_DEN_SF,2026,4,2026-10-04,DEN,SF,14.0,24.0,10.0,38.0,3.0,46.5,130.0,-155.0,3.6,5.0,47.9,0.6051370895359749,0.5829926410466066,0.6,1.4,0.022,,,,,,,7,7,outdoors,Bo Nix,Brock Purdy,202610040sfo
2026-09-29,2026_04_DET_CAR,2026,4,2026-10-04,DET,CAR,26.0,32.0,6.0,58.0,-3.5,50.5,-180.0,150.0,-1.7,-0.7,49.2,0.4498952800550735,0.3835616438356164,1.8,-1.3,0.066,,,,,,,7,7,outdoors,Jared Goff,Bryce Young,202610040car
2026-09-29,2026_04_ATL_NO,2026,4,2026-10-05,ATL,NO,,,,,3.0,48.5,130.0,-155.0,0.7,0.7,42.7,0.520676630357758,0.5829926410466066,-2.3,-5.8,-0.062,,UNDER 48.5,,,,,11,8,dome,Michael Penix Jr.,Tyler Shough,202610050nor
