game_id,season,week,gameday,away_team,home_team,away_score,home_score,result,total,spread_line,total_line,away_moneyline,home_moneyline,model_spread,epa_spread,model_total,win_prob_home,imp_home_fair,edge_spread,edge_total,edge_ml_home,pick_ats,pick_total,pick_ml,res_ats,res_total,res_ml,away_rest,home_rest,roof,away_qb_name,home_qb_name,pfr
2026_01_NE_SEA,2026,1,2026-09-09,NE,SEA,10.0,13.0,3.0,23.0,3.0,44.5,140.0,-166.0,4.4,0.6,42.3,0.6277598001212613,0.5996387718242023,1.4,-2.2,0.028,,,,,,,7,7,outdoors,Drake Maye,Sam Darnold,202609090sea
2026_01_SF_LA,2026,1,2026-09-10,SF,LAR,27.0,7.0,-20.0,34.0,3.5,47.5,180.0,-218.0,5.6,2.1,50.5,0.6608612632496494,0.6574752261956054,2.1,3.0,0.003,,OVER 47.5,,,L,,7,7,dome,Brock Purdy,Matthew Stafford,202609100ram
2026_01_CHI_CAR,2026,1,2026-09-13,CHI,CAR,59.0,37.0,-22.0,96.0,-3.0,47.5,-166.0,140.0,-1.4,0.7,47.4,0.4587022436876125,0.4003612281757977,1.6,-0.1,0.058,,,,,,,7,7,outdoors,Caleb Williams,Bryce Young,202609130car
2026_01_TB_CIN,2026,1,2026-09-13,TB,CIN,27.0,33.0,6.0,60.0,3.5,50.5,170.0,-205.0,-0.5,3.1,47.7,0.4852277373514458,0.644729178800233,-4.0,-2.8,-0.16,TB +3.5,,,L,,,7,7,outdoors,Baker Mayfield,Joe Burrow,202609130cin
2026_01_NO_DET,2026,1,2026-09-13,NO,DET,30.0,31.0,1.0,61.0,7.0,49.5,260.0,-325.0,7.2,5.2,43.9,0.7030985713961487,0.7335423197492164,0.2,-5.6,-0.03,,UNDER 49.5,,,L,,7,7,dome,Tyler Shough,Jared Goff,202609130det
2026_01_BUF_HOU,2026,1,2026-09-13,BUF,HOU,36.0,31.0,-5.0,67.0,-1.5,44.5,-112.0,-108.0,2.7,-2.1,43.4,0.579259709439103,0.4956702459300312,4.2,-1.1,0.084,HOU +1.5,,,L,,,7,7,closed,Josh Allen,C.J. Stroud,202609130htx
2026_01_BAL_IND,2026,1,2026-09-13,BAL,IND,41.0,23.0,-18.0,64.0,-3.0,48.5,-162.0,136.0,3.1,1.5,45.5,0.5908102095400273,0.4066302458405761,6.1,-3.0,0.184,IND +3,UNDER 48.5,,L,L,,7,7,closed,Lamar Jackson,Daniel Jones,202609130clt
2026_01_CLE_JAX,2026,1,2026-09-13,CLE,JAX,10.0,34.0,24.0,44.0,8.5,40.5,360.0,-470.0,10.8,3.8,39.3,0.7881446014166033,0.7913616398243045,2.3,-1.2,-0.003,,,,,,,7,7,outdoors,Deshaun Watson,Trevor Lawrence,202609130jax
2026_01_ATL_PIT,2026,1,2026-09-13,ATL,PIT,13.0,20.0,7.0,33.0,6.5,40.5,240.0,-298.0,3.7,0.8,44.6,0.6079861514286802,0.7179705215419501,-2.8,4.1,-0.11,,OVER 40.5,,,L,,7,7,outdoors,Cooper Rush,Aaron Rodgers,202609130pit
2026_01_NYJ_TEN,2026,1,2026-09-13,NYJ,TEN,23.0,10.0,-13.0,33.0,1.5,39.5,-102.0,-118.0,3.1,1.2,45.9,0.5908102095400273,0.5173641257162701,1.6,6.4,0.073,,OVER 39.5,,,L,,7,7,outdoors,Geno Smith,Cam Ward,202609130oti
2026_01_ARI_LAC,2026,1,2026-09-13,ARI,LAC,26.0,14.0,-12.0,40.0,8.5,47.5,350.0,-455.0,6.1,-2.6,43.5,0.6743121437466713,0.7867435158501441,-2.4,-4.0,-0.112,,UNDER 47.5,,,W,,7,7,dome,Jacoby Brissett,Justin Herbert,202609130sdg
2026_01_MIA_LV,2026,1,2026-09-13,MIA,LV,13.0,27.0,14.0,40.0,3.0,40.5,142.0,-170.0,-1.8,-1.4,42.5,0.446964883376386,0.6037569709421778,-4.8,2.0,-0.157,MIA +3,,,L,,,7,7,dome,Malik Willis,Kirk Cousins,202609130rai
2026_01_GB_MIN,2026,1,2026-09-13,GB,MIN,22.0,39.0,17.0,61.0,1.5,46.5,105.0,-125.0,1.2,-3.3,43.2,0.5354148930107596,0.5324675324675325,-0.3,-3.3,0.003,,UNDER 46.5,,,L,,7,7,dome,Jordan Love,Kyler Murray,202609130min
2026_01_WAS_PHI,2026,1,2026-09-13,WAS,PHI,22.0,24.0,2.0,46.0,6.0,43.5,200.0,-245.0,7.0,-2.3,45.9,0.6979517285214231,0.6805555555555556,1.0,2.4,0.017,,,,,,,7,7,outdoors,Jayden Daniels,Jalen Hurts,202609130phi
2026_01_DAL_NYG,2026,1,2026-09-13,DAL,NYG,20.0,28.0,8.0,48.0,-3.0,47.5,-166.0,140.0,1.6,0.6,51.4,0.5471715885745017,0.4003612281757977,4.6,3.9,0.147,NYG +3,OVER 47.5,,W,W,,7,7,outdoors,Dak Prescott,Jaxson Dart,202609130nyg
2026_01_DEN_KC,2026,1,2026-09-14,DEN,KC,10.0,31.0,21.0,41.0,2.5,42.5,110.0,-130.0,0.2,1.7,42.9,0.505910039817143,0.5427435387673957,-2.3,0.4,-0.037,,,,,,,7,7,outdoors,Bo Nix,Patrick Mahomes,202609140kan
2026_02_DET_BUF,2026,2,2026-09-17,DET,BUF,31.0,41.0,10.0,72.0,5.5,54.5,195.0,-238.0,2.9,1.7,48.4,0.5850441490120292,0.6750312469954812,-2.6,-6.1,-0.09,,UNDER 54.5,,,L,,4,4,outdoors,Jared Goff,Josh Allen,202609170buf
2026_02_CAR_ATL,2026,2,2026-09-20,CAR,ATL,34.0,3.0,-31.0,37.0,-2.5,43.5,-155.0,130.0,3.0,-0.8,45.6,0.5879295521290574,0.4170073589533933,5.5,2.1,0.171,ATL +2.5,,,L,,,7,7,closed,Bryce Young,Tua Tagovailoa,202609200atl
2026_02_NO_BAL,2026,2,2026-09-20,NO,BAL,24.0,17.0,-7.0,41.0,8.5,45.5,295.0,-375.0,6.0,3.5,43.5,0.6716393567181148,0.7571884984025559,-2.5,-2.0,-0.086,,,,,,,7,7,outdoors,Tyler Shough,Lamar Jackson,202609200rav
2026_02_MIN_CHI,2026,2,2026-09-20,MIN,CHI,9.0,3.0,-6.0,12.0,4.5,46.5,180.0,-218.0,2.4,7.6,44.1,0.5705512499526391,0.6574752261956054,-2.1,-2.4,-0.087,,,,,,,7,7,outdoors,Carson Wentz,Caleb Williams,202609200chi
2026_02_CIN_HOU,2026,2,2026-09-20,CIN,HOU,20.0,6.0,-14.0,26.0,3.0,45.5,124.0,-148.0,8.1,-0.8,43.9,0.7257468822499265,0.5720596355604638,5.1,-1.6,0.154,HOU -3,,,L,,,7,7,closed,Joe Burrow,C.J. Stroud,202609200htx
2026_02_PIT_NE,2026,2,2026-09-20,PIT,NE,3.0,20.0,17.0,23.0,4.5,41.5,185.0,-225.0,8.4,4.3,43.0,0.7331021221378067,0.6636481241914618,3.9,1.5,0.069,NE -4.5,,,W,,,7,11,outdoors,Aaron Rodgers,Drake Maye,202609200nwe
2026_02_GB_NYJ,2026,2,2026-09-20,GB,NYJ,20.0,17.0,-3.0,37.0,-3.5,44.5,-185.0,154.0,-4.8,-0.1,47.0,0.36108671638645573,0.3775334481388264,-1.3,2.5,-0.016,,,,,,,7,7,outdoors,Jordan Love,Geno Smith,202609200nyj
2026_02_CLE_TB,2026,2,2026-09-20,CLE,TB,23.0,19.0,-4.0,42.0,8.5,41.5,330.0,-425.0,4.9,4.9,42.5,0.6416837242123752,0.7768331562167907,-3.6,1.0,-0.135,CLE +8.5,,,W,,,7,7,outdoors,Deshaun Watson,Baker Mayfield,202609200tam
2026_02_PHI_TEN,2026,2,2026-09-20,PHI,TEN,24.0,20.0,-4.0,44.0,-7.0,39.5,-325.0,260.0,-7.2,2.6,43.6,0.29690142860385127,0.26645768025078376,-0.2,4.1,0.03,,OVER 39.5,,,W,,7,7,outdoors,Jalen Hurts,Cam Ward,202609200oti
2026_02_JAX_DEN,2026,2,2026-09-20,JAX,DEN,13.0,20.0,7.0,33.0,2.5,45.5,124.0,-148.0,-2.8,1.3,43.6,0.4178458490524091,0.5720596355604638,-5.3,-1.9,-0.154,JAX +2.5,,,L,,,7,6,outdoors,Trevor Lawrence,Bo Nix,202609200den
2026_02_LV_LAC,2026,2,2026-09-20,LV,LAC,26.0,14.0,-12.0,40.0,6.5,43.5,260.0,-325.0,7.6,2.1,37.6,0.7132699478323693,0.7335423197492164,1.1,-5.9,-0.02,,UNDER 43.5,,,W,,7,7,dome,Kirk Cousins,Justin Herbert,202609200sdg
2026_02_SEA_ARI,2026,2,2026-09-20,SEA,ARI,31.0,7.0,-24.0,38.0,-3.5,40.5,-218.0,180.0,-11.4,2.7,44.2,0.1992105477819867,0.34252477380439467,-7.9,3.7,-0.143,SEA -3.5,OVER 40.5,,W,L,,11,7,closed,Drew Lock,Jacoby Brissett,202609200crd
2026_02_WAS_DAL,2026,2,2026-09-20,WAS,DAL,20.0,37.0,17.0,57.0,3.5,51.5,180.0,-218.0,2.9,2.7,52.5,0.5850441490120292,0.6574752261956054,-0.6,1.0,-0.072,,,,,,,7,7,closed,Jayden Daniels,Dak Prescott,202609200dal
2026_02_MIA_SF,2026,2,2026-09-20,MIA,SF,13.0,35.0,22.0,48.0,12.5,44.5,600.0,-900.0,10.6,4.0,46.7,0.7838274998695092,0.863013698630137,-1.9,2.2,-0.079,,,,,,,7,10,outdoors,Malik Willis,Brock Purdy,202609200sfo
2026_02_IND_KC,2026,2,2026-09-20,IND,KC,30.0,33.0,3.0,63.0,6.0,46.5,215.0,-265.0,3.0,-0.0,43.5,0.5879295521290574,0.6957699520733487,-3.0,-3.0,-0.108,IND +6,UNDER 46.5,,W,L,,7,6,outdoors,Daniel Jones,Patrick Mahomes,202609200kan
2026_02_NYG_LA,2026,2,2026-09-21,NYG,LAR,6.0,28.0,22.0,34.0,6.5,47.5,240.0,-298.0,9.8,3.2,51.3,0.7660579090245774,0.7179705215419501,3.3,3.8,0.048,LAR -6.5,OVER 47.5,,W,L,,8,11,dome,Jaxson Dart,Matthew Stafford,202609210ram
2026_03_ATL_GB,2026,3,2026-09-24,ATL,GB,35.0,14.0,-21.0,49.0,4.5,43.5,190.0,-230.0,5.6,3.6,43.6,0.6608612632496494,0.6690070210631895,1.1,0.1,-0.008,,,,,,,4,4,outdoors,Michael Penix Jr.,Jordan Love,202609240gnb
2026_03_LAC_BUF,2026,3,2026-09-27,LAC,BUF,16.0,24.0,8.0,40.0,7.0,50.5,260.0,-325.0,9.3,8.5,45.1,0.7545534039309836,0.7335423197492164,2.3,-5.4,0.021,,UNDER 50.5,,,W,,7,10,outdoors,Justin Herbert,Josh Allen,202609270buf
2026_03_CAR_CLE,2026,3,2026-09-27,CAR,CLE,18.0,21.0,3.0,39.0,-2.5,41.5,-135.0,114.0,-0.7,-1.8,43.3,0.4793233696422419,0.448558885283451,1.8,1.8,0.031,,,,,,,7,7,outdoors,Bryce Young,Deshaun Watson,202609270cle
2026_03_NYJ_DET,2026,3,2026-09-27,NYJ,DET,24.0,31.0,7.0,55.0,7.0,49.5,260.0,-325.0,10.8,5.0,46.9,0.7881446014166033,0.7335423197492164,3.8,-2.6,0.055,DET -7,,,PUSH,,,7,10,dome,Geno Smith,Jared Goff,202609270det
2026_03_HOU_IND,2026,3,2026-09-27,HOU,IND,17.0,19.0,2.0,36.0,-1.5,41.5,-125.0,105.0,-1.2,4.4,43.7,0.46458510698924044,0.4675324675324675,0.3,2.2,-0.003,,,,,,,7,7,open,C.J. Stroud,Daniel Jones,202609270clt
2026_03_NE_JAX,2026,3,2026-09-27,NE,JAX,6.0,35.0,29.0,41.0,3.0,46.5,136.0,-162.0,0.6,2.8,43.4,0.5177249324571198,0.593369754159424,-2.4,-3.1,-0.076,,UNDER 46.5,,,W,,7,7,outdoors,Drake Maye,Trevor Lawrence,202609270jax
2026_03_KC_MIA,2026,3,2026-09-27,KC,MIA,24.0,10.0,-14.0,34.0,-10.0,45.5,-600.0,440.0,-5.2,3.3,45.4,0.35005010933593544,0.17766497461928932,4.8,-0.1,0.172,MIA +10,,,L,,,7,7,outdoors,Patrick Mahomes,Malik Willis,202609270mia
2026_03_TEN_NYG,2026,3,2026-09-27,TEN,NYG,7.0,12.0,5.0,19.0,2.5,37.5,110.0,-130.0,6.2,2.4,47.3,0.676975999816747,0.5427435387673957,3.7,9.8,0.134,NYG -2.5,OVER 37.5,,W,L,,7,6,outdoors,Cam Ward,Jameis Winston,202609270nyg
2026_03_CIN_PIT,2026,3,2026-09-27,CIN,PIT,27.0,30.0,3.0,57.0,-3.5,42.5,-180.0,150.0,3.6,0.4,42.0,0.6051370895359749,0.3835616438356164,7.1,-0.5,0.222,PIT +3.5,,,W,,,7,7,outdoors,Joe Burrow,Aaron Rodgers,202609270pit
2026_03_SEA_WAS,2026,3,2026-09-27,SEA,WAS,31.0,33.0,2.0,64.0,-8.5,40.5,-410.0,320.0,-11.0,5.2,46.5,0.20758915974994996,0.22849462365591394,-2.5,6.0,-0.021,,OVER 40.5,,,W,,7,7,outdoors,Drew Lock,Jayden Daniels,202609270was
2026_03_ARI_SF,2026,3,2026-09-27,ARI,SF,30.0,36.0,6.0,66.0,7.5,48.5,310.0,-395.0,10.6,2.2,48.3,0.7838274998695092,0.7659021045164341,3.1,-0.2,0.018,SF -7.5,,,L,,,7,7,outdoors,Jacoby Brissett,Brock Purdy,202609270sfo
2026_03_MIN_TB,2026,3,2026-09-27,MIN,TB,23.0,16.0,-7.0,39.0,-1.5,42.5,-112.0,-108.0,-2.8,5.2,40.9,0.4178458490524091,0.4956702459300312,-1.3,-1.6,-0.078,,,,,,,7,7,outdoors,Kyler Murray,Baker Mayfield,202609270tam
2026_03_BAL_DAL,2026,3,2026-09-27,BAL,DAL,34.0,31.0,-3.0,65.0,-3.0,53.5,-170.0,142.0,-1.1,4.5,51.2,0.4675295257704632,0.3962430290578221,1.9,-2.3,0.071,,,,,,,7,7,open,Lamar Jackson,Dak Prescott,202609270dal
2026_03_LV_NO,2026,3,2026-09-27,LV,NO,35.0,27.0,-8.0,62.0,3.5,43.5,160.0,-192.0,5.4,3.7,40.0,0.6554217416103242,0.6309403437815976,1.9,-3.5,0.024,,UNDER 43.5,,,L,,7,7,dome,Kirk Cousins,Tyler Shough,202609270nor
2026_03_LA_DEN,2026,3,2026-09-27,LAR,DEN,26.0,30.0,4.0,56.0,1.5,43.5,-108.0,-112.0,-2.1,-0.1,46.8,0.43819167995069974,0.5043297540699688,-3.6,3.3,-0.066,LAR +1.5,OVER 43.5,,L,W,,6,7,outdoors,Matthew Stafford,Bo Nix,202609270den
2026_03_PHI_CHI,2026,3,2026-09-28,PHI,CHI,7.0,27.0,20.0,34.0,-3.5,42.5,-198.0,164.0,3.2,3.9,47.6,0.5936859712545934,0.3630958183058778,6.7,5.1,0.231,CHI +3.5,OVER 42.5,,W,L,,8,8,outdoors,Jalen Hurts,Case Keenum,202609280chi
