player,birthplace,b_lat,b_lon,college,college_city
Drake Maye,"Huntersville, NC",35.41069,-80.84285,North Carolina,"Chapel Hill, NC"
Rhamondre Stevenson,"Las Vegas, NV",36.17497,-115.13722,Oklahoma,"Norman, OK"
Corey Kiner,"Cincinnati, OH",39.12711,-84.51439,Cincinnati,"Cincinnati, OH"
Mack Hollins,"Rockville, MD",39.084,-77.15276,North Carolina,"Chapel Hill, NC"
A.J. Brown,"Starkville, MS",33.45049,-88.81961,Ole Miss,"Oxford, MS"
Hunter Henry,"Little Rock, AR",34.74648,-92.28959,Arkansas,"Fayetteville, AR"
DeMario Douglas,"Jacksonville, FL",30.33218,-81.65565,Liberty,"Lynchburg, VA"
Lan Larison,"Caldwell, ID",43.66294,-116.68736,UC Davis,"Davis, CA"
Eli Raridon,"Des Moines, IA",41.60054,-93.60911,Notre Dame,"Notre Dame, IN"
Romeo Doubs,"Los Angeles, CA",34.05223,-118.24368,Nevada,"Reno, NV"
Drew Lock,"Lee's Summit, MO",38.91084,-94.38217,Missouri,"Columbia, MO"
Sam Darnold,"Capistrano Beach, CA",33.46697,-117.69811,USC,"Los Angeles, CA"
Jadarian Price,"Denison, TX",33.75566,-96.53666,Notre Dame,"Notre Dame, IN"
George Holani,"Bellflower, CA",33.88168,-118.11701,Boise State,"Boise, ID"
Emanuel Wilson,"Charlotte, NC",35.22709,-80.84313,Fort Valley State,"Fort Valley, GA"
Jaxon Smith-Njigba,"Rockwall, TX",32.93123,-96.45971,Ohio State,"Columbus, OH"
Cooper Kupp,"Yakima, WA",46.60207,-120.5059,Eastern Washington,"Cheney, WA"
Brady Russell,"Fort Collins, CO",40.58526,-105.08442,Colorado,"Boulder, CO"
AJ Barner,"Aurora, OH",41.31755,-81.34539,Michigan,"Ann Arbor, MI"
Rashid Shaheed,"San Diego, CA",32.71571,-117.16472,Weber State,"Ogden, UT"
Brock Purdy,"Gilbert, AZ",33.35283,-111.78903,Iowa State,"Ames, IA"
Christian McCaffrey,"Castle Rock, CO",39.37221,-104.85609,Stanford,"Stanford, CA"
Kaelon Black,"Virginia Beach, VA",36.85293,-75.97799,Indiana,"Bloomington, IN"
Deebo Samuel,"Inman, SC",35.04706,-82.09011,South Carolina,"Columbia, SC"
Demarcus Robinson,"Fort Valley, GA",32.55376,-83.88741,Florida,"Gainesville, FL"
Mike Evans,"Galveston, TX",29.30135,-94.7977,Texas A&M,"College Station, TX"
Luke Farrell,"Perry, OH",41.76033,-81.14093,Ohio State,"Columbus, OH"
George Kittle,"Norman, OK",35.22257,-97.43948,Iowa,"Iowa City, IA"
Jake Brendel,,,,UCLA,"Pasadena, CA"
Matthew Stafford,"Dallas, TX",32.78306,-96.80667,Georgia,"Athens, GA"
Stetson Bennett,"Blackshear, GA",31.30605,-82.24207,Georgia,"Athens, GA"
Blake Corum,"Marshall, VA",38.86484,-77.85777,Michigan,"Ann Arbor, MI"
Kyren Williams,"St. Louis, MO",38.62727,-90.19789,Notre Dame,"Notre Dame, IN"
Ronnie Rivers,"Brentwood, CA",37.93187,-121.69579,Fresno State,"Fresno, CA"
Puka Nacua,"Provo, UT",40.23384,-111.65853,BYU,"Provo, UT"
Davante Adams,"Palo Alto, CA",37.44188,-122.14302,Fresno State,"Fresno, CA"
Davis Allen,"Calhoun, GA",34.50259,-84.95105,Clemson,"Clemson, SC"
Tyler Higbee,"Clearwater, FL",27.96585,-82.8001,Western Kentucky,"Bowling Green, KY"
Jordan Whittington,"Cuero, TX",29.09387,-97.28916,Texas,"Austin, TX"
Colby Parkinson,"Simi Valley, CA",34.26945,-118.78148,Stanford,"Stanford, CA"
Konata Mumpfield,"Hoschton, GA",34.0965,-83.76128,Pittsburgh,"Pittsburgh, PA"
Terrance Ferguson,"Littleton, CO",39.61332,-105.01665,Oregon,"Eugene, OR"
Caleb Williams,"Washington, DC",38.89511,-77.03637,USC,"Los Angeles, CA"
D'Andre Swift,"Philadelphia, PA",39.95238,-75.16362,Georgia,"Athens, GA"
Kyle Monangai,"Roseland, NJ",40.82066,-74.29376,Rutgers,"Piscataway, NJ"
Luther Burden,"St. Louis, MO",38.62727,-90.19789,Missouri,"Columbia, MO"
Kalif Raymond,"Lawrenceville, GA",33.95621,-83.98796,Holy Cross,"Worcester, MA"
Rome Odunze,"Las Vegas, NV",36.17497,-115.13722,Washington,"Seattle, WA"
Cole Kmet,"Lake Barrington, IL",42.21252,-88.15258,Notre Dame,"Notre Dame, IN"
Jahdae Walker,"Cleveland, OH",41.4995,-81.69541,Texas A&M,"College Station, TX"
Colston Loveland,"Gooding, ID",42.93879,-114.71311,Michigan,"Ann Arbor, MI"
Bryce Young,"Pasadena, CA",34.14778,-118.14452,Alabama,"Tuscaloosa, AL"
Kenny Pickett,"Oakhurst, NJ",40.27094,-74.01625,Pittsburgh,"Pittsburgh, PA"
Chuba Hubbard,"Sherwood Park, AB",53.51684,-113.3187,Oklahoma State,"Stillwater, OK"
AJ Dillon,"New London, CT",41.35565,-72.09952,Boston College,"Chestnut Hill, MA"
Jonathon Brooks,"Hallettsville, TX",29.44385,-96.94109,Texas,"Austin, TX"
Jalen Coker,"Sterling, VA",39.00622,-77.4286,Holy Cross,"Worcester, MA"
Tetairoa McMillan,"Waimanalo, HI",21.34614,-157.7238,Arizona,"Tucson, AZ"
Darren Waller,"Acworth, GA",34.06635,-84.67837,Georgia Tech,"Atlanta, GA"
Tommy Tremble,"Johns Creek, GA",34.02893,-84.19858,Notre Dame,"Notre Dame, IN"
Mitchell Evans,"Wadsworth, OH",41.02561,-81.72985,Notre Dame,"Notre Dame, IN"
Xavier Legette,"Mullins, SC",34.20572,-79.25449,South Carolina,"Columbia, SC"
Jimmy Horn,"Sanford, FL",28.80055,-81.27312,Colorado,"Boulder, CO"
Baker Mayfield,"Austin, TX",30.26715,-97.74306,Oklahoma,"Norman, OK"
Bucky Irving,"Chicago, IL",41.85003,-87.65005,Oregon,"Eugene, OR"
Kenneth Gainwell,"Yazoo City, MS",32.85513,-90.40565,Memphis,"Memphis, TN"
Chris Godwin,"Middletown, DE",39.44956,-75.71632,Penn State,"University Park, PA"
Emeka Egbuka,"Steilacoom, WA",47.16982,-122.60263,Ohio State,"Columbus, OH"
Ted Hurst,"Savannah, GA",32.08354,-81.09983,Georgia State,"Atlanta, GA"
Cade Otton,"Tumwater, WA",47.00732,-122.90931,Washington,"Seattle, WA"
Tez Johnson,"Pinson, AL",33.68899,-86.68332,Oregon,"Eugene, OR"
Joe Burrow,"Athens, OH",39.32924,-82.10126,LSU,"Baton Rouge, LA"
Chase Brown,"London, ON",42.98339,-81.23304,Illinois,"Champaign, IL"
Samaje Perine,"Pflugerville, TX",30.43937,-97.62,Oklahoma,"Norman, OK"
Dohnte Meyers,"Duluth, GA",34.00288,-84.14464,Delta State,"Cleveland, MS"
Mike Gesicki,"Manahawkin, NJ",39.6954,-74.25875,Penn State,"University Park, PA"
Tee Higgins,"Oak Ridge, TN",36.01036,-84.26964,Clemson,"Clemson, SC"
Drew Sample,"Bellevue, WA",47.61038,-122.20068,Washington,"Seattle, WA"
Andrei Iosivas,"Honolulu, HI",21.30694,-157.85833,Princeton,"Princeton, NJ"
Ja'Marr Chase,"Harvey, LA",29.90354,-90.07729,LSU,"Baton Rouge, LA"
Tanner Hudson,"Big Sandy, TN",36.23478,-88.08531,Southern Arkansas,"Magnolia, AR"
Tyler Shough,"Chandler, AZ",33.30616,-111.84125,Louisville,"Louisville, KY"
Travis Etienne,"Jennings, LA",30.22243,-92.65708,Clemson,"Clemson, SC"
Kendre Miller,"Mount Enterprise, TX",32.15322,-94.79938,TCU,"Fort Worth, TX"
CJ Donaldson,"Miami, FL",25.77427,-80.19366,Ohio State,"Columbus, OH"
Barion Brown,"Nashville, TN",36.16589,-86.78444,LSU,"Baton Rouge, LA"
Chris Olave,"San Ysidro, CA",32.71571,-117.16472,Ohio State,"Columbus, OH"
Devaughn Vele,"San Diego, CA",32.71571,-117.16472,Utah,"Salt Lake City, UT"
Juwan Johnson,"Glassboro, NJ",39.70289,-75.11184,Oregon,"Eugene, OR"
Bryce Lance,"Marshall, MN",44.4469,-95.78835,North Dakota State,"Fargo, ND"
Noah Fant,"Omaha, NE",41.25626,-95.94043,Iowa,"Iowa City, IA"
Jared Goff,"Novato, CA",38.10742,-122.5697,California,"Berkeley, CA"
Jahmyr Gibbs,"Dalton, GA",34.7698,-84.97022,Alabama,"Tuscaloosa, AL"
Sione Vaki,"Antioch, CA",38.00492,-121.80579,Utah,"Salt Lake City, UT"
Amon-Ra St. Brown,"Anaheim Hills, CA",33.83529,-117.9145,USC,"Los Angeles, CA"
Sam LaPorta,"Highland, IL",38.73949,-89.6712,Iowa,"Iowa City, IA"
Jameson Williams,"St. Louis, MO",38.62727,-90.19789,Alabama,"Tuscaloosa, AL"
Brock Wright,"Cypress, TX",29.96911,-95.69717,Notre Dame,"Notre Dame, IN"
Isaac TeSlaa,"Hudsonville, MI",42.87086,-85.86504,Arkansas,"Fayetteville, AR"
Josh Allen,"Firebaugh, CA",36.29606,-119.14205,Wyoming,"Laramie, WY"
James Cook,"Miami, FL",25.77427,-80.19366,Georgia,"Athens, GA"
Ray Davis,"San Francisco, CA",37.77493,-122.41942,Kentucky,"Lexington, KY"
Frank Gore Jr.,"Miami, FL",25.77427,-80.19366,Southern Miss,"Hattiesburg, MS"
Dalton Kincaid,"Las Vegas, NV",36.17497,-115.13722,Utah,"Salt Lake City, UT"
D.J. Moore,"Philadelphia, PA",39.95238,-75.16362,Maryland,"College Park, MD"
Khalil Shakir,"Murrieta, CA",33.55391,-117.21392,Boise State,"Boise, ID"
Josh Palmer,"Brampton, ON",43.68341,-79.76633,Tennessee,"Knoxville, TN"
Dawson Knox,"Brentwood, TN",36.03312,-86.78278,Ole Miss,"Oxford, MS"
Keon Coleman,"Opelousas, LA",30.53353,-92.08151,Florida State,"Tallahassee, FL"
C.J. Stroud,"Inland Empire, CA",33.95335,-117.39616,Ohio State,"Columbus, OH"
David Montgomery,"Cincinnati, OH",39.12711,-84.51439,Iowa State,"Ames, IA"
Woody Marks,"Atlanta, GA",33.749,-84.38798,USC,"Los Angeles, CA"
Nico Collins,"Birmingham, AL",33.52066,-86.80249,Michigan,"Ann Arbor, MI"
Jaylin Noel,"Kansas City, MO",39.09973,-94.57857,Iowa State,"Ames, IA"
Dalton Schultz,"South Jordan, UT",40.56217,-111.92966,Stanford,"Stanford, CA"
Xavier Hutchinson,"Jacksonville, FL",30.33218,-81.65565,Iowa State,"Ames, IA"
Kayshon Boutte,"New Iberia, LA",30.00354,-91.81873,LSU,"Baton Rouge, LA"
Marlin Klein,"Cologne, Germany",50.93333,6.95,Michigan,"Ann Arbor, MI"
Foster Moreau,"New Orleans, LA",29.95465,-90.07507,LSU,"Baton Rouge, LA"
Jared Wayne,"Peterborough, ON",44.30012,-78.31623,Pittsburgh,"Pittsburgh, PA"
Cade Stover,"Mansfield, OH",40.75839,-82.51545,Ohio State,"Columbus, OH"
Lamar Jackson,"Pompano Beach, FL",26.23786,-80.12477,Louisville,"Louisville, KY"
Derrick Henry,"Yulee, FL",30.6319,-81.60649,Alabama,"Tuscaloosa, AL"
Justice Hill,"Tulsa, OK",36.15398,-95.99277,Oklahoma State,"Stillwater, OK"
Zay Flowers,"Fort Lauderdale, FL",26.12231,-80.14338,Boston College,"Chestnut Hill, MA"
Chris Moore,"Tampa, FL",27.94752,-82.45843,Cincinnati,"Cincinnati, OH"
Mark Andrews,"Scottsdale, AZ",33.50921,-111.89903,Oklahoma,"Norman, OK"
LaJohntay Wester,"Palmetto, FL",27.52143,-82.57232,Colorado,"Boulder, CO"
Matthew Hibner,"Burke, VA",38.79345,-77.27165,SMU,"Dallas, TX"
Ja'Kobi Lane,"Mesa, AZ",33.42227,-111.82264,USC,"Los Angeles, CA"
Durham Smythe,"Belton, TX",31.05601,-97.46445,Notre Dame,"Notre Dame, IN"
Rashod Bateman,"Tifton, GA",31.45046,-83.5085,Minnesota,"Minneapolis, MN"
Daniel Jones,"Charlotte, NC",35.22709,-80.84313,Duke,"Durham, NC"
Jonathan Taylor,"Salem, NJ",39.57178,-75.46714,Wisconsin,"Madison, WI"
Alec Pierce,"Glen Ellyn, IL",41.87753,-88.06701,Cincinnati,"Cincinnati, OH"
Josh Downs,"Suwanee, GA",34.05149,-84.0713,North Carolina,"Chapel Hill, NC"
Keenan Allen,"Greensboro, NC",36.07264,-79.79198,California,"Berkeley, CA"
Tyler Warren,"Mechanicsville, VA",37.60876,-77.37331,Penn State,"University Park, PA"
Ashton Dulin,"Reynoldsburg, OH",39.95479,-82.81212,Malone,"Canton, OH"
Seth McGowan,"Mesquite, TX",32.7668,-96.59916,Kentucky,"Lexington, KY"
Andrew Ogletree,"Dayton, OH",39.75895,-84.19161,Youngstown State,"Youngstown, OH"
Laquon Treadwell,"Crete, IL",41.44448,-87.63143,Ole Miss,"Oxford, MS"
Deshaun Watson,"Gainesville, GA",34.29788,-83.82407,Clemson,"Clemson, SC"
Quinshon Judkins,"Pike Road, AL",32.28431,-86.10302,Ohio State,"Columbus, OH"
KC Concepcion,"Charlotte, NC",35.22709,-80.84313,Texas A&M,"College Station, TX"
Raheim Sanders,"Rockledge, FL",28.35084,-80.72533,South Carolina,"Columbia, SC"
Denzel Boston,"South Hill, WA",47.14121,-122.27012,Washington,"Seattle, WA"
Jerry Jeudy,"Deerfield Beach, FL",26.31841,-80.09977,Alabama,"Tuscaloosa, AL"
Harold Fannin,"Canton, OH",40.79895,-81.37845,Bowling Green,"Bowling Green, OH"
Blake Whiteheart,"Winston-Salem, NC",36.09986,-80.24422,Wake Forest,"Winston-Salem, NC"
Trevor Lawrence,"Cartersville, GA",34.16533,-84.80231,Clemson,"Clemson, SC"
Bhayshul Tuten,"Paulsboro, NJ",39.83039,-75.24046,Virginia Tech,"Blacksburg, VA"
Ameer Abdullah,"Homewood, AL",33.47177,-86.80082,Nebraska,"Lincoln, NE"
Chris Rodriguez,"Mcdonough, GA",33.44734,-84.14686,Kentucky,"Lexington, KY"
Travis Hunter,"Suwanee, GA",34.05149,-84.0713,Colorado,"Boulder, CO"
Jakobi Meyers,"Lithonia, GA",33.71233,-84.10519,NC State,"Raleigh, NC"
Parker Washington,"Sugar Land, TX",29.61968,-95.63495,Penn State,"University Park, PA"
Brian Thomas,"Walker, LA",30.48797,-90.86149,LSU,"Baton Rouge, LA"
Brenton Strange,"Parkersburg, WV",39.26674,-81.56151,Penn State,"University Park, PA"
Josh Cameron,"Cedar Park, TX",30.5052,-97.82029,Baylor,"Waco, TX"
Nate Boerkircher,"Aurora, NE",40.86723,-98.00422,Texas A&M,"College Station, TX"
Quintin Morris,"Richmond, TX",29.58218,-95.76078,Bowling Green,"Bowling Green, OH"
Nick Mullens,"Hoover, AL",33.40539,-86.81138,Southern Miss,"Hattiesburg, MS"
Cooper Rush,"Charlotte, MI",42.56365,-84.83582,Central Michigan,"Mount Pleasant, MI"
Bijan Robinson,"Tucson, AZ",32.22174,-110.92648,Texas,"Austin, TX"
Brian Robinson Jr.,"Tuscaloosa, AL",33.20984,-87.56917,Alabama,"Tuscaloosa, AL"
Drake London,"Moorpark, CA",34.28556,-118.88204,USC,"Los Angeles, CA"
Jahan Dotson,"Nazareth, PA",40.74038,-75.30962,Penn State,"University Park, PA"
Olamide Zaccheaus,"Plainfield, NJ",40.63371,-74.40737,Virginia,"Charlottesville, VA"
Kyle Pitts,"Philadelphia, PA",39.95238,-75.16362,Florida,"Gainesville, FL"
Aaron Rodgers,"Chico, CA",39.72849,-121.83748,California,"Berkeley, CA"
Cameron Johnston,"Geelong, VIC",-38.14711,144.36069,Ohio State,"Columbus, OH"
Jaylen Warren,"Salt Lake City, UT",40.76078,-111.89105,Oklahoma State,"Stillwater, OK"
Rico Dowdle,"Asheville, NC",35.60095,-82.55402,South Carolina,"Columbia, SC"
Michael Pittman Jr.,"Woodland Hills, CA",34.16834,-118.60592,USC,"Los Angeles, CA"
Pat Freiermuth,"Merrimac, MA",42.83065,-71.00228,Penn State,"University Park, PA"
D.K. Metcalf,"Oxford, MS",34.3665,-89.51925,Ole Miss,"Oxford, MS"
Roman Wilson,"Honolulu, HI",21.30694,-157.85833,Michigan,"Ann Arbor, MI"
Darnell Washington,"Las Vegas, NV",36.17497,-115.13722,Georgia,"Athens, GA"
Geno Smith,"Miami, FL",25.77427,-80.19366,West Virginia,"Morgantown, WV"
Breece Hall,"Wichita, KS",37.69224,-97.33754,Iowa State,"Ames, IA"
Braelon Allen,"Fond Du Lac, WI",43.775,-88.43883,Wisconsin,"Madison, WI"
Kenyon Sadiq,"Idaho Falls, ID",43.46658,-112.03414,Oregon,"Eugene, OR"
Garrett Wilson,"Austin, TX",30.26715,-97.74306,Ohio State,"Columbus, OH"
Adonai Mitchell,"Missouri City, TX",29.61857,-95.53772,Texas,"Austin, TX"
Omar Cooper,"Indianapolis, IN",39.76838,-86.15804,Indiana,"Bloomington, IN"
Isaiah Williams,"St. Louis, MO",38.62727,-90.19789,Illinois,"Champaign, IL"
Jeremy Ruckert,"Lindenhurst, NY",40.68677,-73.37345,Ohio State,"Columbus, OH"
Arian Smith,"Bradley, FL",27.79531,-81.98036,Georgia,"Athens, GA"
Mason Taylor,"Plantation, FL",26.13421,-80.23184,LSU,"Baton Rouge, LA"
Cam Ward,"West Columbia, TX",29.14386,-95.64522,Miami,"Miami Gardens, FL"
Tony Pollard,"Memphis, TN",35.14953,-90.04898,Memphis,"Memphis, TN"
Tyjae Spears,"Ponchatoula, LA",30.4388,-90.44148,Tulane,"New Orleans, LA"
Wan'Dale Robinson,"Frankfort, KY",38.20091,-84.87328,Kentucky,"Lexington, KY"
Carnell Tate,"Chicago, IL",41.85003,-87.65005,Ohio State,"Columbus, OH"
Gunnar Helm,"Englewood, CO",39.64777,-104.98776,Texas,"Austin, TX"
Elic Ayomanor,"Medicine Hat, AB",50.03928,-110.67661,Stanford,"Stanford, CA"
Chimere Dike,"Waukesha, WI",43.01168,-88.23148,Florida,"Gainesville, FL"
Daniel Bellinger,"Las Vegas, NV",36.17497,-115.13722,San Diego State,"San Diego, CA"
Jacoby Brissett,"West Palm Beach, FL",26.71534,-80.05337,NC State,"Raleigh, NC"
Tyler Allgeier,"Fontana, CA",34.09223,-117.43505,BYU,"Provo, UT"
Jeremiyah Love,"St. Louis, MO",38.62727,-90.19789,Notre Dame,"Notre Dame, IN"
Trey McBride,"Fort Morgan, CO",40.25026,-103.79995,Colorado State,"Fort Collins, CO"
Kendrick Bourne,"Portland, OR",45.52345,-122.67621,Eastern Washington,"Cheney, WA"
Michael Wilson,"Simi Valley, CA",34.26945,-118.78148,Stanford,"Stanford, CA"
Marvin Harrison Jr.,"Philadelphia, PA",39.95238,-75.16362,Ohio State,"Columbus, OH"
Justin Herbert,"Eugene, OR",44.05207,-123.08675,Oregon,"Eugene, OR"
Omarion Hampton,"Clayton, NC",35.65071,-78.45639,North Carolina,"Chapel Hill, NC"
Keaton Mitchell,"Mcdonough, GA",33.44734,-84.14686,East Carolina,"Greenville, NC"
Ladd McConkey,"Chatsworth, GA",34.76591,-84.76994,Georgia,"Athens, GA"
David Njoku,"Cedar Grove, NJ",40.85177,-74.22903,Miami,"Miami Gardens, FL"
Oronde Gadsden II,"Fort Lauderdale, FL",26.12231,-80.14338,Syracuse,"Syracuse, NY"
Tre Harris,"Lafayette, LA",30.22409,-92.01984,Ole Miss,"Oxford, MS"
Quentin Johnston,"Temple, TX",31.09823,-97.34278,TCU,"Fort Worth, TX"
Derius Davis,"Saint Francisville, LA",30.7799,-91.3765,TCU,"Fort Worth, TX"
Malik Willis,"Atlanta, GA",33.749,-84.38798,Liberty,"Lynchburg, VA"
De'Von Achane,"Missouri City, TX",29.61857,-95.53772,Texas A&M,"College Station, TX"
Caleb Douglas,"Missouri City, TX",29.61857,-95.53772,Texas Tech,"Lubbock, TX"
Malik Washington,"Lawrenceville, GA",33.95621,-83.98796,Virginia,"Charlottesville, VA"
Chris Bell,"Yazoo City, MS",32.85513,-90.40565,Louisville,"Louisville, KY"
Greg Dulcich,"Glendale, CA",34.14251,-118.25508,UCLA,"Pasadena, CA"
Kevin Coleman,"St. Louis, MO",38.62727,-90.19789,Missouri,"Columbia, MO"
Will Kacmarek,"St. Louis, MO",38.62727,-90.19789,Ohio State,"Columbus, OH"
Jaylen Wright,"Durham, NC",35.99403,-78.89862,Tennessee,"Knoxville, TN"
Kirk Cousins,"Holland, MI",42.78752,-86.10893,Michigan State,"East Lansing, MI"
Ashton Jeanty,"Jacksonville, FL",30.33218,-81.65565,Boise State,"Boise, ID"
Mike Washington Jr.,"Utica, NY",43.1009,-75.23266,Arkansas,"Fayetteville, AR"
Connor Heyward,"Duluth, GA",34.00288,-84.14464,Michigan State,"East Lansing, MI"
Michael Mayer,"Independence, KY",38.94312,-84.54411,Notre Dame,"Notre Dame, IN"
Jalen Nailor,"Palmdale, CA",34.57943,-118.11646,Michigan State,"East Lansing, MI"
Tre Tucker,"Akron, OH",41.08144,-81.51901,Cincinnati,"Cincinnati, OH"
Jack Bech,"Lafayette, LA",30.22409,-92.01984,TCU,"Fort Worth, TX"
Cody White,,,,Michigan State,"East Lansing, MI"
Malik Benson,"Lansing, KS",39.24861,-94.90024,Oregon,"Eugene, OR"
Jordan Love,"Bakersfield, CA",35.37329,-119.01871,Utah State,"Logan, UT"
MarShawn Lloyd,"Wilmington, DE",39.74595,-75.54659,USC,"Los Angeles, CA"
Chris Brooks,"Oceanside, CA",33.19587,-117.37948,BYU,"Provo, UT"
Christian Watson,"Tampa, FL",27.94752,-82.45843,North Dakota State,"Fargo, ND"
Matthew Golden,"Houston, TX",29.76328,-95.36327,Texas,"Austin, TX"
Tucker Kraft,"Timber Lake, SD",45.42915,-101.07403,South Dakota State,"Brookings, SD"
Jonnu Smith,"Ocala, FL",29.1872,-82.14009,Florida International,"Miami, FL"
Jayden Reed,"Naperville, IL",41.78586,-88.14729,Michigan State,"East Lansing, MI"
Bo Melton,"Mays Landing, NJ",39.45234,-74.72766,Rutgers,"Piscataway, NJ"
Skyy Moore,"New Kensington, PA",40.56979,-79.76477,Western Michigan,"Kalamazoo, MI"
Carson Wentz,"Bismarck, ND",46.80833,-100.78374,North Dakota State,"Fargo, ND"
Kyler Murray,"Allen, TX",33.10317,-96.67055,Oklahoma,"Norman, OK"
Jordan Mason,"Gallatin, TN",36.38838,-86.44666,Georgia Tech,"Atlanta, GA"
Aaron Jones,"El Paso, TX",31.75872,-106.48693,UTEP,"El Paso, TX"
Justin Jefferson,"Saint Rose, LA",29.94687,-90.32313,LSU,"Baton Rouge, LA"
T.J. Hockenson,"Chariton, IA",41.01389,-93.3066,Iowa,"Iowa City, IA"
Josh Oliver,"Paso Robles, CA",35.62664,-120.691,San José State,"San Jose, CA"
DeeJay Dallas,"Brunswick, GA",31.15013,-81.49147,Miami,"Miami Gardens, FL"
Jordan Addison,"Frederick, MD",39.41427,-77.41054,USC,"Los Angeles, CA"
Jauan Jennings,"Murfreesboro, TN",35.84562,-86.39027,Tennessee,"Knoxville, TN"
Jayden Daniels,"San Bernardino, CA",34.10834,-117.28977,LSU,"Baton Rouge, LA"
Jacory Croskey-Merritt,"Montgomery, AL",32.36681,-86.29997,Arizona,"Tucson, AZ"
Rachaad White,"Kansas City, MO",39.09973,-94.57857,Arizona State,"Tempe, AZ"
Kaytron Allen,"Norfolk, VA",36.84681,-76.28522,Penn State,"University Park, PA"
Antonio Williams,"Irmo, SC",34.08598,-81.18315,Clemson,"Clemson, SC"
Stefon Diggs,"Gaithersburg, MD",39.14344,-77.20137,Maryland,"College Park, MD"
Chig Okonkwo,"Powder Springs, GA",33.85955,-84.68382,Maryland,"College Park, MD"
Terry McLaurin,"Indianapolis, IN",39.76838,-86.15804,Ohio State,"Columbus, OH"
John Bates,"Lebanon, OR",44.53651,-122.90703,Boise State,"Boise, ID"
Jaylin Lane,"Clover, SC",35.11125,-81.22646,Virginia Tech,"Blacksburg, VA"
Dyami Brown,"Charlotte, NC",35.22709,-80.84313,North Carolina,"Chapel Hill, NC"
Jalen Hurts,"Houston, TX",29.76328,-95.36327,Oklahoma,"Norman, OK"
Saquon Barkley,"Coplay, PA",40.6701,-75.49546,Penn State,"University Park, PA"
Will Shipley,"Weddington, NC",35.02237,-80.7609,Clemson,"Clemson, SC"
Tank Bigsby,"LaGrange, GA",33.03929,-85.03133,Auburn,"Auburn, AL"
Dallas Goedert,"Britton, SD",45.79162,-97.75094,South Dakota State,"Brookings, SD"
Dontayvion Wicks,"Plaquemine, LA",30.29005,-91.23497,Virginia,"Charlottesville, VA"
DeVonta Smith,"Amite, LA",30.72657,-90.50898,Alabama,"Tuscaloosa, AL"
Makai Lemon,"Los Alamitos, CA",33.80307,-118.07256,USC,"Los Angeles, CA"
Dak Prescott,"Haughton, LA",32.53265,-93.50406,Mississippi State,"Starkville, MS"
Javonte Williams,"Wallace, NC",34.73572,-77.99526,North Carolina,"Chapel Hill, NC"
Emari Demercado,"Inglewood, CA",33.96168,-118.35313,TCU,"Fort Worth, TX"
Hunter Luepke,"Spencer, WI",44.75774,-90.2968,North Dakota State,"Fargo, ND"
CeeDee Lamb,"Richmond, TX",29.58218,-95.76078,Oklahoma,"Norman, OK"
George Pickens,"Hoover, AL",33.40539,-86.81138,Georgia,"Athens, GA"
Ryan Flournoy,"Hazel Crest, IL",41.5717,-87.69449,Southeast Missouri State,"Cape Girardeau, MO"
Brevyn Spann-Ford,"Saint Cloud, MN",45.5608,-94.16249,Minnesota,"Minneapolis, MN"
Luke Schoonmaker,"Hamden, CT",41.39593,-72.89677,Michigan,"Ann Arbor, MI"
Jonathan Mingo,"Brandon, MS",32.2732,-89.98592,Ole Miss,"Oxford, MS"
KaVontae Turpin,"Monroe, LA",32.50931,-92.1193,TCU,"Fort Worth, TX"
Jake Ferguson,"Madison, WI",43.07305,-89.40123,Wisconsin,"Madison, WI"
Jaxson Dart,"Kaysville, UT",41.03522,-111.93855,Ole Miss,"Oxford, MS"
Cam Skattebo,"Rio Linda, CA",38.69101,-121.44857,Arizona State,"Tempe, AZ"
Devin Singletary,"Deerfield Beach, FL",26.31841,-80.09977,Florida Atlantic,"Boca Raton, FL"
Tyrone Tracy Jr.,"Indianapolis, IN",39.76838,-86.15804,Purdue,"West Lafayette, IN"
Isaiah Likely,"Cambridge, MA",42.3751,-71.10561,Coastal Carolina,"Conway, SC"
Malik Nabers,"Youngsville, LA",30.09965,-91.99012,LSU,"Baton Rouge, LA"
Darnell Mooney,"Gadsden, AL",34.01434,-86.00639,Tulane,"New Orleans, LA"
Malachi Fields,"Charlottesville, VA",38.02931,-78.47668,Notre Dame,"Notre Dame, IN"
Theo Johnson,"Windsor, ON",42.30008,-83.01654,Penn State,"University Park, PA"
Patrick Ricard,"Spencer, MA",42.24398,-71.9923,Maine,"Orono, ME"
Bo Nix,"Pinson, AL",33.68899,-86.68332,Oregon,"Eugene, OR"
J.K. Dobbins,"La Grange, TX",29.9055,-96.87665,Ohio State,"Columbus, OH"
RJ Harvey,"Orlando, FL",28.53834,-81.37924,UCF,"Orlando, FL"
Troy Franklin,"East Palo Alto, CA",37.46883,-122.14108,Oregon,"Eugene, OR"
Evan Engram,"Powder Springs, GA",33.85955,-84.68382,Ole Miss,"Oxford, MS"
Pat Bryant,"Jacksonville, FL",30.33218,-81.65565,Illinois,"Champaign, IL"
Courtland Sutton,"Brenham, TX",30.16688,-96.39774,SMU,"Dallas, TX"
Adam Trautman,"Williamsburg, MI",42.68892,-84.28302,Dayton,"Dayton, OH"
Jaylen Waddle,"Houston, TX",29.76328,-95.36327,Alabama,"Tuscaloosa, AL"
Patrick Mahomes,"Whitehouse, TX",32.22682,-95.2255,Texas Tech,"Lubbock, TX"
Kenneth Walker III,"Arlington, TN",35.2962,-89.66147,Michigan State,"East Lansing, MI"
Emmett Johnson,"Minneapolis, MN",44.97997,-93.26384,Nebraska,"Lincoln, NE"
Travis Kelce,"Cleveland Heights, OH",41.52005,-81.55624,Cincinnati,"Cincinnati, OH"
Rashee Rice,"North Richland Hills, TX",32.8343,-97.2289,SMU,"Dallas, TX"
Xavier Worthy,"Fresno, CA",36.74773,-119.77237,Texas,"Austin, TX"
Jake Briningstool,"Brentwood, TN",36.03312,-86.78278,Clemson,"Clemson, SC"
Noah Gray,"Leominster, MA",42.52509,-71.75979,Duke,"Durham, NC"
Tyquan Thornton,"Miami, FL",25.77427,-80.19366,Baylor,"Waco, TX"
Cyrus Allen,"New Orleans, LA",29.95465,-90.07507,Cincinnati,"Cincinnati, OH"
Jack Strand,"Bloomer, WI",45.10024,-91.48877,Minnesota State Mankato,"Mankato, MN"
Austin Hooper,"San Ramon, CA",37.77993,-121.97802,Stanford,"Stanford, CA"
Zachariah Branch,"Las Vegas, NV",36.17497,-115.13722,Georgia,"Athens, GA"
Chris Blair,"Louisville, MS",33.12374,-89.05506,Alcorn State,"Lorman, MS"
Charlie Woerner,"Tiger, GA",34.87815,-83.40099,Georgia,"Athens, GA"
Alvin Kamara,"Norcross, GA",33.94121,-84.21353,Tennessee,"Knoxville, TN"
Oscar Delp,"Cumming, GA",34.20732,-84.14019,Georgia,"Athens, GA"
Kevin Austin,"Fort Lauderdale, FL",26.12231,-80.14338,Notre Dame,"Notre Dame, IN"
Devontez Walker,"Charlotte, NC",35.22709,-80.84313,North Carolina,"Chapel Hill, NC"
Demond Claiborne,"Aylett, VA",37.53153,-76.79635,Wake Forest,"Winston-Salem, NC"
Myles Price,"Dallas, TX",32.78306,-96.80667,Indiana,"Bloomington, IN"
Tyson Bagent,"Martinsburg, WV",39.45621,-77.96389,Shepherd,"Shepherdstown, WV"
Sam Roush,"Nashville, TN",36.16589,-86.78444,Stanford,"Stanford, CA"
Colbie Young,"Binghamton, NY",42.09869,-75.91797,Georgia,"Athens, GA"
Erick All,"Fairfield, OH",39.34589,-84.5605,Iowa,"Iowa City, IA"
Kai Kroeger,"Lake Forest, IL",42.25863,-87.84063,South Carolina,"Columbia, SC"
Mason Rudolph,"Rock Hill, SC",34.92487,-81.02508,Oklahoma State,"Stillwater, OK"
Travis Homer,"West Palm Beach, FL",26.71534,-80.05337,Miami,"Miami Gardens, FL"
Germie Bernard,"Las Vegas, NV",36.17497,-115.13722,Alabama,"Tuscaloosa, AL"
Ben Skowronek,"Fort Wayne, IN",41.1306,-85.12886,Notre Dame,"Notre Dame, IN"
TreVeyon Henderson,"Hopewell, VA",37.30432,-77.2872,Ohio State,"Columbus, OH"
Kyle Williams,"Inglewood, CA",33.96168,-118.35313,Washington State,"Pullman, WA"
Reggie Gilliam,"Columbus, OH",39.96118,-82.99879,Toledo,"Toledo, OH"
Efton Chism,"Monroe, WA",47.85538,-121.97096,Eastern Washington,"Cheney, WA"
Kaleb Johnson,"Hamilton, OH",39.3995,-84.56134,Iowa,"Iowa City, IA"
Jaleel McLaughlin,"Marshville, NC",34.98849,-80.36701,Youngstown State,"Youngstown, OH"
Isaiah Bond,"Buford, GA",34.12066,-84.00435,Texas,"Austin, TX"
Marquise Brown,"Hollywood, FL",26.0112,-80.14949,Oklahoma,"Norman, OK"
Darius Cooper,"St. Louis, MO",38.62727,-90.19789,Tarleton State,"Stephenville, TX"
Johnny Mundt,"Modesto, CA",37.6391,-120.99688,Oregon,"Eugene, OR"
Nicholas Singleton,"Shillington, PA",40.30787,-75.96549,Penn State,"University Park, PA"
Calvin Ridley,"Fort Lauderdale, FL",26.12231,-80.14338,Alabama,"Tuscaloosa, AL"
LeQuint Allen,"Millville, NJ",39.40206,-75.03934,Syracuse,"Syracuse, NY"
Jonah Coleman,"Stockton, CA",37.9577,-121.29078,Washington,"Seattle, WA"
Nate Adkins,"Knoxville, TN",35.96064,-83.92074,South Carolina,"Columbia, SC"
Tyler Badie,"Memphis, TN",35.14953,-90.04898,Missouri,"Columbia, MO"
Adam Prentice,"Fresno, CA",36.74773,-119.77237,South Carolina,"Columbia, SC"
Lil'Jordan Humphrey,"Southlake, TX",32.94124,-97.13418,Texas,"Austin, TX"
Dareke Young,"Raleigh, NC",35.7721,-78.63861,Lenoir-Rhyne,"Hickory, NC"
Ian Thomas,"Baltimore, MD",39.29038,-76.61219,Indiana,"Bloomington, IN"
Charlie Kolar,"Norman, OK",35.22257,-97.43948,Iowa State,"Ames, IA"
Brenen Thompson,"Spearman, TX",36.19837,-101.19238,Mississippi State,"Starkville, MS"
Elijah Arroyo,"Frisco, TX",33.15067,-96.82361,Miami,"Miami Gardens, FL"
Eric Saubert,"Hoffman Estates, IL",42.04281,-88.0798,Drake,"Des Moines, IA"
Zonovan Knight,"Bailey, NC",35.78071,-78.11888,NC State,"Raleigh, NC"
Marcus Mariota,"Honolulu, HI",21.30694,-157.85833,Oregon,"Eugene, OR"
Colson Yankoff,"Coeur d'Alene, ID",47.67768,-116.78047,UCLA,"Pasadena, CA"
Ben Sinnott,"Waterloo, IA",42.49276,-92.34296,Kansas State,"Manhattan, KS"
Treylon Burks,"Warren, AR",33.61261,-92.06458,Arkansas,"Fayetteville, AR"
Ollie Gordon,"Fort Worth, TX",32.72541,-97.32085,Oklahoma State,"Stillwater, OK"
Ryan Miller,"Jackson, TN",35.61452,-88.81395,Furman,"Greenville, SC"
DJ Herman,"Las Vegas, NV",36.17497,-115.13722,San Diego State,"San Diego, CA"
Bradley Pinion,"Concord, NC",35.40888,-80.58158,Clemson,"Clemson, SC"
Jordan James,"Nashville, TN",36.16589,-86.78444,Oregon,"Eugene, OR"
Kyle Juszczyk,"Medina, OH",41.13839,-81.86375,Harvard,"Cambridge, MA"
KhaDarel Hodge,"D Lo, MS",31.96182,-89.87008,Prairie View A&M,"Prairie View, TX"
Mac Jones,"Jacksonville, FL",30.33218,-81.65565,Alabama,"Tuscaloosa, AL"
Deion Burks,"Inkster, MI",42.2942,-83.30993,Oklahoma,"Norman, OK"
Khyiris Tonga,"West Valley, UT",40.69161,-112.00105,BYU,"Provo, UT"
Jalen Royals,"Powder Springs, GA",33.85955,-84.68382,Utah State,"Logan, UT"
Jameis Winston,"Bessemer, AL",33.40178,-86.95444,Florida State,"Tallahassee, FL"
Najee Harris,"Antioch, CA",38.00492,-121.80579,Alabama,"Tuscaloosa, AL"
Tutu Atwell,"Miami, FL",25.77427,-80.19366,Louisville,"Louisville, KY"
Xavier Smith,"Haines City, FL",28.1145,-81.62009,Florida A&M,"Tallahassee, FL"
Michael Penix,"Tampa, FL",27.94752,-82.45843,Washington,"Seattle, WA"
J. Michael Sturdivant,"Flower Mound, TX",33.01457,-97.09696,Florida,"Gainesville, FL"
Kimani Vidal,"Marietta, GA",33.9526,-84.54993,Troy,"Troy, AL"
Alec Ingold,"Green Bay, WI",44.51916,-88.01983,Wisconsin,"Madison, WI"
Marquez Valdes-Scantling,"St. Petersburg, FL",27.77086,-82.67927,South Florida,"Tampa, FL"
Ty Johnson,"Cumberland, MD",39.65287,-78.76252,Maryland,"College Park, MD"
Jackson Hawes,"Salt Lake City, UT",40.76078,-111.89105,Georgia Tech,"Atlanta, GA"
Brycen Tremayne,"Los Angeles, CA",34.05223,-118.24368,Stanford,"Stanford, CA"
John Metchie,"Brampton, ON",43.68341,-79.76633,Alabama,"Tuscaloosa, AL"
David Moore,"Gainesville, TX",33.62594,-97.13335,East Central (OK),"Ada, OK"
Shedeur Sanders,"Dallas, TX",32.78306,-96.80667,Colorado,"Boulder, CO"
Michael Burton,"Long Valley, NJ",40.78593,-74.78016,Rutgers,"Piscataway, NJ"
Jelani Woods,"Ellenwood, GA",33.54428,-84.23381,Virginia,"Charlottesville, VA"
Sterling Shepard,"Oklahoma City, OK",35.46756,-97.51643,Oklahoma,"Norman, OK"
Jackson Meeks,"Phenix City, AL",32.47098,-85.00077,Syracuse,"Syracuse, NY"
Lewis Bond,"Chicago, IL",41.85003,-87.65005,Boston College,"Chestnut Hill, MA"
Mo Alie-Cox,"Alexandria, VA",38.80484,-77.04692,VCU,"Richmond, VA"
Tommy DeVito,"Cedar Grove, NJ",40.85177,-74.22903,Illinois,"Champaign, IL"
Brashard Smith,"Richmond Heights, FL",25.63149,-80.36894,SMU,"Dallas, TX"
Odell Beckham Jr.,"New Orleans, LA",29.95465,-90.07507,LSU,"Baton Rouge, LA"
Robert Tonyan,"Mchenry, IL",42.33335,-88.26675,Indiana State,"Terre Haute, IN"
Lew Nichols,"Detroit, MI",42.33143,-83.04575,Central Michigan,"Mount Pleasant, MI"
Tory Horton,"Fresno, CA",36.74773,-119.77237,Colorado State,"Fort Collins, CO"
Elijah Higgins,"Austin, TX",30.26715,-97.74306,Stanford,"Stanford, CA"
Hunter Long,"Exeter, NH",42.98148,-70.94783,Boston College,"Chestnut Hill, MA"
Jalen Brooks,"Harrisburg, NC",35.32395,-80.65784,South Carolina,"Columbia, SC"
Jordan Watkins,"Louisville, KY",38.25424,-85.75941,Ole Miss,"Oxford, MS"
Jacob Cowing,"Maricopa, AZ",33.05811,-112.04764,Arizona,"Tucson, AZ"
Tai Felton,"Ashburn, VA",39.04372,-77.48749,Maryland,"College Park, MD"
Jalon Daniels,"Lawndale, CA",33.88724,-118.35257,Kansas,"Lawrence, KS"
Jalen McMillan,"Fresno, CA",36.74773,-119.77237,Washington,"Seattle, WA"
Payne Durham,"Suwanee, GA",34.05149,-84.0713,Purdue,"West Lafayette, IN"
Josh Cuevas,"Los Angeles, CA",34.05223,-118.24368,Alabama,"Tuscaloosa, AL"
Tyler Goodson,"Suwanee, GA",34.05149,-84.0713,Iowa,"Iowa City, IA"
Brock Bowers,"Napa, CA",38.29714,-122.28553,Georgia,"Athens, GA"
Andy Dalton,"Katy, TX",29.78579,-95.8244,TCU,"Fort Worth, TX"
Zach Ertz,"Alamo, CA",37.8502,-122.03218,Stanford,"Stanford, CA"
Case Keenum,"Abilene, TX",32.44874,-99.73314,Houston,"Houston, TX"
Zavion Thomas,"Woodmere, LA",29.85798,-90.08035,LSU,"Baton Rouge, LA"
Will Howard,"Downingtown, PA",40.0065,-75.70327,Ohio State,"Columbus, OH"
Drew Allar,"Medina, OH",41.13839,-81.86375,Penn State,"University Park, PA"
Eli Heidenreich,"Pittsburgh, PA",40.44062,-79.99589,Navy,"Annapolis, MD"
DK Metcalf,"Oxford, MS",34.3665,-89.51925,Ole Miss,"Oxford, MS"
Cole Burgess,"Cold Brook, NY",43.02563,-74.98599,Cortland,"Cortland, NY"
Kaden Wetjen,"Williamsburg, IA",41.66112,-92.00907,Iowa,"Iowa City, IA"
Riley Nowakowski,"Milwaukee, WI",43.0389,-87.90647,Indiana,"Bloomington, IN"
Taylen Green,"Lewisville, TX",33.04623,-96.99417,Arkansas,"Fayetteville, AR"
Dillon Gabriel,"Mililani, HI",21.4504,-158.01503,Oregon,"Eugene, OR"
Dylan Sampson,"Baton Rouge, LA",30.44332,-91.18747,Tennessee,"Knoxville, TN"
Tylan Wallace,"Fort Worth, TX",32.72541,-97.32085,Oklahoma State,"Stillwater, OK"
Malachi Corley,"Orange City, FL",28.94888,-81.29867,Western Kentucky,"Bowling Green, KY"
Harold Fannin Jr.,"Canton, OH",40.79895,-81.37845,Bowling Green,"Bowling Green, OH"
Carsen Ryan,"Orem, UT",40.2969,-111.69465,BYU,"Provo, UT"
Joe Royer,"Cincinnati, OH",39.12711,-84.51439,Cincinnati,"Cincinnati, OH"
Anthony Richardson Sr.,"Gainesville, FL",29.65163,-82.32483,Florida,"Gainesville, FL"
Riley Leonard,"Fairhope, AL",30.52297,-87.90333,Notre Dame,"Notre Dame, IN"
DJ Giddens,"Junction City, KS",39.02861,-96.8314,Kansas State,"Manhattan, KS"
Anthony Gould,"Leavenworth, KS",39.31111,-94.92246,Oregon State,"Corvallis, OR"
Darius Slayton,"Norcross, GA",33.94121,-84.21353,Auburn,"Auburn, AL"
D.J. Montgomery,"Durant, MS",33.07513,-89.85453,Austin Peay,"Clarksville, TN"
Drew Ogletree,,,,,
Will Mallory,"Jacksonville, FL",30.33218,-81.65565,Miami,"Miami Gardens, FL"
Athan Kaliakmanis,"Antioch, IL",42.47724,-88.09564,Rutgers,"Piscataway, NJ"
Jeremy McNichols,"Long Beach, CA",33.76696,-118.18923,Boise State,"Boise, ID"
Luke McCaffrey,"Highlands Ranch, CO",39.55388,-104.96943,Rice,"Houston, TX"
Mitchell Trubisky,"Mentor, OH",41.66616,-81.33955,North Carolina,"Chapel Hill, NC"
Julius Chestnut,"Bowie, MD",38.94278,-76.73028,Sacred Heart,"Fairfield, CT"
David Martin-Robinson,"Landisville, PA",40.09537,-76.40996,Temple,"Philadelphia, PA"
Kylen Granson,"Austin, TX",30.26715,-97.74306,SMU,"Dallas, TX"
Tyler Huntley,"Dania, FL",26.05231,-80.14393,Utah,"Salt Lake City, UT"
Joe Fagnano,"Williamsport, PA",41.24119,-77.00108,UConn,"East Hartford, CT"
Skylar Thompson,"Independence, MO",39.09112,-94.41551,Kansas State,"Manhattan, KS"
Rasheen Ali,"Cleveland, OH",41.4995,-81.69541,Marshall,"Huntington, WV"
Adam Randall,"Myrtle Beach, SC",33.68906,-78.88669,Clemson,"Clemson, SC"
Elijah Sarratt,"Stafford, VA",38.42207,-77.40832,Indiana,"Bloomington, IN"
Behren Morton,"Eastland, TX",32.40152,-98.81756,Texas Tech,"Lubbock, TX"
Myles Montgomery,"Jacksonville, FL",30.33218,-81.65565,UCF,"Orlando, FL"
Jeremiah Webb,,,,South Alabama,"Mobile, AL"
Efton Chism III,"Monroe, WA",47.85538,-121.97096,Eastern Washington,"Cheney, WA"
Cameron Latu,"Salt Lake City, UT",40.76078,-111.89105,Alabama,"Tuscaloosa, AL"
Tanner Arkin,,,,Illinois,"Champaign, IL"
Kyle Allen,"Scottsdale, AZ",33.50921,-111.89903,Houston,"Houston, TX"
James Cook III,"Miami, FL",25.77427,-80.19366,Georgia,"Athens, GA"
DJ Moore,"Philadelphia, PA",39.95238,-75.16362,Maryland,"College Park, MD"
Joshua Palmer,,,,,
Tyrell Shavers,"Lewisville, TX",33.04623,-96.99417,San Diego State,"San Diego, CA"
Skyler Bell,"Bronx, NY",40.84985,-73.86641,UConn,"East Hartford, CT"
Greg Dortch,"Richmond, VA",37.55376,-77.46026,Wake Forest,"Winston-Salem, NC"
Keleki Latu,"Sacramento, CA",38.58157,-121.4944,Washington,"Seattle, WA"
Cade Klubnik,"Austin, TX",30.26715,-97.74306,Clemson,"Clemson, SC"
Isaiah Davis,"Joplin, MO",37.08423,-94.51328,South Dakota State,"Brookings, SD"
Kene Nwangwu,"Frisco, TX",33.15067,-96.82361,Iowa State,"Ames, IA"
Malik McClain,,,,Arizona State,"Tempe, AZ"
Omar Cooper Jr.,"Indianapolis, IN",39.76838,-86.15804,Indiana,"Bloomington, IN"
Jamaal Pritchett,"Jackson, AL",33.81382,-85.7613,South Alabama,"Mobile, AL"
Tim Patrick,"San Diego, CA",32.71571,-117.16472,Utah,"Salt Lake City, UT"
Roschon Johnson,"Port Neches, TX",29.99132,-93.95851,Texas,"Austin, TX"
Brittain Brown,"Canton, GA",34.23676,-84.49076,UCLA,"Pasadena, CA"
Luther Burden III,"St. Louis, MO",38.62727,-90.19789,Missouri,"Columbia, MO"
Nikola Kalinic,"Toronto, ON",43.70643,-79.39864,York (Canada),"Toronto, ON"
Quinn Ewers,"Southlake, TX",32.94124,-97.13418,Texas,"Austin, TX"
Chris Rodriguez Jr.,"Mcdonough, GA",33.44734,-84.14686,Kentucky,"Lexington, KY"
LeQuint Allen Jr.,"Millville, NJ",39.40206,-75.03934,Syracuse,"Syracuse, NY"
Brian Thomas Jr.,"Walker, LA",30.48797,-90.86149,LSU,"Baton Rouge, LA"
CJ Williams,,,,Stanford,"Stanford, CA"
Tanner Koziol,"Bloomingdale, IL",41.95753,-88.0809,Houston,"Houston, TX"
Joe Flacco,"Audubon, NJ",39.89095,-75.07295,Delaware,"Newark, DE"
Tahj Brooks,"Manor, TX",30.34076,-97.55695,Texas Tech,"Lubbock, TX"
Mitchell Tinsley,"Lee's Summit, MO",38.91084,-94.38217,Penn State,"University Park, PA"
Erick All Jr.,"Fairfield, OH",39.34589,-84.5605,Iowa,"Iowa City, IA"
Jack Endries,"Danville, CA",37.82159,-121.99996,Texas,"Austin, TX"
Sam Howell,"Indian Trail, NC",35.07681,-80.66924,North Carolina,"Chapel Hill, NC"
Malik Davis,"Tampa, FL",27.94752,-82.45843,Florida,"Gainesville, FL"
Camden Brown,"Monroe, LA",32.50931,-92.1193,Georgia Southern,"Statesboro, GA"
Princeton Fant,"Nashville, TN",36.16589,-86.78444,Tennessee,"Knoxville, TN"
Davis Mills,"Duluth, GA",34.00288,-84.14464,Stanford,"Stanford, CA"
Graham Mertz,"Overland Park, KS",38.98223,-94.67079,Florida,"Gainesville, FL"
British Brooks,"Gastonia, NC",35.26208,-81.1873,North Carolina,"Chapel Hill, NC"
Jayden Higgins,"South Miami, FL",25.7076,-80.29338,Iowa State,"Ames, IA"
Tank Dell,"Daytona Beach, FL",29.21081,-81.02283,Houston,"Houston, TX"
Gardner Minshew II,"Brandon, MS",32.2732,-89.98592,Washington State,"Pullman, WA"
Carson Beck,"Jacksonville, FL",30.33218,-81.65565,Miami,"Miami Gardens, FL"
Bam Knight,"Bailey, NC",35.78071,-78.11888,NC State,"Raleigh, NC"
James Conner,"Erie, PA",42.12922,-80.08506,Pittsburgh,"Pittsburgh, PA"
Reggie Virgil,"Apopka, FL",28.67617,-81.51186,Texas Tech,"Lubbock, TX"
Simi Fehoko,"Sandy, UT",40.59161,-111.8841,Stanford,"Stanford, CA"
Devin Duvernay,"Sachse, TX",32.97623,-96.59527,Texas,"Austin, TX"
Tip Reiman,"Rapid City, SD",44.08054,-103.23101,Illinois,"Champaign, IL"
J.J. McCarthy,"La Grange Park, IL",41.83475,-87.86173,Michigan,"Ann Arbor, MI"
Calvin Austin III,"Memphis, TN",35.14953,-90.04898,Memphis,"Memphis, TN"
Gunner Olszewski,"Alvin, TX",29.42385,-95.2441,Bemidji State,"Bemidji, MN"
Chris Manhertz,"Bronx, NY",40.84985,-73.86641,Canisius,"Buffalo, NY"
Thomas Fidone II,"Council Bluffs, IA",41.26194,-95.86083,Nebraska,"Lincoln, NE"
Stetson Bennett IV,"Blackshear, GA",31.30605,-82.24207,Georgia,"Athens, GA"
Ty Simpson,"Martin, TN",36.3434,-88.85034,Alabama,"Tuscaloosa, AL"
Matthew Caldwell,,,,Texas,"Austin, TX"
CJ Daniels,"Lilburn, GA",33.8901,-84.14297,Miami,"Miami Gardens, FL"
Tanner McKee,"Corona, CA",33.87529,-117.56644,Stanford,"Stanford, CA"
Cole Payton,"Omaha, NE",41.25626,-95.94043,North Dakota State,"Fargo, ND"
Hollywood Brown,"Hollywood, FL",26.0112,-80.14949,Oklahoma,"Norman, OK"
Britain Covey,"Provo, UT",40.23384,-111.65853,Utah,"Salt Lake City, UT"
Johnny Wilson,"Pacoima, CA",34.05223,-118.24368,Florida State,"Tallahassee, FL"
Elijah Moore,"Fort Lauderdale, FL",26.12231,-80.14338,Ole Miss,"Oxford, MS"
E.J. Jenkins,"Fredericksburg, VA",38.30318,-77.46054,Georgia Tech,"Atlanta, GA"
Tyrod Taylor,"Hampton, VA",37.02987,-76.34522,Virginia Tech,"Blacksburg, VA"
Josh Jacobs,"Tulsa, OK",36.15398,-95.99277,Alabama,"Tuscaloosa, AL"
Savion Williams,"Marshall, TX",32.54487,-94.36742,TCU,"Fort Worth, TX"
Mark Redman,,,,Louisville,"Louisville, KY"
Josh Whyle,"Cincinnati, OH",39.12711,-84.51439,Cincinnati,"Cincinnati, OH"
Kenny Gainwell,"Yazoo City, MS",32.85513,-90.40565,Memphis,"Memphis, TN"
Sean Tucker,"Owings Mills, MD",39.41955,-76.78025,Syracuse,"Syracuse, NY"
Chris Godwin Jr.,"Middletown, DE",39.44956,-75.71632,Penn State,"University Park, PA"
Kameron Johnson,"Rocky Mount, NC",35.93821,-77.79053,Barton,"Wilson, NC"
Ted Hurst III,"Savannah, GA",32.08354,-81.09983,Georgia State,"Atlanta, GA"
David Sills V,"Wilmington, DE",39.74595,-75.54659,West Virginia,"Morgantown, WV"
Ko Kieft,"Sioux Center, IA",43.07971,-96.17558,Minnesota,"Minneapolis, MN"
Bauer Sharp,"Dothan, AL",31.22323,-85.39049,LSU,"Baton Rouge, LA"
Kyle McCord,"Mount Laurel, NJ",39.934,-74.891,Syracuse,"Syracuse, NY"
Brady Cook,"St. Louis, MO",38.62727,-90.19789,Missouri,"Columbia, MO"
Ollie Gordon II,"Fort Worth, TX",32.72541,-97.32085,Oklahoma State,"Stillwater, OK"
Kevin Coleman Jr.,"St. Louis, MO",38.62727,-90.19789,Missouri,"Columbia, MO"
Jalen Tolbert,"Mobile, AL",30.69436,-88.04305,South Alabama,"Mobile, AL"
Seydou Traore,"London, England",51.50853,-0.12574,Mississippi State,"Starkville, MS"
Justin Joly,"Brewster, NY",41.39732,-73.61707,NC State,"Raleigh, NC"
Max Brosmer,"Roswell, GA",34.02316,-84.36159,Minnesota,"Minneapolis, MN"
Aaron Jones Sr.,"El Paso, TX",31.75872,-106.48693,UTEP,"El Paso, TX"
Jeshaun Jones,"Fort Myers, FL",26.62168,-81.84059,Maryland,"College Park, MD"
Gavin Bartholomew,"Schuylkill Haven, PA",40.63065,-76.17105,Pittsburgh,"Pittsburgh, PA"
Ben Yurosek,"Bakersfield, CA",35.37329,-119.01871,Georgia,"Athens, GA"
Max Bredeson,"Hartland, WI",43.10501,-88.34204,Michigan,"Ann Arbor, MI"
Justin Fields,"Kennesaw, GA",34.02343,-84.61549,Ohio State,"Columbus, OH"
Garrett Nussmeier,"Lake Charles, LA",30.21309,-93.2044,LSU,"Baton Rouge, LA"
Jeff Caldwell,"Louisville, KY",38.25424,-85.75941,Cincinnati,"Cincinnati, OH"
Jimmy Holiday,,,,Louisiana Tech,"Ruston, LA"
Nikko Remigio,"Orange, CA",33.78779,-117.85311,Fresno State,"Fresno, CA"
Jared Wiley,"Temple, TX",31.09823,-97.34278,TCU,"Fort Worth, TX"
Ben VanSumeren,"Bay City, MI",43.59447,-83.88886,Michigan State,"East Lansing, MI"
Fernando Mendoza,"Miami, FL",25.77427,-80.19366,Indiana,"Bloomington, IN"
Aidan O'Connell,"Long Grove, IL",42.17836,-87.99785,Purdue,"West Lafayette, IN"
Dylan Laube,"Westhampton, NY",40.82454,-72.66621,New Hampshire,"Durham, NH"
Chris Collier,"Lawrence, NY",40.61566,-73.72958,Lock Haven,"Lock Haven, PA"
Justin Shorter,"Monmouth Junction, NJ",40.379,-74.54654,Florida,"Gainesville, FL"
Corey Rucker,,,,Arkansas State,"Jonesboro, AR"
Dont'e Thornton Jr.,"Baltimore, MD",39.29038,-76.61219,Tennessee,"Knoxville, TN"
Carter Runyon,"Fairfax, VA",38.84622,-77.30637,Towson,"Towson, MD"
Trey Lance,"Marshall, MN",44.4469,-95.78835,North Dakota State,"Fargo, ND"
DJ Uiagalelei,"Inland Empire, CA",33.95335,-117.39616,Florida State,"Tallahassee, FL"
KeAndre Lambert-Smith,"Norfolk, VA",36.84681,-76.28522,Auburn,"Auburn, AL"
Tre' Harris,"Lafayette, LA",30.22409,-92.01984,Ole Miss,"Oxford, MS"
Oronde Gadsden,"Fort Lauderdale, FL",26.12231,-80.14338,Syracuse,"Syracuse, NY"
Hayden Rucci,"Lititz, PA",40.15732,-76.3069,Wisconsin,"Madison, WI"
Scott Matlock,"Homedale, ID",43.61766,-116.93376,Boise State,"Boise, ID"
Jalen Milroe,"Katy, TX",29.78579,-95.8244,Alabama,"Tuscaloosa, AL"
Zach Charbonnet,"Camarillo, CA",34.21639,-119.0376,UCLA,"Pasadena, CA"
Jake Bobo,"North Andover, MA",42.6987,-71.13506,UCLA,"Pasadena, CA"
Montorie Foster Jr.,,,,Michigan State,"East Lansing, MI"
Irv Charles,,,,,
Nick Kallerup,"Wayzata, MN",44.97413,-93.50662,Minnesota,"Minneapolis, MN"
Robbie Ouzts,"Rock Hill, SC",34.92487,-81.02508,Alabama,"Tuscaloosa, AL"
Jarrett Stidham,"Stephenville, TX",32.2207,-98.20226,Auburn,"Auburn, AL"
Sam Ehlinger,"Austin, TX",30.26715,-97.74306,Texas,"Austin, TX"
Marvin Mims Jr.,"Frisco, TX",33.15067,-96.82361,Oklahoma,"Norman, OK"
Dallen Bentley,"Taylorsville, UT",40.66772,-111.93883,Utah,"Salt Lake City, UT"
Kurtis Rourke,"Oakville, ON",43.45011,-79.68292,Indiana,"Bloomington, IN"
Isaac Guerendo,"Clayton, IN",39.68921,-86.5225,Louisville,"Louisville, KY"
Brandon Aiyuk,"Rocklin, CA",38.79073,-121.23578,Arizona State,"Tempe, AZ"
Deebo Samuel Sr.,"Inman, SC",35.04706,-82.09011,South Carolina,"Columbia, SC"
De'Zhaun Stribling,"Kapolei, HI",21.33555,-158.0582,Ole Miss,"Oxford, MS"
Christian Kirk,"Scottsdale, AZ",33.50921,-111.89903,Texas A&M,"College Station, TX"
Ricky Pearsall,"Chandler, AZ",33.30616,-111.84125,Florida,"Gainesville, FL"
Brayden Willis,"Arlington, TX",32.73569,-97.10807,Oklahoma,"Norman, OK"
Jake Tonges,"Los Gatos, CA",37.22661,-121.97468,California,"Berkeley, CA"
Joshua Dobbs,"Alpharetta, GA",34.07538,-84.29409,Tennessee,"Knoxville, TN"
Jacob Saylors,"Jasper, TN",35.07424,-85.62608,East Tennessee State,"Johnson City, TN"
Isiah Pacheco,"Vineland, NJ",39.48623,-75.02573,Rutgers,"Piscataway, NJ"
Tom Kennedy,"Farmingdale, NY",40.7326,-73.4454,Bryant,"Smithfield, RI"
Tay Martin,"Houma, LA",29.59577,-90.71953,Oklahoma State,"Stillwater, OK"
Kendrick Law,"Shreveport, LA",32.52515,-93.75018,Kentucky,"Lexington, KY"
Tyler Conklin,"Chesterfield, MI",42.68114,-82.73686,Central Michigan,"Mount Pleasant, MI"
Haynes King,"Longview, TX",32.5007,-94.74049,Georgia Tech,"Atlanta, GA"
Trevor Etienne,"Jennings, LA",30.22243,-92.65708,Georgia,"Athens, GA"
John Metchie III,"Brampton, ON",43.68341,-79.76633,Alabama,"Tuscaloosa, AL"
Chris Brazzell II,"Midland, TX",31.99735,-102.07791,Tennessee,"Knoxville, TN"
Feleipe Franks,"Crawfordville, FL",30.17604,-84.37518,Arkansas,"Fayetteville, AR"
Michael Penix Jr.,"Tampa, FL",27.94752,-82.45843,Washington,"Seattle, WA"
Tua Tagovailoa,"Ewa Beach, HI",21.31556,-158.00722,Alabama,"Tuscaloosa, AL"
Trey Sermon,"Marietta, GA",33.9526,-84.54993,Ohio State,"Columbus, OH"
Beaux Collins,"Los Angeles, CA",34.05223,-118.24368,Notre Dame,"Notre Dame, IN"
Kyle Pitts Sr.,"Philadelphia, PA",39.95238,-75.16362,Florida,"Gainesville, FL"
Nick Muse,"Belmont, NC",35.24292,-81.0373,South Carolina,"Columbia, SC"
Spencer Rattler,"Phoenix, AZ",33.44838,-112.07404,South Carolina,"Columbia, SC"
Zach Wilson,"Draper, UT",40.52467,-111.86382,BYU,"Provo, UT"
Travis Etienne Jr.,"Jennings, LA",30.22243,-92.65708,Clemson,"Clemson, SC"
Jordyn Tyson,"Allen, TX",33.10317,-96.67055,Arizona State,"Tempe, AZ"
Mason Tipton,"Akron, OH",41.08144,-81.51901,Yale,"New Haven, CT"
Treyton Welch,"Buffalo, MN",45.17191,-93.87469,Wyoming,"Laramie, WY"
