week,event,player,pfr_id,team,pos,slot,opp,kick,market,line,open,move,own_avg,n_games,base,matchup_x,proj,edge_pct,l10_over,dvp_rank,lean,stat_cols,updated
4,401872964,Denzel Boston,BostDe00,CLE,WR,WR2,PIT,2026-10-02T00:15Z,Receiving Yards,33.5,36.5,-3.0,65.0,3,57.1,0.998,57.0,70.1,1.0,19,,rec_yds,2026-09-29T20:52Z
4,401872964,Denzel Boston,BostDe00,CLE,WR,WR2,PIT,2026-10-02T00:15Z,Receptions,2.5,3.5,-1.0,3.0,3,3.1,1.001,3.1,24.0,0.33,13,,rec,2026-09-28T16:08Z
4,401872964,Deshaun Watson,WatsDe00,CLE,QB,QB1,PIT,2026-10-02T00:15Z,Carries,5.5,5.5,0.0,8.0,3,8.0,1.0,8.0,45.5,0.4,,,rush_att,2026-09-29T03:41Z
4,401872964,Deshaun Watson,WatsDe00,CLE,QB,QB1,PIT,2026-10-02T00:15Z,Pass Completions,18.5,18.5,0.0,18.7,3,18.7,1.0,18.7,0.9,0.5,,,cmp,2026-09-29T01:54Z
4,401872964,Deshaun Watson,WatsDe00,CLE,QB,QB1,PIT,2026-10-02T00:15Z,Passing Attempts,28.5,28.5,0.0,27.3,3,27.3,1.0,27.3,-4.1,0.6,,,pass_att,2026-09-29T01:54Z
4,401872964,Deshaun Watson,WatsDe00,CLE,QB,QB1,PIT,2026-10-02T00:15Z,Passing Interceptions,0.5,0.5,0.0,0.3,3,0.3,1.0,0.3,-33.3,0.3,,,int,2026-09-29T01:55Z
4,401872964,Deshaun Watson,WatsDe00,CLE,QB,QB1,PIT,2026-10-02T00:15Z,Passing Plus Rushing Yards,221.5,220.5,1.0,230.7,3,236.4,1.022,241.6,9.1,0.3,7,,pass_yds+rush_yds,2026-09-29T12:30Z
4,401872964,Deshaun Watson,WatsDe00,CLE,QB,QB1,PIT,2026-10-02T00:15Z,Passing Touchdowns,0.5,0.5,0.0,1.7,3,1.6,1.015,1.6,225.8,0.7,12,,pass_td,2026-09-28T10:02Z
4,401872964,Deshaun Watson,WatsDe00,CLE,QB,QB1,PIT,2026-10-02T00:15Z,Passing Yards,188.5,189.5,-1.0,195.7,3,206.7,1.029,212.8,12.9,0.3,3,,pass_yds,2026-09-29T12:29Z
4,401872964,Deshaun Watson,WatsDe00,CLE,QB,QB1,PIT,2026-10-02T00:15Z,Rushing Yards,29.5,29.5,0.0,35.0,3,29.7,0.931,27.6,-6.4,0.4,30,,rush_yds,2026-09-29T12:29Z
4,401872964,Harold Fannin Jr.,FannHa00,CLE,TE,TE1,PIT,2026-10-02T00:15Z,Receiving Yards,42.5,39.5,3.0,45.1,11,43.8,1.023,44.8,5.4,0.5,8,,rec_yds,2026-09-29T20:59Z
4,401872964,Harold Fannin Jr.,FannHa00,CLE,TE,TE1,PIT,2026-10-02T00:15Z,Receptions,4.5,4.5,0.0,4.4,11,4.3,1.033,4.4,-1.6,0.4,6,,rec,2026-09-28T10:16Z
4,401872964,Jerry Jeudy,JeudJe00,CLE,WR,WR3,PIT,2026-10-02T00:15Z,Receiving Yards,14.5,13.5,1.0,26.6,10,26.3,1.012,26.6,83.8,0.8,3,OVER,rec_yds,2026-09-29T20:47Z
4,401872964,Jerry Jeudy,JeudJe00,CLE,WR,WR3,PIT,2026-10-02T00:15Z,Receptions,1.5,1.5,0.0,2.2,10,2.1,1.003,2.1,43.1,0.8,10,,rec,2026-09-28T20:34Z
4,401872964,KC Concepcion,ConcKC00,CLE,WR,WR1,PIT,2026-10-02T00:15Z,Receiving Yards,34.5,33.5,1.0,26.7,3,39.0,1.006,39.2,13.7,0.33,4,,rec_yds,2026-09-29T20:51Z
4,401872964,KC Concepcion,ConcKC00,CLE,WR,WR1,PIT,2026-10-02T00:15Z,Receptions,3.5,3.5,0.0,4.0,3,4.3,1.003,4.3,23.8,0.67,8,,rec,2026-09-28T10:16Z
4,401872964,Quinshon Judkins,JudkQu00,CLE,RB,RB1,PIT,2026-10-02T00:15Z,Carries,16.5,16.5,0.0,14.6,11,14.6,1.0,14.6,-11.3,0.4,,UNDER,rush_att,2026-09-29T00:40Z
4,401872964,Quinshon Judkins,JudkQu00,CLE,RB,RB1,PIT,2026-10-02T00:15Z,Receiving Yards,12.5,12.5,0.0,15.4,11,16.1,1.017,16.3,30.7,0.5,7,,rec_yds,2026-09-29T20:51Z
4,401872964,Quinshon Judkins,JudkQu00,CLE,RB,RB1,PIT,2026-10-02T00:15Z,Receptions,2.5,2.5,0.0,2.5,11,2.5,1.013,2.5,1.8,0.4,9,,rec,2026-09-29T20:51Z
4,401872964,Quinshon Judkins,JudkQu00,CLE,RB,RB1,PIT,2026-10-02T00:15Z,Rushing Plus Receiving Yards,74.5,71.5,3.0,58.8,11,70.8,0.995,70.5,-5.4,0.4,22,,rush_yds+rec_yds,2026-09-29T20:51Z
4,401872964,Quinshon Judkins,JudkQu00,CLE,RB,RB1,PIT,2026-10-02T00:15Z,Rushing Yards,56.5,57.5,-1.0,43.4,11,47.1,1.003,47.2,-16.4,0.4,13,UNDER,rush_yds,2026-09-29T20:47Z
4,401872964,Raheim Sanders,SandRa00,CLE,RB,RB2,PIT,2026-10-02T00:15Z,Receiving Yards,11.5,12.5,-1.0,15.3,7,14.7,0.973,14.3,24.7,0.29,28,,rec_yds,2026-09-29T20:59Z
4,401872964,Raheim Sanders,SandRa00,CLE,RB,RB2,PIT,2026-10-02T00:15Z,Receptions,2.5,1.5,1.0,1.9,7,1.9,0.989,1.8,-26.5,0.29,22,UNDER,rec,2026-09-29T20:51Z
4,401872964,Aaron Rodgers,RodgAa00,PIT,QB,QB1,CLE,2026-10-02T00:15Z,Pass Completions,21.5,21.5,0.0,20.9,11,20.9,1.0,20.9,-3.0,0.6,,,cmp,2026-09-29T01:54Z
4,401872964,Aaron Rodgers,RodgAa00,PIT,QB,QB1,CLE,2026-10-02T00:15Z,Passing Attempts,34.5,34.5,0.0,34.4,11,34.4,1.0,34.4,-0.4,0.5,,,pass_att,2026-09-29T01:54Z
4,401872964,Aaron Rodgers,RodgAa00,PIT,QB,QB1,CLE,2026-10-02T00:15Z,Passing Interceptions,0.5,0.5,0.0,0.4,11,0.4,1.0,0.4,-14.3,0.2,,,int,2026-09-29T01:55Z
4,401872964,Aaron Rodgers,RodgAa00,PIT,QB,QB1,CLE,2026-10-02T00:15Z,Passing Plus Rushing Yards,217.5,218.5,-1.0,221.2,11,225.9,0.976,220.6,1.4,0.6,30,,pass_yds+rush_yds,2026-09-29T20:47Z
4,401872964,Aaron Rodgers,RodgAa00,PIT,QB,QB1,CLE,2026-10-02T00:15Z,Passing Touchdowns,1.5,1.5,0.0,1.1,11,1.1,0.998,1.1,-23.9,0.2,19,,pass_td,2026-09-28T10:06Z
4,401872964,Aaron Rodgers,RodgAa00,PIT,QB,QB1,CLE,2026-10-02T00:15Z,Passing Yards,212.5,211.5,1.0,216.4,11,218.6,0.974,213.0,0.2,0.6,30,,pass_yds,2026-09-29T12:29Z
4,401872964,Aaron Rodgers,RodgAa00,PIT,QB,QB1,CLE,2026-10-02T00:15Z,Rushing Yards,1.5,1.5,0.0,4.8,11,7.3,0.999,7.3,386.3,0.6,16,,rush_yds,2026-09-29T02:06Z
4,401872964,DK Metcalf,MetcDK00,PIT,WR,WR1,CLE,2026-10-02T00:15Z,Receiving Yards,43.5,39.5,4.0,41.8,11,45.6,0.996,45.5,4.5,0.3,24,,rec_yds,2026-09-29T16:34Z
4,401872964,DK Metcalf,MetcDK00,PIT,WR,WR1,CLE,2026-10-02T00:15Z,Receptions,3.5,3.5,0.0,3.9,11,4.1,0.994,4.0,15.1,0.6,31,OVER,rec,2026-09-28T10:22Z
4,401872964,Darnell Washington,WashDa03,PIT,TE,TE2,CLE,2026-10-02T00:15Z,Receiving Yards,14.5,15.5,-1.0,30.1,11,27.3,1.13,30.9,113.0,0.8,2,OVER,rec_yds,2026-09-29T05:24Z
4,401872964,Darnell Washington,WashDa03,PIT,TE,TE2,CLE,2026-10-02T00:15Z,Receptions,1.5,1.5,0.0,2.1,11,2.0,1.089,2.2,47.8,0.8,2,,rec,2026-09-28T21:14Z
4,401872964,Jaylen Warren,WarrJa01,PIT,RB,RB1,CLE,2026-10-02T00:15Z,Carries,15.5,15.5,0.0,12.4,11,12.4,1.0,12.4,-19.8,0.2,,UNDER,rush_att,2026-09-29T01:52Z
4,401872964,Jaylen Warren,WarrJa01,PIT,RB,RB1,CLE,2026-10-02T00:15Z,Receiving Yards,22.5,21.5,1.0,24.2,11,23.4,0.971,22.7,0.8,0.5,30,,rec_yds,2026-09-29T12:29Z
4,401872964,Jaylen Warren,WarrJa01,PIT,RB,RB1,CLE,2026-10-02T00:15Z,Receptions,3.5,3.5,0.0,2.6,11,2.6,0.978,2.6,-26.5,0.2,28,UNDER,rec,2026-09-28T21:14Z
4,401872964,Jaylen Warren,WarrJa01,PIT,RB,RB1,CLE,2026-10-02T00:15Z,Rushing Plus Receiving Yards,94.5,90.5,4.0,89.6,11,96.3,0.992,95.4,1.0,0.3,25,,rush_yds+rec_yds,2026-09-29T20:51Z
4,401872964,Jaylen Warren,WarrJa01,PIT,RB,RB1,CLE,2026-10-02T00:15Z,Rushing Yards,65.5,65.5,0.0,65.4,11,65.2,0.996,64.9,-0.8,0.4,19,,rush_yds,2026-09-29T05:48Z
4,401872964,Michael Pittman,PittMi01,PIT,WR,WR4+,CLE,2026-10-02T00:15Z,Receiving Yards,32.5,36.5,-4.0,30.9,10,30.9,1.0,30.9,-4.9,0.2,,,rec_yds,2026-09-29T02:25Z
4,401872964,Michael Pittman,PittMi01,PIT,WR,WR4+,CLE,2026-10-02T00:15Z,Receptions,3.5,3.5,0.0,3.2,10,3.2,1.0,3.2,-9.5,0.3,,,rec,2026-09-28T10:22Z
4,401872964,Pat Freiermuth,FreiPa00,PIT,TE,TE1,CLE,2026-10-02T00:15Z,Receiving Yards,28.5,27.5,1.0,33.9,11,34.6,0.941,32.6,14.2,0.6,30,OVER,rec_yds,2026-09-29T05:24Z
4,401872964,Pat Freiermuth,FreiPa00,PIT,TE,TE1,CLE,2026-10-02T00:15Z,Receptions,3.5,3.5,0.0,3.1,11,3.2,0.952,3.1,-12.1,0.3,31,UNDER,rec,2026-09-28T10:23Z
4,401872964,Roman Wilson,WilsRo02,PIT,WR,WR2,CLE,2026-10-02T00:15Z,Receiving Yards,22.5,21.5,1.0,27.6,11,30.0,0.999,30.0,33.4,0.5,17,,rec_yds,2026-09-29T05:24Z
4,401872964,Roman Wilson,WilsRo02,PIT,WR,WR2,CLE,2026-10-02T00:15Z,Receptions,2.5,2.5,0.0,2.4,11,2.5,0.997,2.5,0.6,0.4,27,,rec,2026-09-29T05:24Z
4,401872965,Daniel Jones,JoneDa05,IND,QB,QB1,WAS,2026-10-04T13:30Z,Pass Completions,20.5,20.5,0.0,20.3,11,20.3,1.0,20.3,-1.0,0.5,,,cmp,2026-09-29T02:24Z
4,401872965,Daniel Jones,JoneDa05,IND,QB,QB1,WAS,2026-10-04T13:30Z,Passing Attempts,31.5,30.5,1.0,30.7,11,30.7,1.0,30.7,-2.5,0.3,,,pass_att,2026-09-29T06:14Z
4,401872965,Daniel Jones,JoneDa05,IND,QB,QB1,WAS,2026-10-04T13:30Z,Passing Interceptions,0.5,0.5,0.0,0.9,11,0.9,1.0,0.9,71.4,0.6,,,int,2026-09-29T02:24Z
4,401872965,Daniel Jones,JoneDa05,IND,QB,QB1,WAS,2026-10-04T13:30Z,Passing Plus Rushing Yards,238.5,240.5,-2.0,227.1,11,230.7,1.003,231.4,-3.0,0.5,14,,pass_yds+rush_yds,2026-09-29T17:11Z
4,401872965,Daniel Jones,JoneDa05,IND,QB,QB1,WAS,2026-10-04T13:30Z,Passing Touchdowns,1.5,1.5,0.0,1.4,11,1.4,1.032,1.4,-5.1,0.4,5,,pass_td,2026-09-29T02:24Z
4,401872965,Daniel Jones,JoneDa05,IND,QB,QB1,WAS,2026-10-04T13:30Z,Passing Yards,223.5,224.5,-1.0,216.6,11,218.8,1.002,219.2,-1.9,0.5,12,,pass_yds,2026-09-29T17:11Z
4,401872965,Daniel Jones,JoneDa05,IND,QB,QB1,WAS,2026-10-04T13:30Z,Rushing Yards,11.5,12.5,-1.0,10.4,11,11.9,1.011,12.1,5.1,0.2,14,,rush_yds,2026-09-29T06:14Z
4,401872965,Jonathan Taylor,TaylJo02,IND,RB,RB1,WAS,2026-10-04T13:30Z,Carries,20.5,19.5,1.0,21.3,11,21.3,1.0,21.3,3.8,0.6,,,rush_att,2026-09-29T06:14Z
4,401872965,Jonathan Taylor,TaylJo02,IND,RB,RB1,WAS,2026-10-04T13:30Z,Receiving Yards,19.5,19.5,0.0,21.0,11,20.7,1.006,20.8,6.8,0.4,12,,rec_yds,2026-09-29T17:11Z
4,401872965,Jonathan Taylor,TaylJo02,IND,RB,RB1,WAS,2026-10-04T13:30Z,Receptions,2.5,2.5,0.0,2.6,11,2.6,0.975,2.6,2.5,0.6,30,,rec,2026-09-29T07:08Z
4,401872965,Jonathan Taylor,TaylJo02,IND,RB,RB1,WAS,2026-10-04T13:30Z,Rushing Plus Receiving Yards,116.5,116.5,0.0,107.1,11,110.7,1.013,112.1,-3.7,0.3,4,,rush_yds+rec_yds,2026-09-29T15:26Z
4,401872965,Jonathan Taylor,TaylJo02,IND,RB,RB1,WAS,2026-10-04T13:30Z,Rushing Yards,91.5,90.5,1.0,86.1,11,82.3,1.023,84.2,-8.0,0.2,3,,rush_yds,2026-09-29T17:11Z
4,401872965,Josh Downs,DownJo00,IND,WR,WR1,WAS,2026-10-04T13:30Z,Receiving Yards,63.5,65.5,-2.0,44.6,11,48.0,1.002,48.1,-24.3,0.3,11,UNDER,rec_yds,2026-09-29T17:11Z
4,401872965,Josh Downs,DownJo00,IND,WR,WR1,WAS,2026-10-04T13:30Z,Receptions,5.5,5.5,0.0,3.6,11,3.9,1.0,3.9,-29.6,0.1,15,UNDER,rec,2026-09-29T02:24Z
4,401872965,Keenan Allen,AlleKe00,IND,WR,WR2,WAS,2026-10-04T13:30Z,Receiving Yards,33.5,35.5,-2.0,32.6,11,34.2,1.004,34.3,2.4,0.5,9,,rec_yds,2026-09-29T06:48Z
4,401872965,Keenan Allen,AlleKe00,IND,WR,WR2,WAS,2026-10-04T13:30Z,Receptions,3.5,3.5,0.0,4.1,11,3.9,1.005,4.0,12.9,0.7,6,OVER,rec,2026-09-29T02:24Z
4,401872965,Tyler Warren,WarrTy00,IND,TE,TE1,WAS,2026-10-04T13:30Z,Receptions,5.5,5.5,0.0,5.0,11,4.8,0.967,4.6,-16.3,0.2,29,UNDER,rec,2026-09-29T02:24Z
4,401872965,Jacory Croskey-Merritt,CrosJa00,WAS,RB,RB1,IND,2026-10-04T13:30Z,Carries,13.5,13.5,0.0,12.5,11,12.5,1.0,12.5,-7.4,0.3,,,rush_att,2026-09-29T02:24Z
4,401872965,Jacory Croskey-Merritt,CrosJa00,WAS,RB,RB1,IND,2026-10-04T13:30Z,Rushing Yards,55.5,54.5,1.0,46.4,11,49.5,1.001,49.5,-10.7,0.3,17,UNDER,rush_yds,2026-09-29T15:26Z
4,401872965,Marcus Mariota,MariMa01,WAS,QB,QB1,IND,2026-10-04T13:30Z,Pass Completions,18.5,18.5,0.0,14.0,10,14.0,1.0,14.0,-24.3,0.4,,UNDER,cmp,2026-09-29T04:06Z
4,401872965,Marcus Mariota,MariMa01,WAS,QB,QB1,IND,2026-10-04T13:30Z,Passing Attempts,30.5,30.5,0.0,22.8,10,22.8,1.0,22.8,-25.4,0.2,,UNDER,pass_att,2026-09-29T02:24Z
4,401872965,Marcus Mariota,MariMa01,WAS,QB,QB1,IND,2026-10-04T13:30Z,Passing Interceptions,0.5,0.5,0.0,0.5,10,0.5,1.0,0.5,0.0,0.5,,,int,2026-09-29T02:24Z
4,401872965,Marcus Mariota,MariMa01,WAS,QB,QB1,IND,2026-10-04T13:30Z,Passing Plus Rushing Yards,246.5,244.5,2.0,182.1,10,195.2,1.022,199.6,-19.0,0.3,5,UNDER,pass_yds+rush_yds,2026-09-29T17:11Z
4,401872965,Marcus Mariota,MariMa01,WAS,QB,QB1,IND,2026-10-04T13:30Z,Passing Touchdowns,1.5,1.5,0.0,1.2,10,1.3,1.004,1.3,-13.3,0.3,16,,pass_td,2026-09-29T02:24Z
4,401872965,Marcus Mariota,MariMa01,WAS,QB,QB1,IND,2026-10-04T13:30Z,Passing Yards,213.5,209.5,4.0,160.0,10,173.8,1.028,178.6,-16.3,0.1,4,UNDER,pass_yds,2026-09-29T17:11Z
4,401872965,Marcus Mariota,MariMa01,WAS,QB,QB1,IND,2026-10-04T13:30Z,Rushing Yards,28.5,29.5,-1.0,22.1,10,21.5,0.951,20.4,-28.4,0.4,26,UNDER,rush_yds,2026-09-29T06:14Z
4,401872965,Stefon Diggs,DiggSt00,WAS,WR,WR2,IND,2026-10-04T13:30Z,Receiving Yards,41.5,41.5,0.0,55.4,11,52.9,1.008,53.3,28.4,0.6,4,OVER,rec_yds,2026-09-29T18:43Z
4,401872965,Stefon Diggs,DiggSt00,WAS,WR,WR2,IND,2026-10-04T13:30Z,Receptions,4.5,4.5,0.0,4.7,11,4.5,1.006,4.5,-0.2,0.4,4,,rec,2026-09-29T18:43Z
4,401872965,Terry McLaurin,McLaTe00,WAS,WR,WR1,IND,2026-10-04T13:30Z,Receiving Yards,55.5,56.5,-1.0,56.4,11,57.6,1.003,57.8,4.2,0.5,7,,rec_yds,2026-09-29T15:26Z
4,401872965,Terry McLaurin,McLaTe00,WAS,WR,WR1,IND,2026-10-04T13:30Z,Receptions,4.5,4.5,0.0,3.6,11,3.9,1.0,3.9,-13.9,0.3,16,UNDER,rec,2026-09-29T06:37Z
4,401872969,Chase Brown,BrowCh10,CIN,RB,RB1,JAX,2026-10-04T17:00Z,Carries,17.5,17.5,0.0,15.9,11,15.9,1.0,15.9,-9.4,0.3,,,rush_att,2026-09-29T07:16Z
4,401872969,Chase Brown,BrowCh10,CIN,RB,RB1,JAX,2026-10-04T17:00Z,Rushing Yards,65.5,66.5,-1.0,70.9,11,69.7,0.992,69.2,5.6,0.6,22,,rush_yds,2026-09-29T07:16Z
4,401872969,Ja'Marr Chase,ChasJa00,CIN,WR,WR1,JAX,2026-10-04T17:00Z,Receiving Yards,79.5,77.5,2.0,75.9,11,73.7,1.006,74.2,-6.7,0.5,5,,rec_yds,2026-09-29T20:33Z
4,401872969,Ja'Marr Chase,ChasJa00,CIN,WR,WR1,JAX,2026-10-04T17:00Z,Receptions,6.5,6.5,0.0,6.5,11,6.2,1.006,6.3,-3.6,0.7,2,,rec,2026-09-29T07:03Z
4,401872969,Joe Burrow,BurrJo01,CIN,QB,QB1,JAX,2026-10-04T17:00Z,Passing Touchdowns,1.5,1.5,0.0,2.1,11,2.0,1.024,2.0,34.3,0.7,9,,pass_td,2026-09-29T07:05Z
4,401872969,Joe Burrow,BurrJo01,CIN,QB,QB1,JAX,2026-10-04T17:00Z,Passing Yards,266.5,265.5,1.0,235.4,11,234.2,1.03,241.3,-9.5,0.4,6,,pass_yds,2026-09-29T20:33Z
4,401872969,Tee Higgins,HiggTe00,CIN,WR,WR2,JAX,2026-10-04T17:00Z,Receiving Yards,60.5,61.5,-1.0,72.7,11,67.2,1.008,67.7,11.9,0.6,5,OVER,rec_yds,2026-09-29T07:16Z
4,401872969,Tee Higgins,HiggTe00,CIN,WR,WR2,JAX,2026-10-04T17:00Z,Receptions,4.5,4.5,0.0,4.5,11,4.3,1.002,4.3,-4.6,0.6,11,,rec,2026-09-29T07:03Z
4,401872969,Bhayshul Tuten,TuteBh00,JAX,RB,RB1,CIN,2026-10-04T17:00Z,Carries,12.5,13.5,-1.0,9.8,11,9.8,1.0,9.8,-21.7,0.4,,UNDER,rush_att,2026-09-29T07:16Z
4,401872969,Bhayshul Tuten,TuteBh00,JAX,RB,RB1,CIN,2026-10-04T17:00Z,Rushing Yards,53.5,54.5,-1.0,41.8,11,45.7,1.023,46.8,-12.5,0.4,4,UNDER,rush_yds,2026-09-29T20:33Z
4,401872969,Jakobi Meyers,MeyeJa01,JAX,WR,WR3,CIN,2026-10-04T17:00Z,Receiving Yards,39.5,40.5,-1.0,50.4,11,46.0,0.995,45.8,15.8,0.7,23,OVER,rec_yds,2026-09-29T20:33Z
4,401872969,Jakobi Meyers,MeyeJa01,JAX,WR,WR3,CIN,2026-10-04T17:00Z,Receptions,3.5,4.5,-1.0,4.2,11,3.8,0.998,3.8,9.3,0.8,18,,rec,2026-09-29T07:04Z
4,401872969,Parker Washington,WashPa01,JAX,WR,WR1,CIN,2026-10-04T17:00Z,Receiving Yards,72.5,73.5,-1.0,70.9,11,69.6,0.996,69.3,-4.4,0.5,23,,rec_yds,2026-09-29T21:03Z
4,401872969,Parker Washington,WashPa01,JAX,WR,WR1,CIN,2026-10-04T17:00Z,Receptions,5.5,5.5,0.0,4.5,11,4.6,0.992,4.5,-17.4,0.3,32,UNDER,rec,2026-09-29T06:56Z
4,401872969,Trevor Lawrence,LawrTr00,JAX,QB,QB1,CIN,2026-10-04T17:00Z,Passing Touchdowns,1.5,1.5,0.0,2.4,11,2.2,1.061,2.3,55.8,0.8,3,,pass_td,2026-09-29T06:56Z
4,401872969,Trevor Lawrence,LawrTr00,JAX,QB,QB1,CIN,2026-10-04T17:00Z,Passing Yards,264.5,264.5,0.0,231.5,11,231.0,1.017,234.9,-11.2,0.2,8,UNDER,pass_yds,2026-09-29T20:33Z
4,401872971,Josh Allen,AlleJo02,BUF,QB,QB1,NE,2026-10-04T17:00Z,Passing Touchdowns,1.5,1.5,0.0,1.6,11,1.6,1.009,1.6,4.7,0.5,13,,pass_td,2026-09-29T13:14Z
4,401872971,Josh Allen,AlleJo02,BUF,QB,QB1,NE,2026-10-04T17:00Z,Passing Yards,237.5,239.5,-2.0,243.4,11,240.8,0.982,236.4,-0.5,0.6,27,,pass_yds,2026-09-29T20:33Z
4,401872971,Drake Maye,MayeDr00,NE,QB,QB1,BUF,2026-10-04T17:00Z,Passing Touchdowns,1.5,1.5,0.0,1.1,11,1.2,0.983,1.2,-21.2,0.3,24,,pass_td,2026-09-29T13:17Z
4,401872971,Drake Maye,MayeDr00,NE,QB,QB1,BUF,2026-10-04T17:00Z,Passing Yards,227.5,228.5,-1.0,234.2,11,233.3,0.975,227.4,-0.0,0.5,31,,pass_yds,2026-09-29T20:34Z
4,401872976,Kenneth Walker III,WalkKe00,KC,RB,RB1,LV,2026-10-04T20:25Z,Rushing Yards,87.5,86.5,1.0,86.3,11,82.4,0.995,82.0,-6.3,0.4,20,,rush_yds,2026-09-29T13:26Z
4,401872976,Patrick Mahomes,MahoPa00,KC,QB,QB1,LV,2026-10-04T20:25Z,Passing Touchdowns,1.5,1.5,0.0,1.8,11,1.7,1.009,1.7,16.5,0.5,13,,pass_td,2026-09-29T12:25Z
4,401872976,Patrick Mahomes,MahoPa00,KC,QB,QB1,LV,2026-10-04T20:25Z,Passing Yards,241.5,240.5,1.0,264.1,11,257.9,0.995,256.5,6.2,0.7,18,,pass_yds,2026-09-29T13:25Z
4,401872976,Ashton Jeanty,JeanAs00,LV,RB,RB1,KC,2026-10-04T20:25Z,Rushing Yards,59.5,61.5,-2.0,60.0,11,60.7,0.97,58.9,-1.0,0.4,31,,rush_yds,2026-09-29T13:26Z
4,401872976,Kirk Cousins,CousKi00,LV,QB,QB1,KC,2026-10-04T20:25Z,Passing Touchdowns,1.5,1.5,0.0,2.0,11,1.9,0.951,1.8,21.0,0.6,28,,pass_td,2026-09-29T13:26Z
4,401872976,Kirk Cousins,CousKi00,LV,QB,QB1,KC,2026-10-04T20:25Z,Passing Yards,227.5,225.5,2.0,202.9,11,207.5,0.988,205.0,-9.9,0.4,24,,pass_yds,2026-09-29T13:27Z
4,401872978,Bryce Young,YounBr01,CAR,QB,QB1,DET,2026-10-05T00:20Z,Passing Plus Rushing Yards,265.5,266.5,-1.0,262.1,11,259.6,1.024,265.9,0.1,0.4,6,,pass_yds+rush_yds,2026-09-29T20:52Z
4,401872978,Bryce Young,YounBr01,CAR,QB,QB1,DET,2026-10-05T00:20Z,Passing Touchdowns,1.5,1.5,0.0,1.9,11,1.8,0.986,1.8,17.7,0.6,22,,pass_td,2026-09-29T13:31Z
4,401872978,Bryce Young,YounBr01,CAR,QB,QB1,DET,2026-10-05T00:20Z,Passing Yards,248.5,245.5,3.0,249.9,11,246.2,1.024,252.1,1.4,0.5,7,,pass_yds,2026-09-29T20:25Z
4,401872978,Bryce Young,YounBr01,CAR,QB,QB1,DET,2026-10-05T00:20Z,Rushing Yards,12.5,14.5,-2.0,12.1,11,13.4,1.03,13.8,10.1,0.5,10,,rush_yds,2026-09-29T20:52Z
4,401872978,Chuba Hubbard,HubbCh01,CAR,RB,RB1,DET,2026-10-05T00:20Z,Receiving Yards,18.5,19.5,-1.0,18.5,11,18.7,0.985,18.4,-0.6,0.4,22,,rec_yds,2026-09-29T16:15Z
4,401872978,Chuba Hubbard,HubbCh01,CAR,RB,RB1,DET,2026-10-05T00:20Z,Receptions,2.5,2.5,0.0,2.4,11,2.4,0.988,2.4,-5.4,0.4,25,,rec,2026-09-29T16:14Z
4,401872978,Chuba Hubbard,HubbCh01,CAR,RB,RB1,DET,2026-10-05T00:20Z,Rushing Plus Receiving Yards,92.5,92.5,0.0,59.9,11,71.8,0.981,70.4,-23.8,0.2,30,UNDER,rush_yds+rec_yds,2026-09-29T20:49Z
4,401872978,Chuba Hubbard,HubbCh01,CAR,RB,RB1,DET,2026-10-05T00:20Z,Rushing Yards,67.5,68.5,-1.0,41.4,11,45.5,0.982,44.6,-33.9,0.2,28,UNDER,rush_yds,2026-09-29T15:07Z
4,401872978,Tetairoa McMillan,McMiTe00,CAR,WR,WR1,DET,2026-10-05T00:20Z,Receiving Yards,69.5,67.5,2.0,60.1,11,60.8,1.003,60.9,-12.3,0.5,9,,rec_yds,2026-09-29T20:59Z
4,401872978,Tetairoa McMillan,McMiTe00,CAR,WR,WR1,DET,2026-10-05T00:20Z,Receptions,4.5,4.5,0.0,3.8,11,4.0,1.003,4.0,-11.0,0.4,6,UNDER,rec,2026-09-29T16:11Z
4,401872978,Amon-Ra St. Brown,StxxAm00,DET,WR,WR1,CAR,2026-10-05T00:20Z,Receiving Yards,76.5,76.5,0.0,83.1,11,79.7,1.009,80.4,5.1,0.5,3,,rec_yds,2026-09-29T16:04Z
4,401872978,Amon-Ra St. Brown,StxxAm00,DET,WR,WR1,CAR,2026-10-05T00:20Z,Receptions,6.5,6.5,0.0,7.1,11,6.7,1.004,6.7,3.5,0.6,5,,rec,2026-09-29T14:48Z
4,401872978,Isaac TeSlaa,TeSlIs00,DET,WR,WR3,CAR,2026-10-05T00:20Z,Receiving Yards,16.5,18.5,-2.0,25.6,11,25.5,0.991,25.3,53.4,0.7,27,OVER,rec_yds,2026-09-29T20:25Z
4,401872978,Isaac TeSlaa,TeSlIs00,DET,WR,WR3,CAR,2026-10-05T00:20Z,Receptions,1.5,1.5,0.0,1.6,11,1.7,0.994,1.6,9.6,0.6,25,,rec,2026-09-29T16:08Z
4,401872978,Jahmyr Gibbs,GibbJa01,DET,RB,RB1,CAR,2026-10-05T00:20Z,Carries,19.5,19.5,0.0,17.5,11,17.5,1.0,17.5,-10.3,0.3,,UNDER,rush_att,2026-09-29T20:30Z
4,401872978,Jahmyr Gibbs,GibbJa01,DET,RB,RB1,CAR,2026-10-05T00:20Z,Receiving Yards,35.5,36.5,-1.0,50.1,11,44.7,0.997,44.5,25.4,0.5,15,,rec_yds,2026-09-29T19:44Z
4,401872978,Jahmyr Gibbs,GibbJa01,DET,RB,RB1,CAR,2026-10-05T00:20Z,Receptions,4.5,4.5,0.0,5.8,11,5.2,0.999,5.2,15.9,0.6,16,OVER,rec,2026-09-29T15:07Z
4,401872978,Jahmyr Gibbs,GibbJa01,DET,RB,RB1,CAR,2026-10-05T00:20Z,Rushing Plus Receiving Yards,136.5,138.5,-2.0,131.8,11,131.0,1.034,135.4,-0.8,0.3,1,,rush_yds+rec_yds,2026-09-29T20:25Z
4,401872978,Jahmyr Gibbs,GibbJa01,DET,RB,RB1,CAR,2026-10-05T00:20Z,Rushing Yards,96.5,98.5,-2.0,81.7,11,78.6,1.049,82.5,-14.5,0.3,1,UNDER,rush_yds,2026-09-29T15:07Z
4,401872978,Jameson Williams,WillJa11,DET,WR,WR2,CAR,2026-10-05T00:20Z,Receiving Yards,49.5,43.5,6.0,64.1,11,60.0,0.989,59.4,20.0,0.5,31,,rec_yds,2026-09-29T19:44Z
4,401872978,Jameson Williams,WillJa11,DET,WR,WR2,CAR,2026-10-05T00:20Z,Receptions,3.5,3.5,0.0,4.1,11,4.0,0.997,4.0,13.7,0.7,27,OVER,rec,2026-09-29T14:50Z
4,401872978,Jared Goff,GoffJa00,DET,QB,QB1,CAR,2026-10-05T00:20Z,Pass Completions,23.5,23.5,0.0,24.6,11,24.6,1.0,24.6,4.9,0.8,,,cmp,2026-09-29T20:25Z
4,401872978,Jared Goff,GoffJa00,DET,QB,QB1,CAR,2026-10-05T00:20Z,Passing Attempts,34.5,34.5,0.0,37.4,11,37.4,1.0,37.4,8.3,0.6,,,pass_att,2026-09-29T20:25Z
4,401872978,Jared Goff,GoffJa00,DET,QB,QB1,CAR,2026-10-05T00:20Z,Passing Touchdowns,1.5,1.5,0.0,2.1,11,2.0,1.03,2.1,39.0,0.7,7,,pass_td,2026-09-29T13:40Z
4,401872978,Jared Goff,GoffJa00,DET,QB,QB1,CAR,2026-10-05T00:20Z,Passing Yards,262.5,262.5,0.0,280.9,11,271.7,0.996,270.5,3.1,0.7,17,,pass_yds,2026-09-29T20:25Z
4,401872978,Sam LaPorta,LaPoSa01,DET,TE,TE1,CAR,2026-10-05T00:20Z,Receiving Yards,48.5,43.5,5.0,49.9,11,47.7,1.008,48.1,-0.8,0.5,14,,rec_yds,2026-09-29T20:25Z
4,401872978,Sam LaPorta,LaPoSa01,DET,TE,TE1,CAR,2026-10-05T00:20Z,Receptions,4.5,4.5,0.0,4.4,11,4.3,0.977,4.2,-6.9,0.6,25,,rec,2026-09-29T14:54Z
