family,grp,ppr_allowed,lg_avg,games,index
Cover-1 man / single-high pressure looks,QB,16.52,16.12,119,102.0
Cover-1 man / single-high pressure looks,RB1,14.3,14.28,119,100.0
Cover-1 man / single-high pressure looks,RB2,7.66,7.86,118,97.0
Cover-1 man / single-high pressure looks,TE1,9.84,9.36,118,105.0
Cover-1 man / single-high pressure looks,TE2,6.09,5.12,101,119.0
Cover-1 man / single-high pressure looks,WR1,12.63,13.29,119,95.0
Cover-1 man / single-high pressure looks,WR2,8.79,8.48,119,104.0
Cover-1 man / single-high pressure looks,WR3,6.71,5.67,115,118.0
Cover-1 man / single-high pressure looks,WR4+,4.62,4.85,85,95.0
Man-heavy · Cover-1 press,QB,16.74,16.55,578,101.0
Man-heavy · Cover-1 press,RB1,14.66,14.36,578,102.0
Man-heavy · Cover-1 press,RB2,7.7,7.82,565,99.0
Man-heavy · Cover-1 press,TE1,8.78,8.86,574,99.0
Man-heavy · Cover-1 press,TE2,4.68,4.74,440,99.0
Man-heavy · Cover-1 press,WR1,14.26,14.22,578,100.0
Man-heavy · Cover-1 press,WR2,9.54,9.63,578,99.0
Man-heavy · Cover-1 press,WR3,5.63,5.83,562,96.0
Man-heavy · Cover-1 press,WR4+,4.8,4.76,401,101.0
Single-high Cover-3 zone (Seattle/Saleh tree),QB,17.13,16.18,170,106.0
Single-high Cover-3 zone (Seattle/Saleh tree),RB1,13.91,14.29,170,97.0
Single-high Cover-3 zone (Seattle/Saleh tree),RB2,8.32,7.85,169,106.0
Single-high Cover-3 zone (Seattle/Saleh tree),TE1,9.53,9.3,170,102.0
Single-high Cover-3 zone (Seattle/Saleh tree),TE2,4.69,5.07,132,92.0
Single-high Cover-3 zone (Seattle/Saleh tree),WR1,13.45,13.41,170,100.0
Single-high Cover-3 zone (Seattle/Saleh tree),WR2,9.23,8.62,170,107.0
Single-high Cover-3 zone (Seattle/Saleh tree),WR3,5.98,5.69,165,105.0
Single-high Cover-3 zone (Seattle/Saleh tree),WR4+,5.43,4.84,124,112.0
Two-high Cover-2 / Tampa-2,QB,15.43,16.32,136,95.0
Two-high Cover-2 / Tampa-2,RB1,13.78,14.32,136,96.0
Two-high Cover-2 / Tampa-2,RB2,8.06,7.84,133,103.0
Two-high Cover-2 / Tampa-2,TE1,9.38,9.12,135,103.0
Two-high Cover-2 / Tampa-2,TE2,4.27,4.91,105,87.0
Two-high Cover-2 / Tampa-2,WR1,14.66,13.73,136,107.0
Two-high Cover-2 / Tampa-2,WR2,8.59,9.02,135,95.0
Two-high Cover-2 / Tampa-2,WR3,5.65,5.75,133,98.0
Two-high Cover-2 / Tampa-2,WR4+,3.9,4.81,94,81.0
Two-high zone shell (Fangio/Staley tree),QB,13.91,16.23,85,86.0
Two-high zone shell (Fangio/Staley tree),RB1,13.82,14.3,85,97.0
Two-high zone shell (Fangio/Staley tree),RB2,7.59,7.85,85,97.0
Two-high zone shell (Fangio/Staley tree),TE1,8.24,9.23,84,89.0
Two-high zone shell (Fangio/Staley tree),TE2,5.75,5.03,59,114.0
Two-high zone shell (Fangio/Staley tree),WR1,12.56,13.52,85,93.0
Two-high zone shell (Fangio/Staley tree),WR2,8.4,8.77,85,96.0
Two-high zone shell (Fangio/Staley tree),WR3,5.21,5.71,80,91.0
Two-high zone shell (Fangio/Staley tree),WR4+,5.13,4.83,53,106.0
