season,team,side,prev_starters,cur_starters,retained,turnover_pct,prev_snaps_returning_pct,departed,new_starters,cur_starter_names
2025,ARI,DEF,11,11,5,0.545,0.597,"Kyzir White (LB, 1018 snaps → SF); L.J. Collier (DT, 590 snaps → bench/injured); Mack Wilson (LB, 763 snaps → bench/injured); Max Melton (CB, 565 snaps → bench/injured); Sean Murphy-Bunting (CB, 728 snaps → ARI); Starling Thomas (CB, 820 snaps → ARI)","Akeem Davis-Gaither (LB, CIN); Cody Simon (LB, rookie); Dalvin Tomlinson (DL, CLE); Denzel Burke (CB, rookie); Josh Sweat (LB, PHI); Will Johnson (CB, rookie)",Budda Baker (S); Jalen Thompson (S); Akeem Davis-Gaither (LB); Will Johnson (CB); Denzel Burke (CB); Cody Simon (LB); Dalvin Tomlinson (DL); Garrett Williams (CB); Dante Stills (DL); Zaven Collins (LB); Josh Sweat (LB)
2025,ATL,DEF,11,11,6,0.455,0.576,"Arnold Ebiketie (LB, 543 snaps → bench/injured); Grady Jarrett (DT, 744 snaps → CHI); Justin Simmons (FS, 1017 snaps → left NFL/FA); Matt Judon (LB, 655 snaps → BUF); Nathan Landman (LB, 544 snaps → LAR)","Divine Deablo (LB, LV); Jalon Walker (DE, rookie); James Pearce (DE, rookie); Ruke Orhorhoro (DL, promoted); Xavier Watts (S, rookie)",Kaden Elliss (LB); Xavier Watts (S); Jessie Bates III (S); AJ Terrell (CB); Divine Deablo (LB); Mike Hughes (CB); David Onyemata (DL); Ruke Orhorhoro (DL); James Pearce (DE); DeAundre Alford (CB); Jalon Walker (DE)
2025,BAL,DEF,11,11,4,0.636,0.737,"Ar'Darius Washington (FS, 727 snaps → bench/injured); Brandon Stephens (FS, 1047 snaps → NYJ); Kyle Van Noy (LB, 631 snaps → bench/injured); Marcus Williams (FS, 601 snaps → LAC); Nnamdi Madubuike (DT, 812 snaps → bench/injured); Odafe Oweh (LB, 636 snaps → bench/injured); Trenton Simpson (LB, 655 snaps → bench/injured)","Alohi Gilman (S, LAC); Chidobe Awuzie (CB, TEN); John Jenkins (DL, LV); Malaki Starks (S, rookie); Mike Green (LB, rookie); Teddye Buchanan (LB, rookie); Travis Jones (DL, promoted)",Malaki Starks (S); Nate Wiggins (CB); Kyle Hamilton (S); Roquan Smith (LB); Marlon Humphrey (CB); Alohi Gilman (S); Travis Jones (DL); Mike Green (LB); Teddye Buchanan (LB); Chidobe Awuzie (CB); John Jenkins (DL)
2025,BUF,DEF,11,11,6,0.455,0.76,"Cameron Lewis (FS, 595 snaps → bench/injured); Damar Hamlin (SS, 874 snaps → bench/injured); Ed Oliver (DT, 603 snaps → bench/injured); Rasul Douglas (CB, 830 snaps → MIA); Taylor Rapp (SS, 778 snaps → bench/injured)","Cole Bishop (S, promoted); Deone Walker (DT, rookie); Joey Bosa (DE, LAC); Matt Milano (LB, promoted); Tre'Davious White (CB, BAL)",Cole Bishop (S); Christian Benford (CB); Tre'Davious White (CB); Gregory Rousseau (DE); Terrel Bernard (LB); Taron Johnson (CB); Joey Bosa (DE); Matt Milano (LB); Deone Walker (DT); A.J. Epenesa (DE); Dorian Williams (LB)
2025,CAR,DEF,11,11,5,0.545,0.485,"Jadeveon Clowney (LB, 652 snaps → DAL); Jordan Fuller (FS, 575 snaps → ATL); Josey Jewell (LB, 797 snaps → left NFL/FA); LaBryan Ray (DE, 627 snaps → bench/injured); Shy Tuttle (DT, 610 snaps → WAS); Xavier Woods (FS, 1218 snaps → TEN)","Chau Smith-Wade (CB, promoted); Christian Rozeboom (LB, LAR); Derrick Brown (DE, promoted); Nic Scourton (LB, rookie); Nick Scott (S, promoted); Tre'von Moehrig (S, LV)",Michael Jackson (CB); Nick Scott (S); Tre'von Moehrig (S); Jaycee Horn (CB); Christian Rozeboom (LB); Derrick Brown (DE); Nic Scourton (LB); D.J. Wonnum (LB); A'Shawn Robinson (DE); Chau Smith-Wade (CB); Trevin Wallace (LB)
2025,CHI,DEF,11,11,6,0.455,0.799,"Darrell Taylor (DE, 375 snaps → NE); DeMarcus Walker (DE, 739 snaps → WAS); Jaylon Johnson (CB, 1032 snaps → bench/injured); Jonathan Owens (SS, 429 snaps → bench/injured); Kyler Gordon (CB, 725 snaps → bench/injured)","Austin Booker (DE, promoted); C.J. Gardner-Johnson (DB, PHI); Grady Jarrett (DL, ATL); Jaquan Brisker (DB, promoted); Nahshon Wright (DB, other)",Jaquan Brisker (DB); Kevin Byard (DB); Nahshon Wright (DB); Tremaine Edmunds (LB); Montez Sweat (DL); Gervon Dexter (DL); Grady Jarrett (DL); Tyrique Stevenson (DB); T.J. Edwards (LB); C.J. Gardner-Johnson (DB); Austin Booker (DE)
2025,CIN,DEF,11,11,3,0.727,0.646,"Akeem Davis-Gaither (LB, 534 snaps → ARI); Cam Taylor-Britt (CB, 1039 snaps → bench/injured); Germaine Pratt (LB, 1078 snaps → IND); Logan Wilson (LB, 745 snaps → bench/injured); Mike Hilton (CB, 739 snaps → IND); Sam Hubbard (DE, 523 snaps → left NFL/FA); Trey Hendrickson (DE, 825 snaps → bench/injured); Vonn Bell (SS, 708 snaps → left NFL/FA)","Barrett Carter (LB, rookie); DJ Turner (CB, promoted); Daxton Hill (CB, promoted); Demetrius Knight (LB, rookie); Jordan Battle (S, promoted); Kris Jenkins (DT, promoted); Myles Murphy (DE, promoted); Tedarrell Slaton (DT, GB)",Jordan Battle (S); Geno Stone (S); Daxton Hill (CB); DJ Turner (CB); Demetrius Knight (LB); Barrett Carter (LB); Myles Murphy (DE); B.J. Hill (DT); Joseph Ossai (DE); Tedarrell Slaton (DT); Kris Jenkins (DT)
2025,CLE,DEF,11,11,5,0.545,0.582,"Dalvin Tomlinson (DT, 610 snaps → ARI); Greg Newsome II (CB, 575 snaps → bench/injured); Jordan Hicks (LB, 604 snaps → CLE); Martin Emerson (CB, 829 snaps → CLE); Mohamoud Diabate (LB, 581 snaps → bench/injured); Rodney McLeod (FS, 568 snaps → left NFL/FA)","Carson Schwesinger (LB, rookie); Maliek Collins (DT, SF); Mason Graham (DT, rookie); Myles Harden (CB, promoted); Ronnie Hickman (S, promoted); Tyson Campbell (CB, JAX)",Ronnie Hickman (S); Grant Delpit (S); Carson Schwesinger (LB); Devin Bush Jr. (LB); Myles Garrett (DE); Denzel Ward (CB); Mason Graham (DT); Tyson Campbell (CB); Myles Harden (CB); Shelby Harris (DT); Maliek Collins (DT)
2025,DAL,DEF,11,11,3,0.727,0.557,"Chauncey Golston (DT, 791 snaps → NYG); DeMarvion Overshown (LB, 709 snaps → bench/injured); Eric Kendricks (LB, 920 snaps → SF); Jourdan Lewis (CB, 872 snaps → JAX); Marist Liufau (LB, 521 snaps → bench/injured); Mazi Smith (DT, 526 snaps → bench/injured); Micah Parsons (LB, 696 snaps → GB); Trevon Diggs (CB, 685 snaps → bench/injured)","DaRon Bland (CB, promoted); Donovan Ezeiruaku (DE, rookie); Kaiir Elam (CB, BUF); Kenneth Murray (LB, TEN); Kenny Clark (DT, GB); Reddy Steward (DB, CHI); Sam Williams (DE, other); Shemar James (LB, rookie)",Donovan Wilson (S); Kenneth Murray (LB); Kenny Clark (DT); DaRon Bland (CB); Osa Odighizuwa (DT); Donovan Ezeiruaku (DE); Malik Hooker (S); Shemar James (LB); Reddy Steward (DB); Sam Williams (DE); Kaiir Elam (CB)
2025,DEN,DEF,11,11,9,0.182,0.862,"Cody Barton (LB, 1053 snaps → TEN); P.J. Locke (FS, 1000 snaps → bench/injured)","Alex Singleton (LB, promoted); Talanoa Hufanga (S, SF)",Riley Moss (CB); Talanoa Hufanga (S); Alex Singleton (LB); Brandon Jones (S); Patrick Surtain II (CB); Zach Allen (DL); Ja'Quan McMillian (CB); Nik Bonitto (LB); Jonathon Cooper (LB); Justin Strnad (LB); John Franklin-Myers (DL)
2025,DET,DEF,11,11,6,0.455,0.678,"Carlton Davis (CB, 697 snaps → NE); Josh Paschal (DE, 549 snaps → DET); Kerby Joseph (FS, 1085 snaps → bench/injured); Levi Onwuzurike (DE, 635 snaps → DET); Terrion Arnold (CB, 948 snaps → bench/injured)","Aidan Hutchinson (DE, promoted); D.J. Reed (CB, NYJ); Derrick Barnes (LB, promoted); Rock Ya-Sin (CB, SF); Thomas Harper (S, LV)",Jack Campbell (LB); Aidan Hutchinson (DE); Alex Anzalone (LB); Derrick Barnes (LB); Amik Robertson (CB); Brian Branch (DB); Rock Ya-Sin (CB); D.J. Reed (CB); D.J. Reader (DL); Alim McNeill (DL); Thomas Harper (S)
2025,GB,DEF,11,11,6,0.455,0.748,"Eric Stokes (CB, 588 snaps → LV); Eric Wilson (LB, 558 snaps → MIN); Isaiah McDuffie (LB, 699 snaps → bench/injured); Kenny Clark (DT, 686 snaps → DAL); Kingsley Enagbare (DE, 511 snaps → bench/injured)","Colby Wooden (DL, promoted); Edgerrin Cooper (LB, promoted); Evan Williams (S, promoted); Karl Brooks (DL, promoted); Micah Parsons (DL, DAL)",Xavier McKinney (S); Edgerrin Cooper (LB); Keisean Nixon (CB); Evan Williams (S); Quay Walker (LB); Carrington Valentine (CB); Javon Bullard (S); Micah Parsons (DL); Rashan Gary (DL); Karl Brooks (DL); Colby Wooden (DL)
2025,HOU,DEF,11,11,8,0.273,0.765,"Eric Murray (FS, 856 snaps → JAX); Mario Edwards (DT, 465 snaps → bench/injured); Tim Settle (DT, 625 snaps → bench/injured)","E.J. Speed (LB, IND); Sheldon Rankins (DT, CIN); Tommy Togiai (DT, promoted)",Calen Bullock (S); Kamari Lassiter (CB); Azeez Al-Shaair (LB); Derek Stingley Jr. (CB); Henry To'oTo'o (LB); Jalen Pitre (S); Danielle Hunter (DE); Will Anderson (DE); Sheldon Rankins (DT); Tommy Togiai (DT); E.J. Speed (LB)
2025,IND,DEF,11,11,6,0.455,0.627,"Dayo Odeyingbo (DE, 745 snaps → CHI); E.J. Speed (LB, 1010 snaps → HOU); Jaylon Jones (CB, 1145 snaps → bench/injured); Julian Blackmon (FS, 1083 snaps → NO); Samuel Womack (CB, 672 snaps → NYJ)","Adetomiwa Adebawore (DT, promoted); Camryn Bynum (S, MIN); DeForest Buckner (DT, promoted); Germaine Pratt (LB, CIN); Mekhi Blackmon (CB, other)",Zaire Franklin (LB); Nick Cross (S); Camryn Bynum (S); Mekhi Blackmon (CB); Laiatu Latu (DE); Kwity Paye (DE); Kenny Moore (CB); Germaine Pratt (LB); Grover Stewart (DT); Adetomiwa Adebawore (DT); DeForest Buckner (DT)
2025,JAX,DEF,11,11,7,0.364,0.736,"Andre Cisco (SS, 979 snaps → NYJ); Darnell Savage Jr. (SS, 764 snaps → bench/injured); Ronald Darby (CB, 659 snaps → HOU); Tyson Campbell (CB, 767 snaps → bench/injured)","Andrew Wingard (S, promoted); Arik Armstead (DT, promoted); Eric Murray (S, HOU); Jourdan Lewis (CB, DAL)",Foyesade Oluokun (LB); Andrew Wingard (S); Josh Hines-Allen (DE); Montaric Brown (CB); Devin Lloyd (LB); Antonio Johnson (S); Arik Armstead (DT); Jourdan Lewis (CB); Eric Murray (S); Travon Walker (DE); Jarrian Jones (CB)
2025,KC,DEF,11,11,7,0.364,0.768,"Justin Reid (SS, 974 snaps → NO); Michael Danna (DE, 496 snaps → bench/injured); Nazeeh Johnson (CB, 494 snaps → KC); Tershawn Wharton (DT, 667 snaps → CAR)","Ashton Gillotte (DE, rookie); Charles Omenihu (DE, promoted); Jaylen Watson (CB, promoted); Nohl Williams (DB, rookie)",Chamarri Conner (DB); Nick Bolton (LB); Drue Tranquill (LB); Jaylen Watson (CB); Bryan Cook (S); George Karlaftis III (DE); Chris Jones (DT); Trent McDuffie (CB); Charles Omenihu (DE); Ashton Gillotte (DE); Nohl Williams (DB)
2025,LAC,DEF,11,11,5,0.545,0.748,"Alohi Gilman (SS, 655 snaps → bench/injured); Bud Dupree (LB, 546 snaps → bench/injured); Khalil Mack (DE, 616 snaps → bench/injured); Kristian Fulton (CB, 760 snaps → KC); Morgan Fox (DT, 577 snaps → BUF); Poona Ford (DE, 604 snaps → LAR)","Cam Hart (CB, promoted); Donte Jackson (CB, PIT); Jamaree Caldwell (DT, rookie); Teair Tart (DL, promoted); Tony Jefferson (S, promoted); Troy Dye (LB, promoted)",Daiyan Henley (LB); Derwin James (S); Tarheeb Still (CB); Tuli Tuipulotu (LB); Cam Hart (CB); Donte Jackson (CB); Elijah Molden (DB); Teair Tart (DL); Tony Jefferson (S); Jamaree Caldwell (DT); Troy Dye (LB)
2025,LAR,DEF,11,11,8,0.273,0.778,"Christian Rozeboom (LB, 828 snaps → CAR); Darious Williams (CB, 766 snaps → bench/injured); Michael Hoecht (LB, 639 snaps → BUF)","Emmanuel Forbes (CB, promoted); Nathan Landman (LB, ATL); Omar Speights (LB, promoted)",Kamren Curl (S); Nathan Landman (LB); Jared Verse (LB); Byron Young (LB); Kamren Kinchens (S); Cobie Durant (CB); Emmanuel Forbes (CB); Kobie Turner (DE); Omar Speights (LB); Quentin Lake (S); Braden Fiske (DE)
2025,LV,DEF,11,11,3,0.727,0.403,"Decamerion Richardson (CB, 559 snaps → bench/injured); Divine Deablo (LB, 689 snaps → ATL); Jack Jones (CB, 1049 snaps → MIA); John Jenkins (DT, 609 snaps → BAL); Nate Hobbs (CB, 556 snaps → GB); Robert Spillane (LB, 1095 snaps → NE); Tre'von Moehrig (FS, 1101 snaps → CAR); Tyree Wilson (DE, 525 snaps → bench/injured)","Darien Porter (CB, rookie); Devin White (LB, HOU); Elandon Roberts (LB, PIT); Eric Stokes (CB, GB); Jeremy Chinn (S, WAS); Jonah Laulu (DT, promoted); Kyu Blu Kelly (CB, promoted); Thomas Booker (DT, PHI)",Devin White (LB); Isaiah Pola-Mao (S); Eric Stokes (CB); Jeremy Chinn (S); Maxx Crosby (DE); Jonah Laulu (DT); Adam Butler (DT); Elandon Roberts (LB); Darien Porter (CB); Thomas Booker (DT); Kyu Blu Kelly (CB)
2025,MIA,DEF,11,11,2,0.818,0.336,"Calais Campbell (DE, 615 snaps → ARI); Chop Robinson (LB, 565 snaps → bench/injured); Da'Shawn Hand (DE, 563 snaps → LAC); Emmanuel Ogbah (DE, 733 snaps → JAX); Jalen Ramsey (CB, 1027 snaps → PIT); Jevon Holland (SS, 854 snaps → NYG); Jordan Poyer (SS, 964 snaps → BUF); Kader Kohou (CB, 708 snaps → MIA); Kendall Fuller (CB, 556 snaps → DET)","Ashtyn Davis (S, NYJ); Bradley Chubb (LB, other); Ifeatu Melifonwu (S, DET); Jack Jones (CB, LV); Jordan Phillips (DT, rookie); Kenneth Grant (DT, rookie); Minkah Fitzpatrick (S, PIT); Rasul Douglas (CB, BUF); Tyrel Dodson (LB, promoted)",Jordyn Brooks (LB); Tyrel Dodson (LB); Jack Jones (CB); Rasul Douglas (CB); Minkah Fitzpatrick (S); Zach Sieler (DT); Bradley Chubb (LB); Ashtyn Davis (S); Kenneth Grant (DT); Ifeatu Melifonwu (S); Jordan Phillips (DT)
2025,MIN,DEF,11,11,6,0.455,0.567,"Camryn Bynum (FS, 1032 snaps → IND); Harrison Phillips (NT, 675 snaps → NYJ); Jonathan Bullard (DE, 574 snaps → NO); Shaquill Griffin (CB, 572 snaps → SEA); Stephon Gilmore (CB, 864 snaps → left NFL/FA)","Dallas Turner (LB, promoted); Eric Wilson (LB, GB); Isaiah Rodgers (CB, PHI); Jalen Redmond (DL, promoted); Jonathan Allen (DL, WAS)",Byron Murphy (CB); Eric Wilson (LB); Isaiah Rodgers (CB); Josh Metellus (S); Jonathan Allen (DL); Jalen Redmond (DL); Harrison Smith (S); Blake Cashman (LB); Dallas Turner (LB); Andrew Van Ginkel (LB); Jonathan Greenard (LB)
2025,NE,DEF,11,11,4,0.636,0.629,"Anfernee Jennings (LB, 831 snaps → bench/injured); Daniel Ekuale (DT, 722 snaps → PIT); Davon Godchaux (NT, 679 snaps → NO); Jahlani Tavai (LB, 915 snaps → bench/injured); Jonathan Jones (CB, 712 snaps → WAS); Keion White (DE, 829 snaps → bench/injured); Kyle Dugger (FS, 759 snaps → bench/injured)","Carlton Davis (CB, DET); Christian Barmore (DT, promoted); Craig Woodson (S, rookie); Harold Landry (LB, TEN); Jack Gibbens (LB, TEN); K'Lavon Chaisson (LB, LV); Robert Spillane (LB, LV)",Craig Woodson (S); Carlton Davis (CB); Jaylinn Hawkins (S); Christian Gonzalez (CB); Robert Spillane (LB); Marcus Jones (CB); Harold Landry (LB); Christian Barmore (DT); K'Lavon Chaisson (LB); Christian Elliss (LB); Jack Gibbens (LB)
2025,NO,DEF,11,11,8,0.273,0.649,"Chase Young (DE, 742 snaps → bench/injured); Tyrann Mathieu (FS, 1016 snaps → NO); Will Harris (SS, 861 snaps → WAS)","Jonas Sanker (S, rookie); Justin Reid (S, KC); Quincy Riley (CB, rookie)",Demario Davis (LB); Kool-Aid McKinstry (CB); Alontae Taylor (CB); Jonas Sanker (S); Justin Reid (S); Carl Granderson (DE); Nathan Shepherd (DT); Pete Werner (LB); Bryan Bresee (DT); Quincy Riley (CB); Cameron Jordan (DE)
2025,NYG,DEF,11,11,6,0.455,0.737,"Deonte Banks (CB, 788 snaps → bench/injured); Jason Pinnock (SS, 978 snaps → SF); Kayvon Thibodeaux (LB, 594 snaps → bench/injured); Micah McFadden (LB, 670 snaps → bench/injured); Rakeem Nunez-Roches (NT, 610 snaps → bench/injured)","Abdul Carter (LB, rookie); Dane Belton (S, promoted); Jevon Holland (S, MIA); Paulson Adebo (CB, NO); Roy Robertson-Harris (DT, JAX)",Bobby Okereke (LB); Brian Burns (LB); Abdul Carter (LB); Jevon Holland (S); Tyler Nubin (S); Cordale Flott (CB); Paulson Adebo (CB); Dexter Lawrence (DL); Andru Phillips (CB); Dane Belton (S); Roy Robertson-Harris (DT)
2025,NYJ,DEF,11,11,5,0.545,0.598,"Chuck Clark (SS, 709 snaps → PIT); D.J. Reed (CB, 880 snaps → DET); Isaiah Oliver (CB, 578 snaps → bench/injured); Javon Kinlaw (DT, 697 snaps → WAS); Quinnen Williams (NT, 724 snaps → bench/injured); Sauce Gardner (CB, 880 snaps → bench/injured)","Andre Cisco (S, JAX); Brandon Stephens (CB, BAL); Harrison Phillips (DL, MIN); Jermaine Johnson II (LB, promoted); Jowon Briggs (DL, CLE); Malachi Moore (DB, rookie)",Jamien Sherwood (LB); Brandon Stephens (CB); Malachi Moore (DB); Quincy Williams (LB); Harrison Phillips (DL); Jermaine Johnson II (LB); Will McDonald (DE); Jowon Briggs (DL); Micheal Clemons (DL); Andre Cisco (S); Tony Adams (S)
2025,PHI,DEF,11,11,5,0.545,0.625,"C.J. Gardner-Johnson (SS, 908 snaps → CHI); Darius Slay (CB, 699 snaps → BUF); Josh Sweat (LB, 622 snaps → ARI); Milton Williams (DT, 501 snaps → NE); Nakobe Dean (LB, 858 snaps → bench/injured); Nolan Smith (LB, 546 snaps → bench/injured)","Adoree' Jackson (CB, NYG); Andrew Mukuba (S, rookie); Jalyx Hunt (LB, promoted); Jihaad Campbell (LB, rookie); Jordan Davis (DT, promoted); Moro Ojomo (DT, promoted)",Zack Baun (LB); Cooper DeJean (DB); Reed Blankenship (S); Quinyon Mitchell (CB); Moro Ojomo (DT); Jihaad Campbell (LB); Jalyx Hunt (LB); Jordan Davis (DT); Andrew Mukuba (S); Jalen Carter (DT); Adoree' Jackson (CB)
2025,PIT,DEF,11,11,6,0.455,0.605,"Beanie Bishop (DB, 548 snaps → NO); DeShon Elliott (FS, 823 snaps → bench/injured); Donte Jackson (CB, 780 snaps → LAC); Larry Ogunjobi (DT, 494 snaps → BUF); Minkah Fitzpatrick (FS, 1083 snaps → MIA)","Brandin Echols (CB, NYJ); Jalen Ramsey (CB, MIA); Kyle Dugger (S, NE); Nick Herbig (LB, promoted); Payton Wilson (LB, promoted)",Patrick Queen (LB); Jalen Ramsey (CB); Joey Porter Jr. (CB); Cameron Heyward (DT); T.J. Watt (LB); Keeanu Benton (DL); Payton Wilson (LB); Alex Highsmith (LB); Nick Herbig (LB); Kyle Dugger (S); Brandin Echols (CB)
2025,SEA,DEF,11,11,5,0.545,0.738,"Boye Mafe (LB, 608 snaps → bench/injured); Derick Hall (LB, 674 snaps → bench/injured); Dre'Mont Jones (DE, 617 snaps → BAL); Jarran Reed (NT, 680 snaps → bench/injured); Julian Love (SS, 1079 snaps → bench/injured); Tyrel Dodson (LB, 604 snaps → MIA)","Byron Murphy (DT, promoted); DeMarcus Lawrence (DE, DAL); Drake Thomas (LB, promoted); Josh Jobe (CB, promoted); Nick Emmanwori (S, rookie); Ty Okada (S, promoted)",Coby Bryant (S); Ernest Jones (LB); Josh Jobe (CB); Riq Woolen (CB); Leonard Williams (DE); Byron Murphy (DT); Nick Emmanwori (S); Drake Thomas (LB); Ty Okada (S); Devon Witherspoon (CB); DeMarcus Lawrence (DE)
2025,SF,DEF,11,11,4,0.636,0.619,"Charvarius Ward (CB, 695 snaps → IND); De'Vondre Campbell (LB, 719 snaps → left NFL/FA); Fred Warner (LB, 998 snaps → bench/injured); Isaac Yiadom (CB, 486 snaps → NO); Leonard Floyd (DE, 606 snaps → ATL); Maliek Collins (DT, 717 snaps → CLE); Nick Bosa (DE, 693 snaps → bench/injured)","Alfred Collins (DL, rookie); Bryce Huff (DL, PHI); Dee Winters (LB, promoted); Jason Pinnock (S, NYG); Sam Okuayinonu (DL, promoted); Tatum Bethune (LB, promoted); Upton Stout (CB, rookie)",Deommodore Lenoir (DB); Dee Winters (LB); Renardo Green (CB); Ji'Ayir Brown (S); Malik Mustapha (S); Upton Stout (CB); Sam Okuayinonu (DL); Bryce Huff (DL); Tatum Bethune (LB); Jason Pinnock (S); Alfred Collins (DL)
2025,TB,DEF,11,11,6,0.455,0.738,"Anthony Nelson (LB, 573 snaps → bench/injured); Calijah Kancey (DE, 541 snaps → bench/injured); Christian Izien (SS, 697 snaps → bench/injured); Jordan Whitehead (SS, 732 snaps → left NFL/FA); K.J. Britt (LB, 613 snaps → MIA)","Antoine Winfield Jr. (S, promoted); Haason Reddick (LB, NYJ); Jacob Parrish (CB, rookie); Logan Hall (DL, promoted); SirVocea Dennis (LB, promoted)",Antoine Winfield Jr. (S); Lavonte David (LB); SirVocea Dennis (LB); Tykee Smith (S); YaYa Diaby (LB); Zyon McCollum (CB); Vita Vea (NT); Jacob Parrish (CB); Jamel Dean (CB); Logan Hall (DL); Haason Reddick (LB)
2025,TEN,DEF,11,11,5,0.545,0.666,"Daryl Worley (FS, 459 snaps → WAS); Harold Landry (LB, 880 snaps → NE); Jarvis Brownlee (DB, 913 snaps → bench/injured); Kenneth Murray (LB, 817 snaps → DAL); Roger McCreary (CB, 653 snaps → bench/injured); T'Vondre Sweat (NT, 699 snaps → bench/injured)","Cedric Gray (LB, promoted); Cody Barton (LB, DEN); Dre'Mont Jones (LB, SEA); Jalyn Armour-Davis (CB, BAL); Jihad Ward (LB, MIN); Xavier Woods (S, CAR)",Cody Barton (LB); Cedric Gray (LB); Amani Hooker (S); Jeffery Simmons (DT); Darrell Baker (CB); Jihad Ward (LB); Xavier Woods (S); Jalyn Armour-Davis (CB); Sebastian Joseph-Day (DE); Arden Key (LB); Dre'Mont Jones (LB)
2025,WAS,DEF,11,11,5,0.545,0.666,"Benjamin St-Juste (CB, 837 snaps → LAC); Dante Fowler (LB, 564 snaps → DAL); Dorance Armstrong Jr. (DE, 636 snaps → bench/injured); Jer'Zhan Newton (DT, 515 snaps → bench/injured); Jeremy Chinn (FS, 1021 snaps → LV); Noah Igbinoghene (CB, 818 snaps → bench/injured)","Jacob Martin (DE, CHI); Javon Kinlaw (DT, NYJ); Jeremy Reaves (S, promoted); Marshon Lattimore (CB, NO); Trey Amos (CB, rookie); Will Harris (S, NO)",Bobby Wagner (LB); Frankie Luvu (LB); Mike Sainristil (CB); Quan Martin (S); Javon Kinlaw (DT); Jeremy Reaves (S); Jacob Martin (DE); Daron Payne (DT); Will Harris (S); Marshon Lattimore (CB); Trey Amos (CB)
2026,ARI,DEF,11,11,4,0.636,0.692,"Akeem Davis-Gaither (LB, 781 snaps → IND); Cody Simon (LB, 564 snaps → bench/injured); Dalvin Tomlinson (DL, 555 snaps → LAC); Garrett Williams (CB, 553 snaps → bench/injured); Jalen Thompson (S, 980 snaps → DAL); Josh Sweat (LB, 540 snaps → bench/injured); Zaven Collins (LB, 543 snaps → bench/injured)","Andrew Wingard (S, JAX); Baron Browning (LB, promoted); Jack Gibbens (LB, NE); Mack Wilson (LB, promoted); Max Melton (CB, promoted); Roy Lopez (DL, DET); Walter Nolen (DL, promoted)",Budda Baker (S); Andrew Wingard (S); Jack Gibbens (LB); Mack Wilson (LB); Denzel Burke (CB); Will Johnson (CB); Walter Nolen (DL); Roy Lopez (DL); Dante Stills (DT); Max Melton (CB); Baron Browning (LB)
2026,ATL,DEF,11,11,4,0.636,0.498,"AJ Terrell (CB, 958 snaps → bench/injured); David Onyemata (DL, 634 snaps → NYJ); DeAundre Alford (CB, 582 snaps → BUF); Jalon Walker (DE, 492 snaps → ATL); James Pearce (DE, 593 snaps → ATL); Kaden Elliss (LB, 1103 snaps → NO); Ruke Orhorhoro (DL, 599 snaps → JAX)","Brandon Dorlus (DL, promoted); C.J. Henderson (CB, promoted); Cameron Thomas (DE, CLE); Gervon Dexter (DT, CHI); Harold Perkins (LB, rookie); Kendal Daniels (LB, rookie); Maason Smith (DL, JAX)",Xavier Watts (S); Jessie Bates III (S); Mike Hughes (CB); Divine Deablo (LB); C.J. Henderson (CB); Cameron Thomas (DE); Kendal Daniels (LB); Maason Smith (DL); Brandon Dorlus (DL); Gervon Dexter (DT); Harold Perkins (LB)
2026,BAL,DEF,11,11,6,0.455,0.754,"Alohi Gilman (S, 749 snaps → KC); Chidobe Awuzie (CB, 557 snaps → bench/injured); John Jenkins (DL, 523 snaps → bench/injured); Mike Green (LB, 712 snaps → bench/injured); Teddye Buchanan (LB, 651 snaps → bench/injured)","Calais Campbell (DL, ARI); Jaylinn Hawkins (S, NE); Tavius Robinson (LB, promoted); Trenton Simpson (LB, promoted); Trey Hendrickson (LB, CIN)",Roquan Smith (LB); Malaki Starks (S); Nate Wiggins (CB); Kyle Hamilton (S); Marlon Humphrey (CB); Jaylinn Hawkins (S); Tavius Robinson (LB); Trey Hendrickson (LB); Trenton Simpson (LB); Travis Jones (DL); Calais Campbell (DL)
2026,BUF,DEF,11,11,6,0.455,0.439,"A.J. Epenesa (DE, 438 snaps → PHI); Joey Bosa (DE, 562 snaps → left NFL/FA); Matt Milano (LB, 492 snaps → left NFL/FA); Taron Johnson (CB, 570 snaps → LV); Tre'Davious White (CB, 701 snaps → left NFL/FA)","Bradley Chubb (LB, MIA); C.J. Gardner-Johnson (S, CHI); DeAundre Alford (CB, ATL); Ed Oliver (DL, promoted); Maxwell Hairston (CB, promoted)",C.J. Gardner-Johnson (S); Terrel Bernard (LB); Cole Bishop (S); Christian Benford (CB); Maxwell Hairston (CB); Gregory Rousseau (LB); Bradley Chubb (LB); Deone Walker (DL); Dorian Williams (LB); DeAundre Alford (CB); Ed Oliver (DL)
2026,CAR,DEF,11,11,4,0.636,0.607,"A'Shawn Robinson (DE, 657 snaps → TB); Chau Smith-Wade (CB, 626 snaps → bench/injured); Christian Rozeboom (LB, 823 snaps → TB); D.J. Wonnum (LB, 688 snaps → DET); Nic Scourton (LB, 717 snaps → CAR); Nick Scott (S, 1035 snaps → bench/injured); Trevin Wallace (LB, 624 snaps → NYJ)","Aaron Hall (DT, rookie); Bobby Okereke (LB, NYG); Devin Lloyd (LB, JAX); Jaelan Phillips (LB, MIA); Lathan Ransom (S, promoted); Trevis Gipson (LB, promoted); Will Lee (CB, rookie)",Tre'von Moehrig (S); Jaycee Horn (CB); Bobby Okereke (LB); Jaelan Phillips (LB); Michael Jackson (CB); Derrick Brown (DT); Lathan Ransom (S); Will Lee (CB); Devin Lloyd (LB); Aaron Hall (DT); Trevis Gipson (LB)
2026,CHI,DEF,11,11,5,0.545,0.347,"C.J. Gardner-Johnson (DB, 565 snaps → BUF); Gervon Dexter (DL, 665 snaps → ATL); Jaquan Brisker (DB, 1072 snaps → PIT); Kevin Byard (DB, 1071 snaps → NE); Nahshon Wright (DB, 1041 snaps → NYJ); Tremaine Edmunds (LB, 813 snaps → NYG)","Cameron Lewis (DB, BUF); Dayo Odeyingbo (DL, promoted); Devin Bush Jr. (LB, CLE); Dillon Thieneman (DB, rookie); Jaylon Johnson (DB, promoted); Malik Muhammad (DB, rookie)",T.J. Edwards (LB); Dillon Thieneman (DB); Jaylon Johnson (DB); Devin Bush Jr. (LB); Cameron Lewis (DB); Malik Muhammad (DB); Grady Jarrett (DL); Montez Sweat (DL); Dayo Odeyingbo (DL); Tyrique Stevenson (DB); Austin Booker (DL)
2026,CIN,DEF,11,11,6,0.455,0.69,"B.J. Hill (DT, 670 snaps → bench/injured); Geno Stone (S, 1014 snaps → BUF); Joseph Ossai (DE, 616 snaps → NYJ); Kris Jenkins (DT, 497 snaps → bench/injured); Tedarrell Slaton (DT, 582 snaps → bench/injured)","Boye Mafe (DE, SEA); Bryan Cook (S, KC); Dexter Lawrence (DT, NYG); Jalen Davis (CB, promoted); Jonathan Allen (DT, MIN)",Barrett Carter (LB); Jordan Battle (S); Daxton Hill (CB); DJ Turner (CB); Demetrius Knight (LB); Bryan Cook (S); Boye Mafe (DE); Dexter Lawrence (DT); Jonathan Allen (DT); Myles Murphy (DE); Jalen Davis (CB)
2026,CLE,DEF,11,11,8,0.273,0.6,"Devin Bush Jr. (LB, 871 snaps → CHI); Myles Garrett (DE, 868 snaps → LAR); Shelby Harris (DT, 509 snaps → NYG)","Isaiah McGuire (DE, promoted); Jared Verse (DE, LAR); Quincy Williams (LB, NYJ)",Grant Delpit (S); Carson Schwesinger (LB); Denzel Ward (CB); Ronnie Hickman (S); Quincy Williams (LB); Myles Harden (CB); Mason Graham (DT); Jared Verse (DE); Isaiah McGuire (DE); Maliek Collins (DT); Tyson Campbell (CB)
2026,DAL,DEF,11,11,3,0.727,0.451,"Donovan Wilson (S, 921 snaps → left NFL/FA); Kaiir Elam (CB, 460 snaps → LAC); Kenneth Murray (LB, 873 snaps → HOU); Malik Hooker (S, 594 snaps → bench/injured); Osa Odighizuwa (DT, 692 snaps → SF); Reddy Steward (DB, 519 snaps → bench/injured); Sam Williams (DE, 474 snaps → CLE); Shemar James (LB, 544 snaps → bench/injured)","Caleb Downs (DB, rookie); Dee Winters (LB, SF); Jaishawn Barham (LB, rookie); Jalen Thompson (S, ARI); Markquese Bell (S, promoted); Otito Ogbonnia (DT, LAC); Quinnen Williams (DT, promoted); Rashan Gary (LB, GB)",DaRon Bland (CB); Caleb Downs (DB); Jalen Thompson (S); Quinnen Williams (DT); Kenny Clark (DT); Donovan Ezeiruaku (LB); Dee Winters (LB); Rashan Gary (LB); Jaishawn Barham (LB); Otito Ogbonnia (DT); Markquese Bell (S)
2026,DEN,DEF,11,11,9,0.182,0.845,"John Franklin-Myers (DL, 517 snaps → TEN); Jonathon Cooper (LB, 682 snaps → DEN)","Jonah Elliss (LB, promoted); Malcolm Roach (DT, promoted)",Patrick Surtain II (CB); Riley Moss (CB); Alex Singleton (LB); Talanoa Hufanga (S); Brandon Jones (S); Justin Strnad (LB); Zach Allen (DL); Ja'Quan McMillian (CB); Nik Bonitto (LB); Jonah Elliss (LB); Malcolm Roach (DT)
2026,DET,DEF,11,11,6,0.455,0.529,"Alex Anzalone (LB, 1004 snaps → TB); Amik Robertson (CB, 843 snaps → WAS); Brian Branch (DB, 747 snaps → DET); D.J. Reader (DL, 583 snaps → NYG); Thomas Harper (S, 483 snaps → bench/injured)","Avonte Maddox (DB, promoted); Chuck Clark (S, PIT); D.J. Wonnum (DE, CAR); Roger McCreary (CB, LAR); Tyleik Williams (DL, promoted)",Jack Campbell (LB); D.J. Reed (CB); Derrick Barnes (LB); Aidan Hutchinson (DE); Alim McNeill (DL); Rock Ya-Sin (CB); Chuck Clark (S); D.J. Wonnum (DE); Roger McCreary (CB); Avonte Maddox (DB); Tyleik Williams (DL)
2026,GB,DEF,11,11,6,0.455,0.625,"Carrington Valentine (CB, 780 snaps → bench/injured); Colby Wooden (DL, 587 snaps → NO); Micah Parsons (DL, 707 snaps → GB); Quay Walker (LB, 900 snaps → LV); Rashan Gary (DL, 653 snaps → DAL)","Barryn Sorrell (DE, promoted); Brandon Cisse (CB, rookie); Devonte Wyatt (DT, promoted); Lukas Van Ness (DE, promoted); Zaire Franklin (LB, IND)",Evan Williams (S); Xavier McKinney (S); Zaire Franklin (LB); Keisean Nixon (CB); Edgerrin Cooper (LB); Brandon Cisse (CB); Lukas Van Ness (DE); Javon Bullard (S); Karl Brooks (DT); Devonte Wyatt (DT); Barryn Sorrell (DE)
2026,HOU,DEF,11,11,9,0.182,0.716,"E.J. Speed (LB, 429 snaps → HOU); Henry To'oTo'o (LB, 818 snaps → bench/injured)","Jake Hansen (LB, promoted); Reed Blankenship (S, PHI)",Derek Stingley Jr. (CB); Jalen Pitre (S); Kamari Lassiter (CB); Calen Bullock (S); Azeez Al-Shaair (LB); Reed Blankenship (S); Will Anderson (DE); Danielle Hunter (DE); Jake Hansen (LB); Sheldon Rankins (DT); Tommy Togiai (DT)
2026,IND,DEF,11,11,4,0.636,0.343,"Adetomiwa Adebawore (DT, 548 snaps → bench/injured); Germaine Pratt (LB, 688 snaps → left NFL/FA); Kenny Moore (CB, 715 snaps → PHI); Kwity Paye (DE, 721 snaps → LV); Mekhi Blackmon (CB, 783 snaps → CLE); Nick Cross (S, 1111 snaps → WAS); Zaire Franklin (LB, 1112 snaps → GB)","A.J. Haulcy (S, rookie); Akeem Davis-Gaither (LB, ARI); Arden Key (DE, TEN); Charvarius Ward (CB, promoted); Jaylon Carlies (LB, promoted); Justin Walley (CB, other); Sauce Gardner (CB, promoted)",Camryn Bynum (S); Sauce Gardner (CB); Akeem Davis-Gaither (LB); DeForest Buckner (DT); Charvarius Ward (CB); Arden Key (DE); Laiatu Latu (DE); Justin Walley (CB); A.J. Haulcy (S); Jaylon Carlies (LB); Grover Stewart (DT)
2026,JAX,DEF,11,11,9,0.182,0.67,"Andrew Wingard (S, 961 snaps → ARI); Devin Lloyd (LB, 706 snaps → CAR)","Travis Hunter (WR, promoted); Ventrell Miller (LB, promoted)",Antonio Johnson (S); Eric Murray (S); Foyesade Oluokun (LB); Josh Hines-Allen (DE); Travon Walker (DE); Ventrell Miller (LB); Jarrian Jones (CB); Montaric Brown (CB); Travis Hunter (WR); Arik Armstead (DT); Jourdan Lewis (CB)
2026,KC,DEF,11,11,5,0.545,0.464,"Ashton Gillotte (DE, 485 snaps → bench/injured); Bryan Cook (S, 857 snaps → CIN); Chamarri Conner (DB, 1021 snaps → KC); Charles Omenihu (DE, 565 snaps → WAS); Jaylen Watson (CB, 867 snaps → LAR); Trent McDuffie (CB, 688 snaps → LAR)","Alohi Gilman (S, BAL); Jaden Hicks (DB, promoted); Kristian Fulton (CB, promoted); L'Jarius Sneed (CB, TEN); Peter Woods (DL, rookie); R Mason Thomas (DE, rookie)",Nick Bolton (LB); Alohi Gilman (S); Jaden Hicks (DB); Nohl Williams (DB); Drue Tranquill (LB); George Karlaftis III (DE); L'Jarius Sneed (CB); Chris Jones (DT); Kristian Fulton (CB); Peter Woods (DL); R Mason Thomas (DE)
2026,LAC,DEF,11,11,8,0.273,0.776,"Elijah Molden (DB, 540 snaps → bench/injured); Teair Tart (DL, 497 snaps → bench/injured); Troy Dye (LB, 471 snaps → bench/injured)","Del'Shawn Phillips (LB, promoted); Justin Eboigbe (DL, promoted); Khalil Mack (LB, promoted)",Derwin James (S); Tarheeb Still (CB); Daiyan Henley (LB); Cam Hart (CB); Tuli Tuipulotu (LB); Khalil Mack (LB); Tony Jefferson (S); Justin Eboigbe (DL); Jamaree Caldwell (DL); Del'Shawn Phillips (LB); Donte Jackson (CB)
2026,LAR,DEF,11,11,7,0.364,0.782,"Cobie Durant (CB, 819 snaps → DAL); Emmanuel Forbes (CB, 814 snaps → bench/injured); Jared Verse (LB, 856 snaps → CLE); Kamren Kinchens (S, 842 snaps → bench/injured)","Jaylen Watson (CB, KC); Josaiah Stewart (LB, promoted); Josh Wallace (CB, promoted); Trent McDuffie (CB, KC)",Quentin Lake (S); Trent McDuffie (CB); Nathan Landman (LB); Kamren Curl (S); Byron Young (LB); Jaylen Watson (CB); Josaiah Stewart (LB); Kobie Turner (DE); Josh Wallace (CB); Omar Speights (LB); Braden Fiske (DE)
2026,LV,DEF,11,11,4,0.636,0.605,"Adam Butler (DT, 684 snaps → bench/injured); Darien Porter (CB, 606 snaps → bench/injured); Devin White (LB, 1118 snaps → DET); Elandon Roberts (LB, 654 snaps → left NFL/FA); Jonah Laulu (DT, 764 snaps → bench/injured); Kyu Blu Kelly (CB, 579 snaps → left NFL/FA); Thomas Booker (DT, 603 snaps → bench/injured)","Hezekiah Masses (CB, rookie); Kwity Paye (DE, IND); Malcolm Koonce (DE, promoted); Nakobe Dean (LB, PHI); Quay Walker (LB, GB); Taron Johnson (CB, BUF); Tonka Hemingway (DT, promoted)",Jeremy Chinn (S); Quay Walker (LB); Eric Stokes (CB); Nakobe Dean (LB); Maxx Crosby (DE); Taron Johnson (CB); Hezekiah Masses (CB); Tonka Hemingway (DT); Kwity Paye (DE); Isaiah Pola-Mao (S); Malcolm Koonce (DE)
2026,MIA,DEF,11,11,3,0.727,0.321,"Ashtyn Davis (S, 714 snaps → SF); Bradley Chubb (LB, 766 snaps → BUF); Ifeatu Melifonwu (S, 547 snaps → TB); Jack Jones (CB, 907 snaps → SF); Kenneth Grant (DT, 554 snaps → MIA); Minkah Fitzpatrick (S, 845 snaps → NYJ); Rasul Douglas (CB, 850 snaps → WAS); Tyrel Dodson (LB, 910 snaps → CAR)","Chris Johnson (CB, rookie); Dante Trader (S, promoted); Jacob Rodriguez (LB, rookie); Jason Marshall (CB, promoted); Joshua Uche (DE, PHI); Michael Taaffe (S, rookie); Willie Gay Jr. (LB, promoted); Zeek Biggers (DL, promoted)",Jacob Rodriguez (LB); Jordyn Brooks (LB); Chris Johnson (CB); Jason Marshall (CB); Michael Taaffe (S); Zach Sieler (DL); Dante Trader (S); Jordan Phillips (DL); Zeek Biggers (DL); Joshua Uche (DE); Willie Gay Jr. (LB)
2026,MIN,DEF,11,11,8,0.273,0.791,"Harrison Smith (S, 793 snaps → bench/injured); Jonathan Allen (DL, 810 snaps → CIN); Jonathan Greenard (LB, 559 snaps → PHI)","Levi Drake Rodriguez (DL, promoted); Theo Jackson (S, promoted); Tyrion Ingram-Dawkins (DL, promoted)",Josh Metellus (S); Byron Murphy (CB); Isaiah Rodgers (CB); Eric Wilson (LB); Blake Cashman (LB); Dallas Turner (LB); Andrew Van Ginkel (LB); Jalen Redmond (DL); Theo Jackson (S); Levi Drake Rodriguez (DL); Tyrion Ingram-Dawkins (DL)
2026,NE,DEF,11,11,7,0.364,0.611,"Harold Landry (LB, 677 snaps → NE); Jack Gibbens (LB, 491 snaps → ARI); Jaylinn Hawkins (S, 838 snaps → BAL); K'Lavon Chaisson (LB, 639 snaps → WAS)","Elijah Ponder (LB, promoted); Gabe Jacas (LB, rookie); Kevin Byard (S, CHI); Milton Williams (DT, promoted)",Kevin Byard (S); Robert Spillane (LB); Christian Elliss (LB); Christian Gonzalez (CB); Elijah Ponder (LB); Marcus Jones (CB); Milton Williams (DT); Gabe Jacas (LB); Carlton Davis (CB); Craig Woodson (S); Christian Barmore (DT)
2026,NO,DEF,11,11,7,0.364,0.676,"Alontae Taylor (CB, 1058 snaps → TEN); Bryan Bresee (DT, 668 snaps → NO); Cameron Jordan (DE, 590 snaps → bench/injured); Demario Davis (LB, 1081 snaps → NYJ)","Chase Young (DE, promoted); Julian Blackmon (S, promoted); Kaden Elliss (LB, ATL); Vernon Broughton (DL, promoted)",Julian Blackmon (S); Kaden Elliss (LB); Kool-Aid McKinstry (CB); Justin Reid (S); Quincy Riley (CB); Chase Young (DE); Nathan Shepherd (DL); Carl Granderson (DE); Jonas Sanker (S); Vernon Broughton (DL); Pete Werner (LB)
2026,NYG,DEF,11,11,5,0.545,0.528,"Bobby Okereke (LB, 1104 snaps → CAR); Cordale Flott (CB, 797 snaps → TEN); Dane Belton (S, 705 snaps → NYJ); Dexter Lawrence (DL, 754 snaps → CIN); Paulson Adebo (CB, 759 snaps → bench/injured); Roy Robertson-Harris (DT, 628 snaps → NYG)","Arvell Reese (LB, rookie); Chauncey Golston (DL, promoted); Colton Hood (CB, rookie); Greg Newsome II (CB, CLE); Kayvon Thibodeaux (LB, promoted); Tremaine Edmunds (LB, CHI)",Tremaine Edmunds (LB); Jevon Holland (S); Arvell Reese (LB); Greg Newsome II (CB); Abdul Carter (LB); Andru Phillips (CB); Colton Hood (CB); Tyler Nubin (S); Brian Burns (LB); Chauncey Golston (DL); Kayvon Thibodeaux (LB)
2026,NYJ,DEF,11,11,5,0.545,0.524,"Jermaine Johnson II (LB, 679 snaps → TEN); Malachi Moore (DB, 950 snaps → bench/injured); Micheal Clemons (DL, 578 snaps → IND); Quincy Williams (LB, 784 snaps → CLE); Tony Adams (S, 468 snaps → TEN); Will McDonald (DE, 649 snaps → bench/injured)","Azareye'h Thomas (CB, promoted); Dane Belton (S, NYG); David Bailey (DE, rookie); Demario Davis (LB, NO); Jarvis Brownlee (DB, promoted); Kingsley Enagbare (DE, GB)",Dane Belton (S); Azareye'h Thomas (CB); Demario Davis (LB); Brandon Stephens (CB); Andre Cisco (S); Jamien Sherwood (LB); David Bailey (DE); Jarvis Brownlee (DB); Kingsley Enagbare (DE); Harrison Phillips (DL); Jowon Briggs (DL)
2026,PHI,DEF,11,11,8,0.273,0.689,"Adoree' Jackson (CB, 587 snaps → left NFL/FA); Jordan Davis (DT, 686 snaps → bench/injured); Reed Blankenship (S, 1008 snaps → HOU)","Marcus Epps (S, promoted); Nolan Smith (LB, promoted); Riq Woolen (CB, SEA)",Cooper DeJean (DB); Quinyon Mitchell (CB); Andrew Mukuba (S); Zack Baun (LB); Jihaad Campbell (LB); Jalen Carter (DT); Jalyx Hunt (LB); Nolan Smith (LB); Moro Ojomo (DT); Riq Woolen (CB); Marcus Epps (S)
2026,PIT,DEF,11,11,7,0.364,0.677,"Brandin Echols (CB, 522 snaps → bench/injured); Joey Porter Jr. (CB, 894 snaps → PIT); Kyle Dugger (S, 559 snaps → CIN); Nick Herbig (LB, 610 snaps → bench/injured)","Asante Samuel Jr. (CB, promoted); Jamel Dean (CB, TB); Jaquan Brisker (S, CHI); Rayshawn Jenkins (S, CLE)",Patrick Queen (LB); Jalen Ramsey (CB); Jaquan Brisker (S); Asante Samuel Jr. (CB); Jamel Dean (CB); Payton Wilson (LB); Alex Highsmith (LB); T.J. Watt (LB); Rayshawn Jenkins (S); Cameron Heyward (DT); Keeanu Benton (DT)
2026,SEA,DEF,11,11,7,0.364,0.718,"Coby Bryant (S, 977 snaps → CHI); Nick Emmanwori (S, 768 snaps → bench/injured); Riq Woolen (CB, 817 snaps → PHI); Ty Okada (S, 742 snaps → SEA)","Derick Hall (LB, promoted); Julian Love (S, promoted); Nehemiah Pritchett (CB, promoted); Rodney Thomas II (S, IND)",Rodney Thomas II (S); Ernest Jones (LB); Josh Jobe (CB); Devon Witherspoon (CB); Drake Thomas (LB); Leonard Williams (DT); Byron Murphy (DE); Nehemiah Pritchett (CB); Julian Love (S); DeMarcus Lawrence (LB); Derick Hall (LB)
2026,SF,DEF,11,11,4,0.636,0.481,"Alfred Collins (DL, 492 snaps → SF); Bryce Huff (DL, 533 snaps → left NFL/FA); Dee Winters (LB, 993 snaps → DAL); Jason Pinnock (S, 494 snaps → NYG); Malik Mustapha (S, 698 snaps → bench/injured); Sam Okuayinonu (DL, 575 snaps → SF); Tatum Bethune (LB, 499 snaps → SF)","Dre Greenlaw (LB, DEN); Fred Warner (LB, promoted); Gracen Halton (DL, rookie); Jaden Dugger (LB, rookie); Keion White (DL, NE); Marques Sigle (S, promoted); Osa Odighizuwa (DL, DAL)",Renardo Green (CB); Ji'Ayir Brown (S); Marques Sigle (S); Fred Warner (LB); Deommodore Lenoir (DB); Osa Odighizuwa (DL); Dre Greenlaw (LB); Upton Stout (CB); Keion White (DL); Gracen Halton (DL); Jaden Dugger (LB)
2026,TB,DEF,11,11,5,0.545,0.639,"Haason Reddick (LB, 571 snaps → left NFL/FA); Jacob Parrish (CB, 746 snaps → bench/injured); Jamel Dean (CB, 660 snaps → PIT); Lavonte David (LB, 1023 snaps → left NFL/FA); Logan Hall (DL, 610 snaps → HOU); SirVocea Dennis (LB, 910 snaps → bench/injured)","A'Shawn Robinson (DL, CAR); Alex Anzalone (LB, DET); Benjamin Morrison (CB, promoted); Calijah Kancey (DL, promoted); Josiah Trotter (LB, rookie); Keionte Scott (DB, rookie)",Alex Anzalone (LB); Zyon McCollum (CB); Antoine Winfield Jr. (S); Tykee Smith (S); Vita Vea (NT); Calijah Kancey (DL); YaYa Diaby (LB); Keionte Scott (DB); Josiah Trotter (LB); Benjamin Morrison (CB); A'Shawn Robinson (DL)
2026,TEN,DEF,11,11,3,0.727,0.413,"Arden Key (LB, 449 snaps → IND); Cedric Gray (LB, 922 snaps → bench/injured); Darrell Baker (CB, 724 snaps → MIA); Dre'Mont Jones (LB, 408 snaps → NE); Jalyn Armour-Davis (CB, 509 snaps → left NFL/FA); Jihad Ward (LB, 708 snaps → MIN); Sebastian Joseph-Day (DE, 449 snaps → PIT); Xavier Woods (S, 526 snaps → CHI)","Alontae Taylor (CB, NO); Anthony Hill (LB, rookie); Cordale Flott (CB, NYG); Jacob Martin (DE, WAS); Jermaine Johnson II (DE, NYJ); John Franklin-Myers (DL, DEN); Kevin Winston (S, promoted); Marcus Harris (CB, promoted)",Anthony Hill (LB); Kevin Winston (S); Alontae Taylor (CB); Amani Hooker (S); Jeffery Simmons (DT); Cody Barton (LB); Jermaine Johnson II (DE); Cordale Flott (CB); Marcus Harris (CB); Jacob Martin (DE); John Franklin-Myers (DL)
2026,WAS,DEF,11,11,5,0.545,0.463,"Bobby Wagner (LB, 1132 snaps → left NFL/FA); Frankie Luvu (LB, 1107 snaps → bench/injured); Jacob Martin (DE, 700 snaps → TEN); Marshon Lattimore (CB, 521 snaps → left NFL/FA); Trey Amos (CB, 511 snaps → WAS); Will Harris (S, 560 snaps → left NFL/FA)","Amik Robertson (CB, DET); Charles Omenihu (DE, KC); K'Lavon Chaisson (LB, NE); Nick Cross (S, IND); Odafe Oweh (LB, BAL); Sonny Styles (LB, rookie)",Amik Robertson (CB); Sonny Styles (LB); Jeremy Reaves (S); Mike Sainristil (CB); Odafe Oweh (LB); K'Lavon Chaisson (LB); Daron Payne (DT); Quan Martin (S); Nick Cross (S); Charles Omenihu (DE); Javon Kinlaw (DT)
2025,ARI,OFF,11,11,8,0.273,0.931,"James Conner (RB, 619 snaps → bench/injured); Kyler Murray (QB, 1065 snaps → bench/injured); Tip Reiman (TE, 450 snaps → bench/injured)","Elijah Higgins (TE, promoted); Jacoby Brissett (QB, NE); Jonah Williams (OL, promoted)",Hjalte Froholdt (OL); Trey McBride (TE); Michael Wilson (WR); Jacoby Brissett (QB); Paris Johnson (OL); Evan Brown (OL); Isaiah Adams (OL); Kelvin Beachum (OL); Jonah Williams (OL); Marvin Harrison Jr. (WR); Elijah Higgins (TE)
2025,ATL,OFF,11,11,8,0.273,0.851,"Kaleb McGary (T, 1041 snaps → left NFL/FA); Kirk Cousins (QB, 913 snaps → bench/injured); Ray-Ray McCloud (WR, 981 snaps → bench/injured)","Charlie Woerner (TE, promoted); David Sills (WR, other); Elijah Wilkinson (OL, promoted)",Ryan Neuzil (OL); Elijah Wilkinson (OL); Chris Lindstrom (G); Jake Matthews (T); Kyle Pitts (TE); Matthew Bergeron (OL); Bijan Robinson (RB); Darnell Mooney (WR); Drake London (WR); David Sills (WR); Charlie Woerner (TE)
2025,BAL,OFF,11,11,10,0.091,0.872,"Patrick Mekari (G, 998 snaps → left NFL/FA)","Andrew Vorhees (OL, promoted)",Roger Rosengarten (T); Daniel Faalele (G); Tyler Linderbaum (C); Andrew Vorhees (OL); Zay Flowers (WR); Ronnie Stanley (T); Lamar Jackson (QB); Mark Andrews (TE); Derrick Henry (RB); Rashod Bateman (WR); Isaiah Likely (TE)
2025,BUF,OFF,11,11,10,0.091,0.876,"Mack Hollins (WR, 721 snaps → NE)","Jackson Hawes (TE, rookie)",O'Cyrus Torrence (G); Connor McGovern (G); David Edwards (G); Josh Allen (QB); Dion Dawkins (T); Spencer Brown (T); Dawson Knox (TE); James Cook (RB); Khalil Shakir (WR); Keon Coleman (WR); Jackson Hawes (TE)
2025,CAR,OFF,11,11,7,0.364,0.856,"Chuba Hubbard (RB, 712 snaps → bench/injured); David Moore (WR, 568 snaps → bench/injured); Ja'Tavion Sanders (TE, 531 snaps → bench/injured); Robert Hunt (G, 967 snaps → bench/injured)","Austin Corbett (C, promoted); Jalen Coker (WR, promoted); Rico Dowdle (RB, DAL); Tetairoa McMillan (WR, rookie)",Damien Lewis (G); Bryce Young (QB); Ikem Ekwonu (T); Tetairoa McMillan (WR); Taylor Moton (T); Cade Mays (C); Austin Corbett (C); Xavier Legette (WR); Tommy Tremble (TE); Rico Dowdle (RB); Jalen Coker (WR)
2025,CHI,OFF,11,11,6,0.455,0.559,"Braxton Jones (T, 720 snaps → bench/injured); Coleman Shelton (C, 1122 snaps → left NFL/FA); Keenan Allen (WR, 850 snaps → LAC); Matt Pryor (T, 1006 snaps → left NFL/FA); Teven Jenkins (T, 738 snaps → left NFL/FA)","Colston Loveland (TE, rookie); Drew Dalman (OL, ATL); Joe Thuney (OL, KC); Jonah Jackson (OL, LAR); Olamide Zaccheaus (WR, WAS)",Drew Dalman (OL); Joe Thuney (OL); Caleb Williams (QB); Jonah Jackson (OL); Darnell Wright (OL); D.J. Moore (WR); Cole Kmet (TE); Rome Odunze (WR); Colston Loveland (TE); D'Andre Swift (RB); Olamide Zaccheaus (WR)
2025,CIN,OFF,11,11,8,0.273,0.728,"Alex Cappa (G, 1133 snaps → left NFL/FA); Cody Ford (G, 689 snaps → bench/injured); Cordell Volson (G, 985 snaps → left NFL/FA)","Dalton Risner (G, MIN); Dylan Fairchild (G, other); Tee Higgins (WR, promoted)",Orlando Brown Jr. (T); Ted Karras (C); Amarius Mims (T); Ja'Marr Chase (WR); Dylan Fairchild (G); Andrei Iosivas (WR); Tee Higgins (WR); Dalton Risner (G); Chase Brown (HB); Drew Sample (TE); Joe Burrow (QB)
2025,CLE,OFF,11,11,5,0.545,0.592,"Dawand Jones (T, 511 snaps → bench/injured); Elijah Moore (WR, 892 snaps → DEN); Germain Ifedi (G, 538 snaps → left NFL/FA); Jack Conklin (T, 817 snaps → bench/injured); Jameis Winston (QB, 504 snaps → NYG); Jerome Ford (RB, 526 snaps → bench/injured)","Cam Robinson (T, JAX); Cedric Tillman (WR, promoted); Harold Fannin (TE, rookie); Isaiah Bond (WR, rookie); KT Leveston (T, other); Quinshon Judkins (RB, rookie)",Joel Bitonio (G); Jerry Jeudy (WR); Ethan Pocic (C); Harold Fannin (TE); Wyatt Teller (G); Cam Robinson (T); KT Leveston (T); Cedric Tillman (WR); David Njoku (TE); Isaiah Bond (WR); Quinshon Judkins (RB)
2025,DAL,OFF,11,11,6,0.455,0.752,"Brock Hoffman (C, 517 snaps → bench/injured); Cooper Rush (QB, 572 snaps → BAL); Jalen Tolbert (WR, 892 snaps → bench/injured); Rico Dowdle (RB, 636 snaps → CAR); Zack Martin (G, 639 snaps → left NFL/FA)","Dak Prescott (QB, promoted); George Pickens (WR, PIT); Javonte Williams (RB, DEN); Ryan Flournoy (WR, promoted); Tyler Booker (G, other)",Terence Steele (T); Dak Prescott (QB); Tyler Smith (OL); Tyler Booker (G); George Pickens (WR); Jake Ferguson (TE); Javonte Williams (RB); Cooper Beebe (C); CeeDee Lamb (WR); Tyler Guyton (T); Ryan Flournoy (WR)
2025,DEN,OFF,11,11,7,0.364,0.863,"Ben Powers (G, 1088 snaps → bench/injured); Devaughn Vele (WR, 447 snaps → NO); Javonte Williams (RB, 574 snaps → DAL); Lil'Jordan Humphrey (WR, 546 snaps → bench/injured)","Alex Palczewski (T, promoted); Pat Bryant (WR, rookie); RJ Harvey (RB, rookie); Troy Franklin (WR, promoted)",Bo Nix (QB); Mike McGlinchey (T); Garett Bolles (T); Quinn Meinerz (G); Luke Wattenberg (C); Courtland Sutton (WR); Troy Franklin (WR); Alex Palczewski (T); Adam Trautman (TE); RJ Harvey (RB); Pat Bryant (WR)
2025,DET,OFF,11,11,8,0.273,0.763,"Frank Ragnow (C, 1060 snaps → left NFL/FA); Kevin Zeitler (G, 1048 snaps → left NFL/FA); Tim Patrick (WR, 641 snaps → JAX)","Christian Mahogany (OL, promoted); Isaac TeSlaa (WR, rookie); Tate Ratledge (OL, other)",Tate Ratledge (OL); Jared Goff (QB); Penei Sewell (T); Jameson Williams (WR); Amon-Ra St. Brown (WR); Taylor Decker (T); Graham Glasgow (OL); Jahmyr Gibbs (RB); Christian Mahogany (OL); Sam LaPorta (TE); Isaac TeSlaa (WR)
2025,GB,OFF,11,11,7,0.364,0.909,"Dontayvion Wicks (WR, 586 snaps → bench/injured); Jayden Reed (WR, 685 snaps → bench/injured); Josh Myers (C, 1008 snaps → left NFL/FA); Tucker Kraft (TE, 925 snaps → bench/injured)","Aaron Banks (G, SF); Anthony Belton (T, other); Jordan Morgan (T, promoted); Matthew Golden (WR, rookie)",Rasheed Walker (T); Jordan Love (QB); Sean Rhyan (G); Romeo Doubs (WR); Jordan Morgan (T); Aaron Banks (G); Zach Tom (OL); Josh Jacobs (RB); Elgton Jenkins (C); Anthony Belton (T); Matthew Golden (WR)
2025,HOU,OFF,11,11,4,0.636,0.543,"Jarrett Patterson (C, 548 snaps → bench/injured); Joe Mixon (RB, 557 snaps → HOU); Juice Scruggs (C, 873 snaps → bench/injured); Kenyon Green (G, 583 snaps → left NFL/FA); Laremy Tunsil (T, 1028 snaps → left NFL/FA); Shaq Mason (G, 933 snaps → left NFL/FA); Tank Dell (WR, 633 snaps → HOU)","Aireontae Ersery (T, other); Ed Ingram (G, MIN); Jake Andrews (C, other); Jayden Higgins (WR, rookie); Trent Brown (T, CIN); Woody Marks (RB, rookie); Xavier Hutchinson (WR, promoted)",Jake Andrews (C); Aireontae Ersery (T); Tytus Howard (T); Ed Ingram (G); C.J. Stroud (QB); Dalton Schultz (TE); Nico Collins (WR); Xavier Hutchinson (WR); Jayden Higgins (WR); Woody Marks (RB); Trent Brown (T)
2025,IND,OFF,11,11,8,0.273,0.8,"Anthony Richardson (QB, 620 snaps → bench/injured); Mo Alie-Cox (TE, 475 snaps → bench/injured); Ryan Kelly (C, 601 snaps → left NFL/FA)","Daniel Jones (QB, NYG); Tanor Bortolini (C, promoted); Tyler Warren (TE, rookie)",Quenton Nelson (G); Matt Goncalves (G); Bernhard Raimann (T); Tanor Bortolini (C); Michael Pittman Jr. (WR); Tyler Warren (TE); Jonathan Taylor (RB); Alec Pierce (WR); Braden Smith (T); Daniel Jones (QB); Josh Downs (WR)
2025,JAX,OFF,11,11,8,0.273,0.544,"Brandon Scherff (G, 1013 snaps → left NFL/FA); Mac Jones (QB, 497 snaps → SF); Mitch Morse (C, 1021 snaps → left NFL/FA)","Cole Van Lanen (OL, promoted); Patrick Mekari (OL, BAL); Robert Hainsey (OL, TB)",Trevor Lawrence (QB); Ezra Cleveland (OL); Anton Harrison (OL); Walker Little (OL); Robert Hainsey (OL); Patrick Mekari (OL); Brian Thomas (WR); Travis Etienne (RB); Parker Washington (WR); Cole Van Lanen (OL); Brenton Strange (TE)
2025,KC,OFF,11,11,8,0.273,0.751,"Joe Thuney (G, 1117 snaps → left NFL/FA); Justin Watson (WR, 686 snaps → HOU); Wanya Morris (T, 734 snaps → bench/injured)","JuJu Smith-Schuster (WR, promoted); Kingsley Suamataia (T, promoted); Marquise Brown (WR, promoted)",Creed Humphrey (C); Kingsley Suamataia (T); Patrick Mahomes (QB); Travis Kelce (TE); Jawaan Taylor (T); Trey Smith (G); Xavier Worthy (WR); JuJu Smith-Schuster (WR); Marquise Brown (WR); Noah Gray (TE); Kareem Hunt (RB)
2025,LAC,OFF,11,11,6,0.455,0.709,"J.K. Dobbins (RB, 533 snaps → DEN); Joe Alt (T, 1011 snaps → bench/injured); Josh Palmer (WR, 616 snaps → BUF); Rashawn Slater (T, 904 snaps → left NFL/FA); Will Dissly (TE, 540 snaps → bench/injured)","Austin Deculus (T, HOU); Keenan Allen (WR, CHI); Mekhi Becton (G, PHI); Oronde Gadsden II (TE, rookie); Tre Harris (WR, rookie)",Zion Johnson (G); Bradley Bozeman (C); Justin Herbert (QB); Ladd McConkey (WR); Mekhi Becton (G); Quentin Johnston (WR); Keenan Allen (WR); Oronde Gadsden II (TE); Trey Pipkins (G); Tre Harris (WR); Austin Deculus (T)
2025,LAR,OFF,11,11,7,0.364,0.752,"Beaux Limmer (C, 917 snaps → bench/injured); Cooper Kupp (WR, 637 snaps → SEA); Demarcus Robinson (WR, 892 snaps → SF); Rob Havenstein (T, 684 snaps → bench/injured)","Coleman Shelton (OL, CHI); Davante Adams (WR, LV); Davis Allen (TE, promoted); Warren McClendon (OL, promoted)",Coleman Shelton (OL); Matthew Stafford (QB); Alaric Jackson (OL); Kevin Dotson (OL); Steve Avila (OL); Kyren Williams (RB); Puka Nacua (WR); Warren McClendon (OL); Davante Adams (WR); Colby Parkinson (TE); Davis Allen (TE)
2025,LV,OFF,11,11,7,0.364,0.685,"Andre James (C, 702 snaps → left NFL/FA); Gardner Minshew II (QB, 564 snaps → KC); Jackson Powers-Johnson (G, 956 snaps → bench/injured); Kolton Miller (T, 1075 snaps → bench/injured)","Alex Cappa (G, CIN); Ashton Jeanty (RB, rookie); Geno Smith (QB, SEA); Stone Forsythe (OL, SEA)",Delmar Glaze (T); Tre Tucker (WR); Geno Smith (QB); Dylan Parham (G); Ashton Jeanty (RB); Stone Forsythe (OL); Jordan Meredith (C); Brock Bowers (TE); Alex Cappa (G); Michael Mayer (TE); Jakobi Meyers (WR)
2025,MIA,OFF,11,11,5,0.545,0.576,"Austin Jackson (T, 540 snaps → bench/injured); Jonnu Smith (TE, 626 snaps → PIT); Liam Eichenberg (G, 1035 snaps → left NFL/FA); Robert Jones (G, 1078 snaps → left NFL/FA); Terron Armstead (T, 820 snaps → left NFL/FA); Tyreek Hill (WR, 906 snaps → bench/injured)","Cole Strange (OL, NE); Jonah Savaiinaea (OL, other); Larry Borom (OL, CHI); Malik Washington (WR, promoted); Nick Westbrook-Ikhine (WR, TEN); Patrick Paul (T, promoted)",Jonah Savaiinaea (OL); Patrick Paul (T); Aaron Brewer (OL); Cole Strange (OL); Tua Tagovailoa (QB); Jaylen Waddle (WR); De'Von Achane (RB); Larry Borom (OL); Malik Washington (WR); Julian Hill (TE); Nick Westbrook-Ikhine (WR)
2025,MIN,OFF,11,11,5,0.545,0.596,"Aaron Jones (RB, 700 snaps → bench/injured); Cam Robinson (T, 632 snaps → left NFL/FA); Ed Ingram (G, 580 snaps → left NFL/FA); Garrett Bradbury (C, 1117 snaps → left NFL/FA); Josh Oliver (TE, 552 snaps → bench/injured); Sam Darnold (QB, 1110 snaps → SEA)","Christian Darrisaw (T, promoted); Donovan Jackson (OL, other); J.J. McCarthy (QB, other); Justin Skule (T, TB); T.J. Hockenson (TE, promoted); Will Fries (G, IND)",Will Fries (G); Justin Jefferson (WR); Donovan Jackson (OL); Brian O'Neill (T); Jordan Addison (WR); T.J. Hockenson (TE); Jalen Nailor (WR); Blake Brandel (G); Justin Skule (T); J.J. McCarthy (QB); Christian Darrisaw (T)
2025,NE,OFF,11,11,5,0.545,0.595,"Ben Brown (G, 667 snaps → bench/injured); Demario Douglas (WR, 679 snaps → bench/injured); Demontrey Jacobs (T, 867 snaps → left NFL/FA); Layden Robinson (G, 603 snaps → left NFL/FA); Michael Jordan (G, 685 snaps → left NFL/FA); Vederian Lowe (T, 804 snaps → bench/injured)","Garrett Bradbury (C, MIN); Jared Wilson (OL, other); Mack Hollins (WR, BUF); Morgan Moses (T, NYJ); Stefon Diggs (WR, HOU); Will Campbell (T, other)",Michael Onwenu (OL); Garrett Bradbury (C); Drake Maye (QB); Morgan Moses (T); Hunter Henry (TE); Jared Wilson (OL); Will Campbell (T); Mack Hollins (WR); Kayshon Boutte (WR); Stefon Diggs (WR); Rhamondre Stevenson (RB)
2025,NO,OFF,11,11,5,0.545,0.627,"Cedrick Wilson Jr. (WR, 384 snaps → MIA); Derek Carr (QB, 604 snaps → NO); Foster Moreau (TE, 752 snaps → bench/injured); Landon Young (T, 393 snaps → left NFL/FA); Lucas Patrick (C, 563 snaps → left NFL/FA); Trevor Penning (T, 1082 snaps → bench/injured)","Chris Olave (WR, promoted); Dillon Radunz (OL, TEN); Erik McCoy (C, promoted); Kelvin Banks (T, other); Luke Fortner (OL, JAX); Tyler Shough (QB, rookie)",Kelvin Banks (T); Chris Olave (WR); Cesar Ruiz (C); Juwan Johnson (TE); Taliese Fuaga (T); Dillon Radunz (OL); Luke Fortner (OL); Tyler Shough (QB); Spencer Rattler (QB); Alvin Kamara (RB); Erik McCoy (C)
2025,NYG,OFF,11,11,8,0.273,0.812,"Daniel Jones (QB, 677 snaps → IND); Evan Neal (T, 460 snaps → left NFL/FA); Malik Nabers (WR, 886 snaps → bench/injured)","Andrew Thomas (T, promoted); Daniel Bellinger (TE, promoted); Jaxson Dart (QB, rookie)",Greg Van Roten (G); Jon Runyan Jr. (G); Jermaine Eluemunor (OL); Wan'Dale Robinson (WR); Theo Johnson (TE); Andrew Thomas (T); John Michael Schmitz (C); Jaxson Dart (QB); Darius Slayton (WR); Daniel Bellinger (TE); Tyrone Tracy Jr. (RB)
2025,NYJ,OFF,11,11,4,0.636,0.512,"Aaron Rodgers (QB, 1030 snaps → PIT); Alijah Vera-Tucker (G, 915 snaps → left NFL/FA); Allen Lazard (WR, 649 snaps → bench/injured); Davante Adams (WR, 614 snaps → LAR); Morgan Moses (T, 722 snaps → left NFL/FA); Tyler Conklin (TE, 805 snaps → LAC); Tyron Smith (T, 592 snaps → left NFL/FA)","Armand Membou (T, other); Jeremy Ruckert (TE, promoted); John Metchie (WR, HOU); Josh Myers (C, GB); Justin Fields (QB, PIT); Mason Taylor (TE, rookie); Olumuyiwa Fashanu (OL, promoted)",Josh Myers (C); Armand Membou (T); Joe Tippmann (C); Olumuyiwa Fashanu (OL); John Simpson (OL); Mason Taylor (TE); Breece Hall (RB); Justin Fields (QB); Jeremy Ruckert (TE); John Metchie (WR); Garrett Wilson (WR)
2025,PHI,OFF,11,11,8,0.273,0.793,"Grant Calcaterra (TE, 766 snaps → bench/injured); Lane Johnson (T, 937 snaps → bench/injured); Mekhi Becton (T, 903 snaps → left NFL/FA)","Dallas Goedert (TE, promoted); Fred Johnson (T, promoted); Tyler Steen (OL, promoted)",Tyler Steen (OL); Jordan Mailata (T); Jalen Hurts (QB); DeVonta Smith (WR); A.J. Brown (WR); Landon Dickerson (G); Cam Jurgens (C); Dallas Goedert (TE); Saquon Barkley (RB); Fred Johnson (T); Jahan Dotson (WR)
2025,PIT,OFF,11,11,6,0.455,0.585,"Calvin Austin III (WR, 593 snaps → bench/injured); Dan Moore (T, 1113 snaps → left NFL/FA); George Pickens (WR, 774 snaps → DAL); Russell Wilson (QB, 719 snaps → NYG); Van Jefferson (WR, 721 snaps → TEN)","Aaron Rodgers (QB, NYJ); D.K. Metcalf (WR, SEA); Jonnu Smith (TE, MIA); Kenneth Gainwell (RB, PHI); Troy Fautanu (T, promoted)",Troy Fautanu (T); Mason McCormick (G); Zach Frazier (C); Aaron Rodgers (QB); D.K. Metcalf (WR); Isaac Seumalo (G); Broderick Jones (T); Darnell Washington (TE); Jonnu Smith (TE); Pat Freiermuth (TE); Kenneth Gainwell (RB)
2025,SEA,OFF,11,11,5,0.545,0.469,"Connor Williams (C, 618 snaps → left NFL/FA); D.K. Metcalf (WR, 832 snaps → PIT); Geno Smith (QB, 1075 snaps → LV); Laken Tomlinson (G, 1097 snaps → left NFL/FA); Noah Fant (TE, 569 snaps → CIN); Tyler Lockett (WR, 765 snaps → LV)","Abraham Lucas (T, promoted); Cooper Kupp (WR, LAR); Grey Zabel (G, other); Jalen Sundell (C, promoted); Kenneth Walker III (RB, promoted); Sam Darnold (QB, MIN)",Abraham Lucas (T); Grey Zabel (G); Anthony Bradford (G); Sam Darnold (QB); Jaxon Smith-Njigba (WR); AJ Barner (TE); Charles Cross (T); Cooper Kupp (WR); Jalen Sundell (C); Kenneth Walker III (RB); Zach Charbonnet (RB)
2025,SF,OFF,11,11,8,0.273,0.668,"Aaron Banks (G, 775 snaps → left NFL/FA); Deebo Samuel (WR, 682 snaps → WAS); Ricky Pearsall (WR, 455 snaps → bench/injured)","Christian McCaffrey (RB, promoted); Kendrick Bourne (WR, NE); Mac Jones (QB, JAX)",Dominick Puni (OL); Colton McKivitz (OL); Trent Williams (T); Jake Brendel (OL); Christian McCaffrey (RB); Jauan Jennings (WR); Kendrick Bourne (WR); Brock Purdy (QB); George Kittle (TE); Mac Jones (QB); Kyle Juszczyk (FB)
2025,TB,OFF,11,11,7,0.364,0.92,"Bucky Irving (RB, 516 snaps → bench/injured); Cody Mauch (G, 1133 snaps → bench/injured); Jalen McMillan (WR, 626 snaps → bench/injured); Mike Evans (WR, 671 snaps → bench/injured)","Dan Feeney (G, other); Emeka Egbuka (WR, rookie); Michael Jordan (G, NE); Tez Johnson (WR, rookie)",Graham Barton (C); Baker Mayfield (QB); Cade Otton (TE); Emeka Egbuka (WR); Tristan Wirfs (T); Michael Jordan (G); Luke Goedeke (T); Dan Feeney (G); Ben Bredeson (G); Rachaad White (RB); Tez Johnson (WR)
2025,TEN,OFF,11,11,4,0.636,0.493,"Calvin Ridley (WR, 888 snaps → bench/injured); Daniel Brunskill (C, 683 snaps → left NFL/FA); Dillon Radunz (T, 902 snaps → left NFL/FA); Nicholas Petit-Frere (T, 621 snaps → left NFL/FA); Nick Westbrook-Ikhine (WR, 771 snaps → MIA); Tyler Boyd (WR, 635 snaps → left NFL/FA); Will Levis (QB, 621 snaps → TEN)","Cam Ward (QB, rookie); Chimere Dike (WR, rookie); Dan Moore (T, PIT); Elic Ayomanor (WR, rookie); Kevin Zeitler (G, DET); Lloyd Cushenberry III (C, promoted); Van Jefferson (WR, PIT)",Peter Skoronski (OL); Cam Ward (QB); Dan Moore (T); Lloyd Cushenberry III (C); Kevin Zeitler (G); JC Latham (T); Elic Ayomanor (WR); Chigoziem Okonkwo (TE); Tony Pollard (RB); Chimere Dike (WR); Van Jefferson (WR)
2025,WAS,OFF,11,11,5,0.545,0.818,"Andrew Wylie (G, 893 snaps → bench/injured); Brandon Coleman (T, 790 snaps → bench/injured); Brian Robinson Jr. (RB, 505 snaps → SF); Jayden Daniels (QB, 1062 snaps → bench/injured); Nick Allegretti (G, 1151 snaps → bench/injured); Olamide Zaccheaus (WR, 494 snaps → CHI)","Chris Moore (WR, ARI); Chris Paul (G, promoted); Deebo Samuel (WR, SF); Josh Conerly (T, other); Laremy Tunsil (T, HOU); Marcus Mariota (QB, promoted)",Josh Conerly (T); Tyler Biadasz (C); Chris Paul (G); Laremy Tunsil (T); Deebo Samuel (WR); Zach Ertz (TE); Samuel Cosmi (T); Marcus Mariota (QB); John Bates (TE); Terry McLaurin (WR); Chris Moore (WR)
2026,ARI,OFF,11,11,7,0.364,0.584,"Elijah Higgins (TE, 475 snaps → bench/injured); Evan Brown (OL, 770 snaps → left NFL/FA); Jonah Williams (OL, 592 snaps → left NFL/FA); Kelvin Beachum (OL, 667 snaps → left NFL/FA)","Elijah Wilkinson (OL, ATL); Isaac Seumalo (OL, PIT); Jeremiyah Love (RB, rookie); Kendrick Bourne (WR, SF)",Jacoby Brissett (QB); Paris Johnson (OL); Hjalte Froholdt (OL); Elijah Wilkinson (OL); Isaac Seumalo (OL); Michael Wilson (WR); Trey McBride (TE); Marvin Harrison Jr. (WR); Isaiah Adams (OL); Kendrick Bourne (WR); Jeremiyah Love (RB)
2026,ATL,OFF,11,11,8,0.273,0.666,"Darnell Mooney (WR, 778 snaps → NYG); David Sills (WR, 565 snaps → TB); Elijah Wilkinson (OL, 1096 snaps → left NFL/FA)","Cooper Rush (QB, BAL); Jahan Dotson (WR, PHI); Jawaan Taylor (T, KC)",Matthew Bergeron (OL); Ryan Neuzil (OL); Jake Matthews (T); Chris Lindstrom (G); Jawaan Taylor (T); Drake London (WR); Jahan Dotson (WR); Bijan Robinson (RB); Charlie Woerner (TE); Kyle Pitts (TE); Cooper Rush (QB)
2026,BAL,OFF,11,11,6,0.455,0.596,"Andrew Vorhees (OL, 968 snaps → bench/injured); Daniel Faalele (G, 1011 snaps → left NFL/FA); Isaiah Likely (TE, 487 snaps → NYG); Tyler Linderbaum (C, 1007 snaps → left NFL/FA); Zay Flowers (WR, 878 snaps → bench/injured)","Chris Moore (WR, WAS); Durham Smythe (TE, CHI); John Simpson (G, NYJ); Jovaughn Gwyn (OL, ATL); Olaivavega Ioane (G, other)",John Simpson (G); Lamar Jackson (QB); Olaivavega Ioane (G); Roger Rosengarten (T); Jovaughn Gwyn (OL); Rashod Bateman (WR); Mark Andrews (TE); Ronnie Stanley (T); Derrick Henry (RB); Durham Smythe (TE); Chris Moore (WR)
2026,BUF,OFF,11,11,9,0.182,0.766,"David Edwards (G, 1035 snaps → left NFL/FA); Jackson Hawes (TE, 487 snaps → bench/injured)","Alec Anderson (C, promoted); Dalton Kincaid (TE, promoted)",Josh Allen (QB); Alec Anderson (C); Spencer Brown (T); Dion Dawkins (T); Connor McGovern (C); O'Cyrus Torrence (G); James Cook (RB); Dawson Knox (TE); Dalton Kincaid (TE); Keon Coleman (WR); Khalil Shakir (WR)
2026,CAR,OFF,11,11,5,0.545,0.517,"Austin Corbett (C, 673 snaps → left NFL/FA); Cade Mays (C, 727 snaps → left NFL/FA); Ikem Ekwonu (T, 943 snaps → left NFL/FA); Rico Dowdle (RB, 591 snaps → PIT); Taylor Moton (T, 901 snaps → left NFL/FA); Xavier Legette (WR, 642 snaps → bench/injured)","Chuba Hubbard (RB, promoted); Darren Waller (TE, MIA); Luke Fortner (C, NO); Monroe Freeling (T, other); Rasheed Walker (T, GB); Robert Hunt (G, promoted)",Rasheed Walker (T); Monroe Freeling (T); Robert Hunt (G); Bryce Young (QB); Luke Fortner (C); Damien Lewis (G); Tetairoa McMillan (WR); Chuba Hubbard (RB); Jalen Coker (WR); Tommy Tremble (TE); Darren Waller (TE)
2026,CHI,OFF,11,11,7,0.364,0.718,"Cole Kmet (TE, 768 snaps → bench/injured); D.J. Moore (WR, 979 snaps → BUF); Drew Dalman (OL, 1154 snaps → left NFL/FA); Olamide Zaccheaus (WR, 580 snaps → ATL)","Braxton Jones (OL, promoted); Garrett Bradbury (OL, NE); Kalif Raymond (WR, DET); Luther Burden (WR, promoted)",Garrett Bradbury (OL); Jonah Jackson (OL); Darnell Wright (OL); Joe Thuney (OL); Colston Loveland (TE); Rome Odunze (WR); Kalif Raymond (WR); Braxton Jones (OL); D'Andre Swift (RB); Luther Burden (WR); Caleb Williams (QB)
2026,CIN,OFF,11,11,10,0.091,0.841,"Andrei Iosivas (WR, 851 snaps → bench/injured)","Mike Gesicki (TE, promoted)",Orlando Brown Jr. (T); Joe Burrow (QB); Dylan Fairchild (G); Dalton Risner (G); Ted Karras (C); Amarius Mims (T); Ja'Marr Chase (WR); Tee Higgins (WR); Chase Brown (HB); Drew Sample (TE); Mike Gesicki (TE)
2026,CLE,OFF,11,11,3,0.727,0.316,"Cam Robinson (T, 696 snaps → left NFL/FA); Cedric Tillman (WR, 515 snaps → NO); David Njoku (TE, 514 snaps → LAC); Ethan Pocic (C, 825 snaps → left NFL/FA); Isaiah Bond (WR, 494 snaps → bench/injured); Joel Bitonio (G, 1080 snaps → left NFL/FA); KT Leveston (T, 652 snaps → left NFL/FA); Wyatt Teller (G, 764 snaps → left NFL/FA)","Austin Barber (T, other); Denzel Boston (WR, rookie); Deshaun Watson (QB, other); Elgton Jenkins (C, GB); KC Concepcion (WR, rookie); Spencer Fano (T, other); Tytus Howard (T, HOU); Zion Johnson (G, LAC)",Austin Barber (T); Elgton Jenkins (C); Spencer Fano (T); Deshaun Watson (QB); Zion Johnson (G); Tytus Howard (T); Denzel Boston (WR); Harold Fannin (TE); KC Concepcion (WR); Quinshon Judkins (RB); Jerry Jeudy (WR)
2026,DAL,OFF,11,11,10,0.091,0.782,"Tyler Smith (OL, 1109 snaps → left NFL/FA)","T.J. Bass (G, promoted)",T.J. Bass (G); Cooper Beebe (C); Tyler Booker (G); Tyler Guyton (T); Dak Prescott (QB); Terence Steele (T); George Pickens (WR); CeeDee Lamb (WR); Javonte Williams (RB); Ryan Flournoy (WR); Jake Ferguson (TE)
2026,DEN,OFF,11,11,8,0.273,0.944,"Alex Palczewski (T, 665 snaps → bench/injured); RJ Harvey (RB, 481 snaps → bench/injured); Troy Franklin (WR, 670 snaps → bench/injured)","Ben Powers (G, promoted); Evan Engram (TE, promoted); Jaylen Waddle (WR, MIA)",Garett Bolles (T); Bo Nix (QB); Mike McGlinchey (T); Ben Powers (G); Luke Wattenberg (C); Quinn Meinerz (G); Courtland Sutton (WR); Jaylen Waddle (WR); Pat Bryant (WR); Evan Engram (TE); Adam Trautman (TE)
2026,DET,OFF,11,11,8,0.273,0.654,"Christian Mahogany (OL, 699 snaps → bench/injured); Graham Glasgow (OL, 872 snaps → left NFL/FA); Taylor Decker (T, 893 snaps → left NFL/FA)","Ben Bartch (OL, SF); Blake Miller (T, other); Juice Scruggs (OL, HOU)",Jared Goff (QB); Tate Ratledge (OL); Juice Scruggs (OL); Penei Sewell (T); Sam LaPorta (TE); Jameson Williams (WR); Amon-Ra St. Brown (WR); Jahmyr Gibbs (RB); Blake Miller (T); Isaac TeSlaa (WR); Ben Bartch (OL)
2026,GB,OFF,11,11,5,0.545,0.546,"Aaron Banks (G, 747 snaps → bench/injured); Elgton Jenkins (C, 537 snaps → left NFL/FA); Josh Jacobs (RB, 554 snaps → GB); Rasheed Walker (T, 988 snaps → left NFL/FA); Romeo Doubs (WR, 780 snaps → NE); Zach Tom (OL, 605 snaps → bench/injured)","Chris Brooks (RB, promoted); Christian Watson (WR, promoted); Donovan Jennings (G, promoted); Jacob Monk (C, promoted); Jager Burton (C, other); Tucker Kraft (TE, promoted)",Sean Rhyan (C); Jordan Morgan (T); Jordan Love (QB); Jacob Monk (C); Matthew Golden (WR); Christian Watson (WR); Tucker Kraft (TE); Anthony Belton (T); Chris Brooks (RB); Jager Burton (C); Donovan Jennings (G)
2026,HOU,OFF,11,11,6,0.455,0.56,"Ed Ingram (G, 929 snaps → bench/injured); Jake Andrews (C, 1093 snaps → left NFL/FA); Jayden Higgins (WR, 671 snaps → HOU); Nico Collins (WR, 778 snaps → bench/injured); Tytus Howard (T, 1021 snaps → left NFL/FA)","David Montgomery (RB, DET); Evan Brown (C, ARI); Kayshon Boutte (WR, NE); Keylan Rutledge (C, other); Wyatt Teller (G, CLE)",Evan Brown (C); Trent Brown (T); Aireontae Ersery (T); C.J. Stroud (QB); Keylan Rutledge (C); Xavier Hutchinson (WR); Dalton Schultz (TE); Wyatt Teller (G); Kayshon Boutte (WR); David Montgomery (RB); Woody Marks (RB)
2026,IND,OFF,11,11,8,0.273,0.772,"Alec Pierce (WR, 813 snaps → bench/injured); Braden Smith (T, 766 snaps → left NFL/FA); Michael Pittman Jr. (WR, 918 snaps → PIT)","Jalen Travis (T, promoted); Keenan Allen (WR, LAC); Laquon Treadwell (WR, promoted)",Tanor Bortolini (C); Daniel Jones (QB); Matt Goncalves (G); Jalen Travis (T); Bernhard Raimann (T); Quenton Nelson (G); Tyler Warren (TE); Jonathan Taylor (RB); Josh Downs (WR); Laquon Treadwell (WR); Keenan Allen (WR)
2026,JAX,OFF,11,11,7,0.364,0.752,"Brian Thomas (WR, 741 snaps → bench/injured); Patrick Mekari (OL, 871 snaps → left NFL/FA); Travis Etienne (RB, 691 snaps → NO); Walker Little (OL, 969 snaps → bench/injured)","Bhayshul Tuten (RB, promoted); Emmanuel Pregnon (OL, other); Jakobi Meyers (WR, promoted); Nate Boerkircher (TE, rookie)",Anton Harrison (OL); Emmanuel Pregnon (OL); Robert Hainsey (OL); Trevor Lawrence (QB); Ezra Cleveland (OL); Cole Van Lanen (OL); Jakobi Meyers (WR); Brenton Strange (TE); Parker Washington (WR); Nate Boerkircher (TE); Bhayshul Tuten (RB)
2026,KC,OFF,11,11,6,0.455,0.643,"Jawaan Taylor (T, 760 snaps → left NFL/FA); JuJu Smith-Schuster (WR, 620 snaps → left NFL/FA); Kareem Hunt (RB, 529 snaps → left NFL/FA); Marquise Brown (WR, 551 snaps → PHI); Noah Gray (TE, 545 snaps → bench/injured)","Jaylon Moore (OL, promoted); Kahlil Benson (T, other); Kenneth Walker III (RB, SEA); Rashee Rice (WR, promoted); Tyquan Thornton (WR, promoted)",Kahlil Benson (T); Creed Humphrey (C); Patrick Mahomes (QB); Kingsley Suamataia (OL); Trey Smith (G); Jaylon Moore (OL); Xavier Worthy (WR); Rashee Rice (WR); Travis Kelce (TE); Kenneth Walker III (RB); Tyquan Thornton (WR)
2026,LAC,OFF,11,11,4,0.636,0.465,"Austin Deculus (T, 516 snaps → left NFL/FA); Bradley Bozeman (C, 1059 snaps → left NFL/FA); Keenan Allen (WR, 630 snaps → IND); Mekhi Becton (G, 734 snaps → left NFL/FA); Oronde Gadsden II (TE, 627 snaps → bench/injured); Trey Pipkins (G, 606 snaps → bench/injured); Zion Johnson (G, 1072 snaps → left NFL/FA)","Cole Strange (G, MIA); Jake Slaughter (OL, other); Joe Alt (T, promoted); Kayode Awosika (G, DET); Omarion Hampton (RB, promoted); Rashawn Slater (T, other); Trevor Penning (OL, promoted)",Joe Alt (T); Rashawn Slater (T); Justin Herbert (QB); Jake Slaughter (OL); Cole Strange (G); Quentin Johnston (WR); Tre Harris (WR); Ladd McConkey (WR); Omarion Hampton (RB); Trevor Penning (OL); Kayode Awosika (G)
2026,LAR,OFF,11,11,9,0.182,0.912,"Davis Allen (TE, 585 snaps → bench/injured); Puka Nacua (WR, 727 snaps → bench/injured)","Konata Mumpfield (WR, promoted); Terrance Ferguson (TE, promoted)",Steve Avila (OL); Warren McClendon (OL); Alaric Jackson (OL); Coleman Shelton (OL); Kevin Dotson (OL); Matthew Stafford (QB); Davante Adams (WR); Kyren Williams (RB); Colby Parkinson (TE); Konata Mumpfield (WR); Terrance Ferguson (TE)
2026,LV,OFF,11,11,4,0.636,0.49,"Alex Cappa (G, 538 snaps → left NFL/FA); Brock Bowers (TE, 605 snaps → bench/injured); Dylan Parham (G, 842 snaps → left NFL/FA); Geno Smith (QB, 863 snaps → NYJ); Jakobi Meyers (WR, 409 snaps → JAX); Jordan Meredith (C, 676 snaps → left NFL/FA); Stone Forsythe (OL, 704 snaps → left NFL/FA)","Ian Thomas (TE, promoted); Jackson Powers-Johnson (G, promoted); Jalen Nailor (WR, MIN); Kirk Cousins (QB, ATL); Kolton Miller (T, promoted); Spencer Burford (G, SF); Tyler Linderbaum (C, BAL)",Spencer Burford (G); Kirk Cousins (QB); Delmar Glaze (T); Tyler Linderbaum (C); Kolton Miller (T); Jackson Powers-Johnson (G); Michael Mayer (TE); Ashton Jeanty (RB); Tre Tucker (WR); Jalen Nailor (WR); Ian Thomas (TE)
2026,MIA,OFF,11,11,5,0.545,0.467,"Cole Strange (OL, 806 snaps → left NFL/FA); Jaylen Waddle (WR, 722 snaps → DEN); Julian Hill (TE, 439 snaps → NE); Larry Borom (OL, 662 snaps → left NFL/FA); Nick Westbrook-Ikhine (WR, 386 snaps → IND); Tua Tagovailoa (QB, 776 snaps → ATL)","Austin Jackson (T, promoted); Caleb Douglas (WR, rookie); Chris Bell (WR, rookie); Greg Dulcich (TE, promoted); Kadyn Proctor (G, other); Malik Willis (QB, GB)",Aaron Brewer (C); Austin Jackson (T); Patrick Paul (T); Malik Willis (QB); Kadyn Proctor (G); Jonah Savaiinaea (G); Malik Washington (WR); Greg Dulcich (TE); Chris Bell (WR); Caleb Douglas (WR); De'Von Achane (RB)
2026,MIN,OFF,11,11,8,0.273,0.682,"J.J. McCarthy (QB, 523 snaps → NYG); Jalen Nailor (WR, 653 snaps → LV); Justin Skule (T, 578 snaps → left NFL/FA)","Aaron Jones (RB, promoted); Carson Wentz (QB, promoted); Josh Oliver (TE, promoted)",Blake Brandel (C); Christian Darrisaw (T); Will Fries (G); Brian O'Neill (T); Donovan Jackson (G); Jordan Addison (WR); T.J. Hockenson (TE); Justin Jefferson (WR); Aaron Jones (RB); Carson Wentz (QB); Josh Oliver (TE)
2026,NE,OFF,11,11,8,0.273,0.694,"Garrett Bradbury (C, 1072 snaps → left NFL/FA); Kayshon Boutte (WR, 607 snaps → HOU); Stefon Diggs (WR, 587 snaps → WAS)","Alijah Vera-Tucker (G, other); DeMario Douglas (WR, promoted); Romeo Doubs (WR, GB)",Will Campbell (T); Alijah Vera-Tucker (G); Drake Maye (QB); Jared Wilson (OL); Morgan Moses (T); Hunter Henry (TE); Mack Hollins (WR); Romeo Doubs (WR); Rhamondre Stevenson (RB); DeMario Douglas (WR); Michael Onwenu (OL)
2026,NO,OFF,11,11,7,0.364,0.579,"Alvin Kamara (RB, 457 snaps → bench/injured); Dillon Radunz (OL, 699 snaps → left NFL/FA); Luke Fortner (OL, 678 snaps → left NFL/FA); Spencer Rattler (QB, 490 snaps → NO)","Bryce Lance (WR, rookie); David Edwards (G, BUF); Devaughn Vele (WR, promoted); Travis Etienne (RB, JAX)",David Edwards (G); Erik McCoy (C); Taliese Fuaga (T); Tyler Shough (QB); Cesar Ruiz (C); Devaughn Vele (WR); Chris Olave (WR); Bryce Lance (WR); Juwan Johnson (TE); Kelvin Banks (T); Travis Etienne (RB)
2026,NYG,OFF,11,11,4,0.636,0.57,"Daniel Bellinger (TE, 555 snaps → TEN); Darius Slayton (WR, 755 snaps → IND); Greg Van Roten (G, 1150 snaps → left NFL/FA); Jaxson Dart (QB, 774 snaps → bench/injured); Theo Johnson (TE, 872 snaps → bench/injured); Tyrone Tracy Jr. (RB, 548 snaps → bench/injured); Wan'Dale Robinson (WR, 973 snaps → TEN)","Cam Skattebo (RB, promoted); Darnell Mooney (WR, ATL); Francis Mauigoa (OL, other); Isaiah Likely (TE, BAL); Jameis Winston (QB, promoted); Malachi Fields (WR, rookie); Malik Nabers (WR, promoted)",Jermaine Eluemunor (OL); John Michael Schmitz (C); Francis Mauigoa (OL); Andrew Thomas (T); Jon Runyan Jr. (G); Malachi Fields (WR); Malik Nabers (WR); Isaiah Likely (TE); Cam Skattebo (RB); Jameis Winston (QB); Darnell Mooney (WR)
2026,NYJ,OFF,11,11,6,0.455,0.671,"Jeremy Ruckert (TE, 494 snaps → bench/injured); John Metchie (WR, 414 snaps → CAR); John Simpson (OL, 1016 snaps → left NFL/FA); Justin Fields (QB, 501 snaps → KC); Mason Taylor (TE, 654 snaps → bench/injured)","Adonai Mitchell (WR, IND); Dylan Parham (OL, LV); Geno Smith (QB, LV); Isaiah Williams (WR, promoted); Kenyon Sadiq (TE, rookie)",Olu Fashanu (OL); Armand Membou (T); Josh Myers (C); Joe Tippmann (C); Geno Smith (QB); Dylan Parham (OL); Garrett Wilson (WR); Isaiah Williams (WR); Breece Hall (RB); Adonai Mitchell (WR); Kenyon Sadiq (TE)
2026,PHI,OFF,11,11,6,0.455,0.694,"A.J. Brown (WR, 843 snaps → NE); Dallas Goedert (TE, 787 snaps → bench/injured); Fred Johnson (T, 626 snaps → left NFL/FA); Jahan Dotson (WR, 599 snaps → ATL); Landon Dickerson (G, 836 snaps → bench/injured)","Dontayvion Wicks (WR, GB); Drew Kendall (C, promoted); Johnny Mundt (TE, JAX); Lane Johnson (T, promoted); Makai Lemon (WR, rookie)",Lane Johnson (T); Jordan Mailata (T); Cam Jurgens (C); Tyler Steen (G); Jalen Hurts (QB); DeVonta Smith (WR); Dontayvion Wicks (WR); Drew Kendall (C); Makai Lemon (WR); Johnny Mundt (TE); Saquon Barkley (RB)
2026,PIT,OFF,11,11,7,0.364,0.661,"Broderick Jones (T, 632 snaps → left NFL/FA); Isaac Seumalo (G, 769 snaps → left NFL/FA); Jonnu Smith (TE, 536 snaps → GB); Kenneth Gainwell (RB, 517 snaps → TB)","Dylan Cook (T, promoted); Jaylen Warren (RB, promoted); Roman Wilson (WR, promoted); Spencer Anderson (OL, promoted)",Zach Frazier (C); Mason McCormick (G); Troy Fautanu (T); Aaron Rodgers (QB); D.K. Metcalf (WR); Dylan Cook (T); Spencer Anderson (OL); Pat Freiermuth (TE); Jaylen Warren (RB); Darnell Washington (TE); Roman Wilson (WR)
2026,SEA,OFF,11,11,8,0.273,0.864,"Anthony Bradford (G, 1038 snaps → bench/injured); Kenneth Walker III (RB, 498 snaps → KC); Zach Charbonnet (RB, 489 snaps → SEA)","Christian Haynes (G, promoted); Drew Lock (QB, promoted); Rashid Shaheed (WR, NO)",Charles Cross (T); Grey Zabel (G); Abraham Lucas (T); Jalen Sundell (C); AJ Barner (TE); Jaxon Smith-Njigba (WR); Drew Lock (QB); Cooper Kupp (WR); Rashid Shaheed (WR); Christian Haynes (G); Sam Darnold (QB)
2026,SF,OFF,11,11,7,0.364,0.73,"Jauan Jennings (WR, 795 snaps → MIN); Kendrick Bourne (WR, 594 snaps → ARI); Kyle Juszczyk (FB, 510 snaps → bench/injured); Mac Jones (QB, 546 snaps → bench/injured)","Connor Colby (OL, promoted); Deebo Samuel (WR, WAS); Luke Farrell (TE, promoted); Mike Evans (WR, TB)",Connor Colby (OL); Colton McKivitz (OL); Dominick Puni (OL); Brock Purdy (QB); Jake Brendel (OL); Trent Williams (T); Christian McCaffrey (RB); George Kittle (TE); Deebo Samuel (WR); Mike Evans (WR); Luke Farrell (TE)
2026,TB,OFF,11,11,7,0.364,0.679,"Dan Feeney (G, 667 snaps → left NFL/FA); Michael Jordan (G, 717 snaps → left NFL/FA); Rachaad White (RB, 574 snaps → WAS); Tez Johnson (WR, 495 snaps → bench/injured)","Bucky Irving (RB, promoted); Chris Godwin (WR, promoted); Cody Mauch (G, promoted); Ted Hurst (WR, rookie)",Graham Barton (C); Ben Bredeson (G); Luke Goedeke (T); Tristan Wirfs (T); Cody Mauch (G); Baker Mayfield (QB); Cade Otton (TE); Emeka Egbuka (WR); Chris Godwin (WR); Ted Hurst (WR); Bucky Irving (RB)
2026,TEN,OFF,11,11,6,0.455,0.62,"Chigoziem Okonkwo (TE, 666 snaps → WAS); Chimere Dike (WR, 631 snaps → bench/injured); Kevin Zeitler (G, 910 snaps → left NFL/FA); Lloyd Cushenberry III (C, 922 snaps → left NFL/FA); Van Jefferson (WR, 583 snaps → WAS)","Austin Schlottmann (C, NYG); Carnell Tate (WR, rookie); Fernando Carmona (G, other); Gunnar Helm (TE, promoted); Wan'Dale Robinson (WR, NYG)",Peter Skoronski (G); Dan Moore (T); JC Latham (T); Cam Ward (QB); Austin Schlottmann (C); Carnell Tate (WR); Gunnar Helm (TE); Wan'Dale Robinson (WR); Fernando Carmona (G); Elic Ayomanor (WR); Tony Pollard (RB)
2026,WAS,OFF,11,11,5,0.545,0.592,"Chris Moore (WR, 429 snaps → BAL); Deebo Samuel (WR, 713 snaps → SF); John Bates (TE, 479 snaps → bench/injured); Laremy Tunsil (T, 802 snaps → left NFL/FA); Tyler Biadasz (C, 954 snaps → left NFL/FA); Zach Ertz (TE, 551 snaps → PHI)","Ben Sinnott (TE, promoted); Brandon Coleman (T, promoted); Jacory Croskey-Merritt (RB, promoted); Jayden Daniels (QB, promoted); Nick Allegretti (C, promoted); Stefon Diggs (WR, NE)",Nick Allegretti (C); Josh Conerly (T); Chris Paul (G); Brandon Coleman (T); Terry McLaurin (WR); Samuel Cosmi (G); Stefon Diggs (WR); Jayden Daniels (QB); Marcus Mariota (QB); Ben Sinnott (TE); Jacory Croskey-Merritt (RB)
