season,week,team,srs,off_epa,def_epa,games_in_window,net
2024,1,BAL,0.0,0.0036,0.0036,0,0.0
2024,1,GB,0.0,0.0036,0.0036,0,0.0
2024,1,PIT,0.0,0.0036,0.0036,0,0.0
2024,1,ARI,0.0,0.0036,0.0036,0,0.0
2024,1,TEN,0.0,0.0036,0.0036,0,0.0
2024,1,NE,0.0,0.0036,0.0036,0,0.0
2024,1,HOU,0.0,0.0036,0.0036,0,0.0
2024,1,JAX,0.0,0.0036,0.0036,0,0.0
2024,1,CAR,0.0,0.0036,0.0036,0,0.0
2024,1,MIN,0.0,0.0036,0.0036,0,0.0
2024,1,LV,0.0,0.0036,0.0036,0,0.0
2024,1,DEN,0.0,0.0036,0.0036,0,0.0
2024,1,DAL,0.0,0.0036,0.0036,0,0.0
2024,1,WAS,0.0,0.0036,0.0036,0,0.0
2024,1,LAR,0.0,0.0036,0.0036,0,0.0
2024,1,NYJ,0.0,0.0036,0.0036,0,0.0
2024,1,KC,0.0,0.0036,0.0036,0,0.0
2024,1,PHI,0.0,0.0036,0.0036,0,0.0
2024,1,ATL,0.0,0.0036,0.0036,0,0.0
2024,1,BUF,0.0,0.0036,0.0036,0,0.0
2024,1,CHI,0.0,0.0036,0.0036,0,0.0
2024,1,CIN,0.0,0.0036,0.0036,0,0.0
2024,1,IND,0.0,0.0036,0.0036,0,0.0
2024,1,MIA,0.0,0.0036,0.0036,0,0.0
2024,1,NO,0.0,0.0036,0.0036,0,0.0
2024,1,NYG,0.0,0.0036,0.0036,0,0.0
2024,1,LAC,0.0,0.0036,0.0036,0,0.0
2024,1,SEA,0.0,0.0036,0.0036,0,0.0
2024,1,CLE,0.0,0.0036,0.0036,0,0.0
2024,1,TB,0.0,0.0036,0.0036,0,0.0
2024,1,DET,0.0,0.0036,0.0036,0,0.0
2024,1,SF,0.0,0.0036,0.0036,0,0.0
2024,2,BUF,0.55,0.0473,0.0156,1,0.0317
2024,2,LV,-1.3,-0.0641,-0.0148,1,-0.0493
2024,2,LAC,1.3,-0.0148,-0.0641,1,0.0493
2024,2,NO,4.42,0.0441,-0.0942,1,0.1382
2024,2,TB,1.92,0.0562,0.027,1,0.0291
2024,2,IND,-0.45,0.0133,0.031,1,-0.0178
2024,2,CLE,-2.2,-0.0515,-0.0193,1,-0.0322
2024,2,SF,1.42,0.023,-0.007,1,0.03
2024,2,SEA,0.55,-0.0131,-0.0593,1,0.0462
2024,2,NYJ,-1.42,-0.007,0.023,1,-0.03
2024,2,NYG,-2.95,-0.0685,0.034,1,-0.1026
2024,2,LAR,-0.55,0.0117,0.0241,1,-0.0124
2024,2,PIT,1.2,-0.0171,-0.0674,1,0.0503
2024,2,CIN,-0.95,-0.0329,0.0015,1,-0.0344
2024,2,CHI,0.67,-0.0469,-0.0499,1,0.003
2024,2,ATL,-1.2,-0.0674,-0.0171,1,-0.0503
2024,2,MIA,0.17,0.0077,-0.0267,1,0.0344
2024,2,BAL,-0.67,0.019,0.0446,1,-0.0256
2024,2,CAR,-4.42,-0.0942,0.0441,1,-0.1382
2024,2,DAL,2.2,-0.0193,-0.0515,1,0.0322
2024,2,DET,0.55,0.0241,0.0117,1,0.0124
2024,2,GB,-0.42,0.0394,0.0142,1,0.0252
2024,2,JAX,-0.17,-0.0267,0.0077,1,-0.0344
2024,2,MIN,2.95,0.034,-0.0685,1,0.1026
2024,2,NE,0.95,0.0015,-0.0329,1,0.0344
2024,2,TEN,-0.67,-0.0499,-0.0469,1,-0.003
2024,2,WAS,-1.92,0.027,0.0562,1,-0.0291
2024,2,ARI,-0.55,0.0156,0.0473,1,-0.0317
2024,2,DEN,-0.55,-0.0593,-0.0131,1,-0.0462
2024,2,KC,0.67,0.0446,0.019,1,0.0256
2024,2,HOU,0.45,0.031,0.0133,1,0.0178
2024,2,PHI,0.42,0.0142,0.0394,1,-0.0252
2024,3,NE,0.4,0.0107,-0.0237,2,0.0344
2024,3,NYG,-2.94,-0.0406,0.0544,2,-0.0951
2024,3,CHI,0.01,-0.0913,-0.0666,2,-0.0248
2024,3,HOU,0.89,0.0009,-0.0412,2,0.0421
2024,3,PHI,0.03,0.0317,0.0581,2,-0.0264
2024,3,LAC,3.55,0.0062,-0.1352,2,0.1414
2024,3,DEN,-1.24,-0.0899,-0.031,2,-0.0589
2024,3,GB,0.02,0.0325,-0.0041,2,0.0366
2024,3,CAR,-6.19,-0.1603,0.0553,2,-0.2155
2024,3,MIA,-2.41,-0.038,0.0162,2,-0.0542
2024,3,DET,-0.34,0.0085,-0.0069,2,0.0154
2024,3,BAL,-1.26,0.0141,0.0096,2,0.0044
2024,3,SF,1.23,0.0068,-0.0128,2,0.0196
2024,3,KC,0.34,0.023,0.0235,2,-0.0005
2024,3,JAX,-1.5,-0.0279,0.0102,2,-0.0381
2024,3,WAS,-1.82,0.0486,0.0633,2,-0.0147
2024,3,NYJ,-0.42,0.0001,0.0043,2,-0.0041
2024,3,CLE,-1.62,-0.0392,-0.0217,2,-0.0174
2024,3,IND,-0.89,-0.0049,0.0255,2,-0.0304
2024,3,MIN,3.29,0.0213,-0.0695,2,0.0908
2024,3,NO,6.92,0.1136,-0.1071,2,0.2207
2024,3,PIT,2.04,-0.0343,-0.0967,2,0.0623
2024,3,TB,2.35,0.0301,0.0109,2,0.0192
2024,3,TEN,-1.8,-0.0565,-0.0331,2,-0.0234
2024,3,LV,-0.44,-0.0809,-0.0141,2,-0.0668
2024,3,SEA,1.02,-0.0072,-0.04,2,0.0328
2024,3,ARI,3.07,0.0708,-0.0044,2,0.0752
2024,3,DAL,-0.46,-0.0447,0.034,2,-0.0787
2024,3,LAR,-3.88,-0.0341,0.0779,2,-0.112
2024,3,ATL,-0.62,-0.0309,0.0057,2,-0.0365
2024,3,BUF,3.46,0.0779,-0.0315,2,0.1094
2024,3,CIN,-0.78,-0.0198,-0.0128,2,-0.0069
2024,4,DAL,-1.29,-0.0374,0.0825,3,-0.1199
2024,4,NO,5.91,0.0684,-0.0872,3,0.1556
2024,4,CIN,-1.72,0.0358,0.0626,3,-0.0269
2024,4,LAR,-3.15,-0.0122,0.0953,3,-0.1075
2024,4,MIN,5.69,0.0338,-0.0909,3,0.1247
2024,4,JAX,-4.91,-0.0587,0.0725,3,-0.1312
2024,4,PIT,3.31,-0.0106,-0.1064,3,0.0958
2024,4,DEN,1.53,-0.065,-0.0803,3,0.0153
2024,4,PHI,1.36,0.0318,0.0209,3,0.0109
2024,4,WAS,-1.19,0.1153,0.1069,3,0.0083
2024,4,NE,-1.55,-0.0479,0.0163,3,-0.0643
2024,4,KC,0.87,0.034,0.0059,3,0.028
2024,4,CLE,-2.95,-0.0875,-0.0123,3,-0.0752
2024,4,BUF,6.18,0.1305,-0.0618,3,0.1923
2024,4,TEN,-3.25,-0.1009,-0.0118,3,-0.0891
2024,4,SEA,2.7,-0.0068,-0.0958,3,0.089
2024,4,NYG,-1.76,-0.0285,-0.0073,3,-0.0212
2024,4,ATL,-0.9,-0.0407,0.0191,3,-0.0597
2024,4,CAR,-4.29,-0.1085,0.0355,3,-0.144
2024,4,CHI,-0.85,-0.1071,-0.0875,3,-0.0196
2024,4,GB,1.79,0.0444,-0.056,3,0.1004
2024,4,HOU,-1.46,-0.0305,-0.0198,3,-0.0107
2024,4,IND,-0.57,-0.0346,-0.0069,3,-0.0277
2024,4,NYJ,1.43,0.0367,-0.0534,3,0.0902
2024,4,TB,0.16,-0.0279,0.0215,3,-0.0494
2024,4,ARI,2.24,0.0266,0.0026,3,0.024
2024,4,SF,1.06,0.0344,0.0061,3,0.0283
2024,4,LAC,2.55,-0.0182,-0.097,3,0.0789
2024,4,LV,-2.68,-0.0812,0.0167,3,-0.0979
2024,4,BAL,-0.94,0.0654,0.0091,3,0.0563
2024,4,MIA,-4.07,-0.0941,0.0132,3,-0.1073
2024,4,DET,0.74,0.0137,-0.04,3,0.0537
2024,5,TB,2.13,0.0017,0.0105,4,-0.0089
2024,5,NYJ,1.37,-0.0034,-0.0824,4,0.0789
2024,5,CAR,-5.23,-0.0945,0.052,4,-0.1465
2024,5,BAL,2.02,0.0939,-0.009,4,0.1029
2024,5,BUF,2.82,0.0973,-0.0173,4,0.1146
2024,5,IND,-0.04,-0.0161,-0.0134,4,-0.0027
2024,5,MIA,-6.41,-0.1378,-0.0038,4,-0.134
2024,5,CLE,-3.13,-0.0913,-0.0307,4,-0.0606
2024,5,LV,-2.38,-0.091,-0.0001,4,-0.0909
2024,5,ARI,-1.0,0.0125,0.0543,4,-0.0417
2024,5,GB,1.91,0.0234,-0.0448,4,0.0682
2024,5,NYG,-1.98,-0.0306,0.0196,4,-0.0502
2024,5,DAL,-0.5,-0.0068,0.0666,4,-0.0733
2024,5,NO,5.08,0.0674,-0.0738,4,0.1412
2024,5,ATL,-0.32,-0.0331,0.0242,4,-0.0573
2024,5,MIN,5.76,0.0338,-0.095,4,0.1288
2024,5,CHI,-0.44,-0.0833,-0.0718,4,-0.0115
2024,5,CIN,-0.57,0.0522,0.0553,4,-0.0031
2024,5,HOU,-1.51,-0.007,-0.019,4,0.012
2024,5,JAX,-5.4,-0.053,0.083,4,-0.1361
2024,5,NE,-2.77,-0.1015,0.031,4,-0.1324
2024,5,WAS,2.08,0.1528,0.0828,4,0.07
2024,5,DEN,1.77,-0.0925,-0.1059,4,0.0134
2024,5,SF,2.19,0.0468,-0.0542,4,0.101
2024,5,LAR,-3.43,-0.0059,0.0938,4,-0.0997
2024,5,SEA,1.13,0.0048,-0.0266,4,0.0314
2024,5,PIT,2.81,-0.0167,-0.0789,4,0.0622
2024,5,KC,2.27,0.0187,-0.0216,4,0.0403
2024,6,SF,1.64,0.037,-0.0344,5,0.0714
2024,6,JAX,-4.81,-0.0162,0.1024,5,-0.1186
2024,6,WAS,3.38,0.1452,0.0396,5,0.1056
2024,6,ARI,-0.43,0.0248,0.0436,5,-0.0187
2024,6,HOU,-0.83,-0.0127,-0.0185,5,0.0059
2024,6,TB,1.71,0.0207,0.0352,5,-0.0144
2024,6,CLE,-4.18,-0.1151,-0.0179,5,-0.0972
2024,6,IND,-0.44,0.0142,0.019,5,-0.0048
2024,6,LAC,1.3,-0.0427,-0.0959,4,0.0532
2024,6,PIT,2.19,-0.0098,-0.0575,5,0.0478
2024,6,ATL,0.2,-0.0036,0.0408,5,-0.0444
2024,6,DET,1.67,0.0692,-0.0242,4,0.0934
2024,6,CIN,-0.77,0.076,0.0814,5,-0.0054
2024,6,BUF,2.56,0.0848,-0.0218,5,0.1066
2024,6,SEA,0.03,-0.0063,-0.0222,5,0.0159
2024,6,CHI,1.22,-0.0502,-0.0927,5,0.0425
2024,6,BAL,2.22,0.1158,0.0216,5,0.0942
2024,6,GB,2.02,0.0229,-0.0506,5,0.0735
2024,6,NE,-3.8,-0.0993,0.0193,5,-0.1186
2024,6,NO,3.82,0.0488,-0.0493,5,0.0981
2024,6,PHI,-0.23,0.0196,0.0444,4,-0.0248
2024,6,TEN,-1.2,-0.1037,-0.0658,4,-0.0379
2024,6,DEN,2.39,-0.0746,-0.1162,5,0.0417
2024,6,LV,-3.53,-0.103,0.0076,5,-0.1105
2024,6,CAR,-7.12,-0.1129,0.07,5,-0.1829
2024,6,DAL,0.08,0.0066,0.0642,5,-0.0577
2024,6,NYG,-0.75,-0.0257,0.0069,5,-0.0326
2024,6,NYJ,1.32,-0.0404,-0.104,5,0.0636
2024,7,DEN,1.71,-0.0732,-0.096,6,0.0228
2024,7,NE,-5.24,-0.1199,0.029,6,-0.1489
2024,7,SEA,-0.95,-0.0043,0.014,6,-0.0184
2024,7,TEN,-1.33,-0.095,-0.069,5,-0.026
2024,7,CIN,-0.14,0.0717,0.0595,6,0.0122
2024,7,HOU,0.72,0.0001,-0.0473,6,0.0474
2024,7,MIA,-5.9,-0.1307,-0.0124,5,-0.1183
2024,7,DET,4.93,0.103,-0.0822,5,0.1852
2024,7,PHI,-0.18,0.0364,0.0372,5,-0.0007
2024,7,LV,-4.79,-0.1171,0.0165,6,-0.1336
2024,7,CAR,-8.17,-0.1114,0.091,6,-0.2024
2024,7,KC,3.49,0.033,-0.0302,5,0.0633
2024,7,NYJ,0.95,-0.0174,-0.0654,6,0.0479
2024,7,BAL,2.43,0.1211,0.0297,6,0.0914
2024,7,LAC,2.0,-0.0284,-0.0921,5,0.0636
2024,7,NO,1.45,0.0029,-0.0223,6,0.0252
2024,7,JAX,-5.53,-0.0152,0.1214,6,-0.1366
2024,7,ATL,1.22,0.0247,0.0268,6,-0.0021
2024,7,BUF,2.79,0.1045,-0.0008,6,0.1053
2024,7,CLE,-4.63,-0.1057,0.001,6,-0.1067
2024,7,GB,3.46,0.0492,-0.058,6,0.1072
2024,7,IND,0.23,0.0033,0.0145,6,-0.0112
2024,7,MIN,6.08,-0.0007,-0.1217,5,0.121
2024,7,NYG,-2.07,-0.0369,0.0095,6,-0.0464
2024,7,LAR,-2.89,-0.016,0.0855,5,-0.1015
2024,7,WAS,2.88,0.1409,0.0526,6,0.0884
2024,7,SF,2.38,0.0673,-0.0296,6,0.097
2024,7,PIT,3.21,0.0009,-0.0762,6,0.0771
2024,7,TB,4.08,0.0407,-0.0094,6,0.0501
2024,7,ARI,-1.37,0.0099,0.0678,6,-0.0579
2024,8,MIN,5.41,0.0047,-0.0965,6,0.1011
2024,8,PHI,1.34,0.0475,-0.0092,6,0.0567
2024,8,BAL,3.67,0.153,0.0382,7,0.1149
2024,8,TEN,-2.85,-0.1079,-0.0402,6,-0.0677
2024,8,IND,0.19,-0.0147,-0.0102,7,-0.0045
2024,8,GB,3.29,0.0376,-0.0687,7,0.1063
2024,8,ARI,-0.9,0.0123,0.0662,7,-0.0539
2024,8,NYJ,-0.41,-0.018,-0.0452,7,0.0272
2024,8,ATL,-0.56,0.0135,0.0347,7,-0.0212
2024,8,NO,-0.46,-0.0298,-0.0089,7,-0.0209
2024,8,BUF,4.24,0.115,-0.0211,7,0.136
2024,8,CAR,-9.91,-0.1444,0.1072,7,-0.2516
2024,8,KC,4.1,0.0319,-0.0452,6,0.0771
2024,8,CHI,2.09,-0.0159,-0.0841,6,0.0682
2024,8,DAL,-3.11,-0.0487,0.0952,6,-0.1439
2024,8,NYG,-3.67,-0.0723,0.022,7,-0.0943
2024,8,LAR,-2.77,-0.0432,0.0429,6,-0.0861
2024,8,CIN,0.08,0.0475,0.04,7,0.0075
2024,8,CLE,-4.73,-0.1101,-0.0168,7,-0.0934
2024,8,DET,5.38,0.1058,-0.0686,6,0.1745
2024,8,HOU,0.94,-0.0158,-0.0501,7,0.0343
2024,8,JAX,-4.35,0.0081,0.1171,7,-0.109
2024,8,MIA,-5.61,-0.1434,-0.0307,6,-0.1127
2024,8,NE,-6.27,-0.1023,0.0482,7,-0.1506
2024,8,TB,3.27,0.0482,0.0343,7,0.0138
2024,8,LAC,1.89,-0.0206,-0.0793,6,0.0586
2024,8,SEA,0.67,0.0063,0.0038,7,0.0025
2024,8,DEN,3.49,-0.0552,-0.1197,7,0.0645
2024,8,LV,-4.71,-0.1374,-0.0111,7,-0.1262
2024,8,WAS,4.26,0.1526,0.0047,7,0.1479
2024,8,SF,1.55,0.0448,-0.025,7,0.0698
2024,8,PIT,4.49,0.0151,-0.0714,7,0.0864
2024,9,HOU,0.99,-0.0203,-0.0537,8,0.0334
2024,9,DAL,-3.02,-0.0459,0.1094,7,-0.1553
2024,9,DEN,3.27,-0.0477,-0.1219,8,0.0742
2024,9,MIA,-5.56,-0.1128,-0.0025,7,-0.1102
2024,9,NO,-1.3,-0.0439,-0.0084,8,-0.0356
2024,9,LV,-4.56,-0.1308,0.0044,8,-0.1351
2024,9,LAC,2.91,-0.019,-0.0902,7,0.0712
2024,9,WAS,4.09,0.1461,-0.0065,8,0.1526
2024,9,NE,-5.99,-0.0907,0.0526,8,-0.1433
2024,9,CHI,2.1,-0.0262,-0.0696,7,0.0434
2024,9,JAX,-3.99,0.0125,0.1165,8,-0.104
2024,9,DET,7.3,0.0985,-0.0888,7,0.1873
2024,9,LAR,-1.43,-0.0223,0.0488,7,-0.0711
2024,9,IND,0.01,-0.0212,-0.0151,8,-0.0061
2024,9,TB,2.71,0.0515,0.0531,8,-0.0017
2024,9,NYJ,-1.06,-0.0081,-0.0383,8,0.0302
2024,9,ATL,0.05,0.034,0.0391,8,-0.0051
2024,9,BAL,2.82,0.1484,0.046,8,0.1024
2024,9,BUF,5.31,0.1316,-0.0369,8,0.1685
2024,9,CAR,-9.89,-0.1445,0.1012,8,-0.2457
2024,9,CIN,-1.27,0.0435,0.0649,8,-0.0214
2024,9,CLE,-3.91,-0.09,-0.0073,8,-0.0827
2024,9,NYG,-3.64,-0.0627,0.0271,8,-0.0898
2024,9,TEN,-4.86,-0.1245,-0.0342,7,-0.0903
2024,9,ARI,-0.7,0.0345,0.0767,8,-0.0423
2024,9,PHI,2.8,0.0739,-0.0085,7,0.0823
2024,9,GB,3.08,0.0436,-0.0579,8,0.1015
2024,9,SEA,-0.42,-0.0118,0.0296,8,-0.0414
2024,9,MIN,4.32,0.0141,-0.0707,7,0.0848
2024,9,KC,3.98,0.0449,-0.0464,7,0.0913
2024,10,CIN,-0.39,0.0469,0.038,9,0.009
2024,10,NYG,-3.59,-0.0498,0.049,9,-0.0988
2024,10,NE,-5.93,-0.0906,0.0494,9,-0.1399
2024,10,BUF,4.93,0.1342,-0.0106,9,0.1448
2024,10,MIN,4.49,0.0094,-0.092,8,0.1014
2024,10,DEN,1.35,-0.0564,-0.0805,9,0.0242
2024,10,ATL,0.06,0.0398,0.0356,9,0.0042
2024,10,SF,1.64,0.0621,-0.0244,8,0.0864
2024,10,PIT,4.3,0.0208,-0.0618,8,0.0826
2024,10,TEN,-4.9,-0.1132,-0.0388,8,-0.0744
2024,10,NYJ,-0.68,-0.0038,-0.0412,9,0.0373
2024,10,PHI,2.49,0.0693,-0.0226,8,0.0919
2024,10,DET,7.9,0.1008,-0.0827,8,0.1835
2024,10,MIA,-4.89,-0.0779,0.0115,8,-0.0895
2024,10,BAL,4.65,0.1689,0.03,9,0.1389
2024,10,CAR,-9.59,-0.134,0.1033,9,-0.2373
2024,10,CHI,0.68,-0.0431,-0.0696,8,0.0265
2024,10,IND,-0.3,-0.0446,-0.0172,9,-0.0274
2024,10,JAX,-4.0,-0.0022,0.109,9,-0.1112
2024,10,KC,4.36,0.0529,-0.0267,8,0.0796
2024,10,NO,-1.88,-0.0307,-0.0083,9,-0.0224
2024,10,TB,2.51,0.0621,0.0599,9,0.0022
2024,10,WAS,4.17,0.1589,0.0021,9,0.1568
2024,10,LAC,3.62,-0.0147,-0.1052,8,0.0905
2024,10,ARI,0.75,0.0265,0.0533,9,-0.0268
2024,10,DAL,-3.02,-0.0426,0.1094,8,-0.152
2024,10,HOU,0.28,-0.0245,-0.0459,9,0.0213
2024,10,LAR,-0.86,-0.0228,0.024,8,-0.0468
2024,11,WAS,3.94,0.1378,0.0003,10,0.1374
2024,11,GB,2.77,0.039,-0.0437,9,0.0827
2024,11,JAX,-3.72,-0.0263,0.1009,10,-0.1272
2024,11,LV,-5.27,-0.1426,0.0109,9,-0.1534
2024,11,LAR,-1.73,-0.0398,0.0129,9,-0.0527
2024,11,CLE,-4.55,-0.1039,-0.0043,9,-0.0996
2024,11,IND,-0.68,-0.0594,-0.0145,10,-0.0449
2024,11,BAL,4.25,0.1799,0.035,10,0.1449
2024,11,MIN,4.21,0.0084,-0.111,9,0.1194
2024,11,ATL,-0.16,0.0422,0.0333,10,0.0089
2024,11,SEA,-0.91,-0.03,0.0252,9,-0.0552
2024,11,KC,4.19,0.049,-0.0191,9,0.0681
2024,11,CIN,0.07,0.0507,0.0583,10,-0.0076
2024,11,HOU,0.37,-0.039,-0.0511,10,0.0121
2024,11,PHI,3.99,0.0601,-0.0754,9,0.1355
2024,11,CHI,-0.8,-0.0707,-0.0639,9,-0.0068
2024,11,DET,7.6,0.084,-0.0938,9,0.1778
2024,11,MIA,-3.8,-0.0812,-0.0081,9,-0.0731
2024,11,NE,-4.51,-0.0837,0.0171,10,-0.1009
2024,11,NO,-1.67,-0.0282,-0.0025,10,-0.0258
2024,11,NYJ,-1.76,-0.0148,-0.0115,10,-0.0033
2024,11,PIT,4.21,0.0175,-0.0675,9,0.085
2024,11,TEN,-4.89,-0.0955,-0.0202,9,-0.0753
2024,11,DEN,1.43,-0.0472,-0.0746,10,0.0274
2024,11,SF,1.9,0.0758,-0.0268,9,0.1026
2024,11,BUF,5.45,0.1261,-0.0278,10,0.1538
2024,11,LAC,3.72,0.0019,-0.0881,9,0.0901
2024,11,DAL,-4.59,-0.0938,0.0971,9,-0.1909
2024,12,PIT,4.09,-0.0017,-0.0703,10,0.0686
2024,12,KC,3.78,0.054,-0.0102,10,0.0642
2024,12,MIN,4.48,0.004,-0.1133,10,0.1173
2024,12,TEN,-4.81,-0.0989,-0.0226,10,-0.0762
2024,12,DET,9.66,0.1186,-0.1136,10,0.2322
2024,12,NE,-4.74,-0.076,0.0588,10,-0.1347
2024,12,TB,2.18,0.0537,0.0727,10,-0.0191
2024,12,DAL,-5.87,-0.1089,0.104,10,-0.2129
2024,12,DEN,3.04,0.002,-0.0884,10,0.0904
2024,12,SF,1.45,0.0777,-0.0246,10,0.1023
2024,12,ARI,2.2,0.0514,0.0383,10,0.0131
2024,12,PHI,4.01,0.0702,-0.0784,10,0.1486
2024,12,BAL,4.05,0.1665,0.0022,10,0.1643
2024,12,CLE,-5.84,-0.0943,0.0183,10,-0.1126
2024,12,CAR,-9.22,-0.1257,0.0871,10,-0.2127
2024,12,CHI,-0.75,-0.0513,-0.0403,10,-0.011
2024,12,HOU,1.6,-0.0352,-0.0766,10,0.0414
2024,12,IND,-0.45,-0.0618,-0.0318,10,-0.03
2024,12,MIA,-3.06,-0.053,-0.0019,10,-0.0511
2024,12,NYG,-4.25,-0.0551,0.0443,10,-0.0994
2024,12,WAS,3.45,0.1208,-0.0043,10,0.1251
2024,12,LV,-5.98,-0.1267,0.0325,10,-0.1593
2024,12,GB,2.89,0.0553,-0.0263,10,0.0815
2024,12,SEA,-0.29,-0.0276,0.0308,10,-0.0584
2024,12,LAR,-1.26,-0.0081,0.0193,10,-0.0274
2024,12,LAC,3.82,0.0052,-0.0745,10,0.0796
2024,13,CHI,-0.83,-0.0292,-0.0163,10,-0.0129
2024,13,NYG,-5.24,-0.0476,0.0519,10,-0.0995
2024,13,MIA,-2.28,-0.0545,-0.0054,10,-0.0492
2024,13,LV,-6.12,-0.118,0.0417,10,-0.1596
2024,13,LAC,3.36,0.012,-0.0273,10,0.0393
2024,13,PIT,3.26,0.0028,-0.0448,10,0.0476
2024,13,HOU,0.96,-0.0407,-0.0611,10,0.0203
2024,13,ARI,1.52,0.0337,0.0177,10,0.0159
2024,13,IND,-0.91,-0.0651,-0.0207,10,-0.0445
2024,13,SEA,0.1,-0.0266,0.0398,10,-0.0664
2024,13,TEN,-4.05,-0.0869,-0.0211,10,-0.0658
2024,13,TB,3.19,0.0534,0.0461,10,0.0073
2024,13,LAR,-2.0,-0.0125,0.036,10,-0.0485
2024,13,PHI,4.91,0.0904,-0.0927,10,0.1832
2024,13,SF,0.04,0.0405,-0.0122,10,0.0526
2024,13,CLE,-5.1,-0.0745,0.0236,10,-0.0981
2024,13,DET,10.34,0.122,-0.1269,10,0.249
2024,13,DAL,-4.85,-0.105,0.1213,10,-0.2263
2024,13,GB,4.26,0.0512,-0.0603,10,0.1115
2024,13,KC,3.31,0.0592,-0.0022,10,0.0614
2024,13,ATL,-1.51,0.0477,0.0674,10,-0.0197
2024,13,CIN,-0.31,0.0708,0.0621,10,0.0087
2024,13,JAX,-5.32,-0.0422,0.1398,10,-0.1821
2024,13,MIN,4.34,-0.002,-0.0835,10,0.0814
2024,13,NE,-5.65,-0.094,0.0573,10,-0.1514
2024,13,NYJ,-1.97,-0.0185,-0.0173,10,-0.0012
2024,13,WAS,2.44,0.1075,-0.0153,10,0.1228
2024,13,CAR,-8.86,-0.0772,0.0925,10,-0.1697
2024,13,NO,-0.72,-0.0207,0.0344,10,-0.0551
2024,13,BAL,4.51,0.1905,0.0145,10,0.176
2024,13,BUF,5.95,0.1177,-0.0239,10,0.1416
2024,13,DEN,3.2,0.0222,-0.0949,10,0.1171
2024,14,GB,4.47,0.0664,-0.0474,10,0.1139
2024,14,NYJ,-2.25,-0.0403,-0.0121,10,-0.0283
2024,14,ATL,-1.61,0.0199,0.0384,10,-0.0185
2024,14,NO,-1.23,-0.0577,0.0557,10,-0.1134
2024,14,CAR,-8.49,-0.042,0.0823,10,-0.1243
2024,14,CLE,-4.98,-0.0805,0.0309,10,-0.1114
2024,14,LV,-5.64,-0.1006,0.0394,10,-0.1399
2024,14,JAX,-5.17,-0.0338,0.1435,10,-0.1773
2024,14,SEA,0.26,-0.0293,0.0165,10,-0.0458
2024,14,BUF,6.78,0.1259,-0.0225,10,0.1484
2024,14,CHI,-0.25,-0.0075,-0.0003,10,-0.0072
2024,14,LAC,3.35,-0.0164,-0.0093,10,-0.0071
2024,14,CIN,-0.47,0.0675,0.0879,10,-0.0204
2024,14,DET,9.82,0.1323,-0.1205,10,0.2527
2024,14,MIA,-2.41,-0.0294,-0.0068,10,-0.0226
2024,14,MIN,4.09,-0.0037,-0.0755,10,0.0718
2024,14,NYG,-5.38,-0.071,0.0306,10,-0.1016
2024,14,PHI,5.27,0.0851,-0.1037,10,0.1888
2024,14,PIT,3.51,0.0312,-0.0275,10,0.0587
2024,14,TB,2.69,0.0583,0.0512,10,0.0072
2024,14,TEN,-4.82,-0.0877,-0.0027,10,-0.085
2024,14,ARI,1.76,0.0115,0.0318,10,-0.0203
2024,14,LAR,-1.47,0.0153,0.0072,10,0.0082
2024,14,SF,-0.88,0.0281,0.0155,10,0.0126
2024,14,KC,2.79,0.0622,0.0002,10,0.062
2024,14,DAL,-4.64,-0.1028,0.0721,10,-0.1749
2024,15,LAR,-1.0,0.0272,0.0248,10,0.0024
2024,15,DAL,-4.87,-0.1044,0.0566,10,-0.161
2024,15,KC,2.87,0.0563,0.0135,10,0.0428
2024,15,MIA,-2.18,0.0179,0.0102,10,0.0078
2024,15,NYJ,-2.4,-0.042,0.033,10,-0.0751
2024,15,WAS,3.12,0.0916,-0.0489,10,0.1405
2024,15,BAL,4.23,0.1637,0.0173,10,0.1464
2024,15,CIN,-0.27,0.0524,0.0499,10,0.0025
2024,15,NE,-5.53,-0.0523,0.0455,10,-0.0978
2024,15,IND,-1.07,-0.0435,0.0069,10,-0.0504
2024,15,BUF,6.43,0.126,0.0153,10,0.1107
2024,15,TB,2.93,0.0941,0.0346,10,0.0595
2024,15,PIT,3.58,0.0142,-0.0273,10,0.0415
2024,15,GB,4.67,0.0676,-0.0168,10,0.0844
2024,15,CHI,-1.42,-0.0041,0.044,10,-0.0481
2024,15,ATL,-2.25,0.0342,0.064,10,-0.0299
2024,15,SF,0.43,0.0429,-0.004,10,0.0469
2024,15,CAR,-8.11,-0.0551,0.0984,10,-0.1535
2024,15,CLE,-5.17,-0.0651,0.0202,10,-0.0853
2024,15,HOU,0.82,-0.0198,-0.0628,10,0.043
2024,15,JAX,-4.95,-0.0142,0.1003,10,-0.1145
2024,15,NO,-1.25,-0.0491,0.0439,10,-0.093
2024,15,NYG,-5.35,-0.0837,0.0517,10,-0.1354
2024,15,TEN,-5.18,-0.0728,-0.0088,10,-0.064
2024,15,ARI,1.1,0.0237,0.0397,10,-0.016
2024,15,DEN,3.14,0.021,-0.0724,10,0.0935
2024,15,DET,9.63,0.1335,-0.094,10,0.2275
2024,15,LAC,3.23,0.0016,-0.0175,10,0.0191
2024,15,PHI,4.81,0.093,-0.0879,10,0.1808
2024,15,SEA,1.1,-0.0179,0.0424,10,-0.0603
2024,15,MIN,4.76,0.0212,-0.0528,10,0.074
2024,15,LV,-5.84,-0.1052,0.0338,10,-0.139
2024,16,DEN,3.69,0.0189,-0.0844,10,0.1033
2024,16,HOU,0.92,-0.0535,-0.0773,10,0.0238
2024,16,PIT,3.03,-0.0014,-0.0212,10,0.0198
2024,16,NYG,-5.88,-0.0967,0.0686,10,-0.1653
2024,16,ARI,1.22,0.043,0.0132,10,0.0298
2024,16,DET,9.19,0.1192,-0.0659,10,0.1851
2024,16,CLE,-5.54,-0.094,0.0261,10,-0.12
2024,16,TEN,-5.59,-0.0723,0.0368,10,-0.1091
2024,16,LAR,-0.57,0.0176,-0.0015,10,0.0191
2024,16,PHI,5.47,0.1119,-0.1226,10,0.2345
2024,16,MIN,5.17,0.0211,-0.0589,10,0.08
2024,16,NE,-5.88,-0.0151,0.049,10,-0.0641
2024,16,JAX,-5.27,-0.0047,0.1174,10,-0.1222
2024,16,SF,0.11,0.013,0.0231,10,-0.0101
2024,16,TB,4.17,0.0952,0.0128,10,0.0823
2024,16,NO,-1.1,-0.0596,0.0476,10,-0.1072
2024,16,LAC,2.09,-0.0096,0.0048,10,-0.0144
2024,16,KC,3.25,0.057,-0.0086,10,0.0656
2024,16,BAL,4.97,0.1744,0.0107,10,0.1637
2024,16,ATL,-1.93,0.0178,0.0408,10,-0.023
2024,16,CAR,-8.73,-0.0788,0.1011,10,-0.1799
2024,16,CHI,-1.98,-0.0251,0.0436,10,-0.0686
2024,16,CIN,0.01,0.0543,0.0414,10,0.0129
2024,16,IND,-1.7,-0.0839,-0.0113,10,-0.0725
2024,16,NYJ,-2.21,0.0067,0.0619,10,-0.0552
2024,16,WAS,3.05,0.067,-0.049,10,0.116
2024,16,SEA,0.38,-0.0483,0.0145,10,-0.0629
2024,16,BUF,6.9,0.17,0.0128,10,0.1572
2024,16,LV,-5.94,-0.1128,0.0272,10,-0.14
2024,16,MIA,-2.37,0.0342,-0.0035,10,0.0377
2024,16,DAL,-4.21,-0.1047,0.0363,10,-0.141
2024,16,GB,5.3,0.0812,-0.0435,10,0.1247
2024,17,KC,3.45,0.0572,0.0052,10,0.052
2024,17,BAL,5.51,0.1664,-0.0211,10,0.1875
2024,17,SEA,0.36,-0.0388,0.0204,10,-0.0592
2024,17,LAC,2.39,-0.0,0.023,10,-0.023
2024,17,DEN,3.37,0.0278,-0.0546,10,0.0824
2024,17,ARI,0.64,0.0458,0.0338,10,0.0121
2024,17,NYJ,-2.71,0.0283,0.0894,10,-0.061
2024,17,TEN,-5.6,-0.0653,0.0592,10,-0.1244
2024,17,LV,-5.65,-0.1037,0.0072,10,-0.1109
2024,17,IND,-1.58,-0.0866,-0.0261,10,-0.0606
2024,17,DAL,-3.92,-0.1118,0.039,10,-0.1508
2024,17,CAR,-8.16,-0.0426,0.0974,10,-0.1401
2024,17,MIA,-1.75,0.0512,0.0066,10,0.0446
2024,17,GB,6.5,0.0987,-0.0615,10,0.1602
2024,17,ATL,-1.07,0.0069,-0.0022,10,0.0091
2024,17,DET,9.59,0.1156,-0.0259,10,0.1414
2024,17,PIT,2.4,-0.0174,-0.0166,10,-0.0008
2024,17,HOU,0.81,-0.0428,-0.0656,10,0.0228
2024,17,CHI,-2.24,-0.0394,0.0852,10,-0.1246
2024,17,NE,-5.37,-0.0111,0.0568,10,-0.0678
2024,17,CIN,0.54,0.0435,0.0006,10,0.0428
2024,17,LAR,-0.16,0.0323,-0.0051,10,0.0374
2024,17,BUF,6.43,0.1735,0.0151,10,0.1584
2024,17,JAX,-5.42,-0.0398,0.0939,10,-0.1337
2024,17,NO,-2.2,-0.0775,0.0559,10,-0.1334
2024,17,NYG,-6.89,-0.1283,0.0811,10,-0.2094
2024,17,PHI,5.31,0.1015,-0.1259,10,0.2274
2024,17,TB,3.8,0.0888,-0.0028,10,0.0916
2024,17,CLE,-6.12,-0.0922,0.0282,10,-0.1203
2024,17,MIN,5.14,0.0477,-0.0322,10,0.0799
2024,17,WAS,3.04,0.0562,-0.0253,10,0.0815
2024,17,SF,-0.44,0.0203,0.0261,10,-0.0058
2024,18,CLE,-6.55,-0.1168,0.0089,10,-0.1257
2024,18,CIN,1.01,0.0512,0.0227,10,0.0285
2024,18,CAR,-8.87,-0.0429,0.1099,10,-0.1528
2024,18,WAS,3.15,0.0647,-0.0327,10,0.0974
2024,18,CHI,-2.57,-0.0752,0.0735,10,-0.1487
2024,18,JAX,-5.4,-0.0283,0.0757,10,-0.104
2024,18,BUF,7.01,0.1652,-0.0133,10,0.1785
2024,18,NYG,-6.24,-0.0916,0.0818,10,-0.1734
2024,18,NO,-2.95,-0.0681,0.0475,10,-0.1156
2024,18,HOU,-0.49,-0.0807,-0.0215,10,-0.0592
2024,18,SF,-0.36,0.0205,0.0527,10,-0.0321
2024,18,KC,4.54,0.0781,0.0101,10,0.068
2024,18,SEA,0.39,-0.0519,-0.0188,10,-0.0331
2024,18,LAC,3.68,0.0172,-0.019,10,0.0362
2024,18,MIA,-1.31,0.0626,-0.0056,10,0.0682
2024,18,MIN,5.03,0.0505,-0.0437,10,0.0941
2024,18,BAL,6.86,0.1765,-0.058,10,0.2345
2024,18,PIT,1.73,-0.0323,0.0233,10,-0.0556
2024,18,ATL,-0.93,-0.0084,0.0206,10,-0.029
2024,18,DAL,-4.86,-0.0946,0.0317,10,-0.1262
2024,18,GB,6.28,0.0762,-0.046,10,0.1222
2024,18,IND,-2.54,-0.0767,0.0027,10,-0.0794
2024,18,NE,-6.66,-0.0286,0.0693,10,-0.0979
2024,18,PHI,6.33,0.1104,-0.1171,10,0.2276
2024,18,TB,4.89,0.1055,0.0192,10,0.0863
2024,18,TEN,-5.99,-0.0466,0.0544,10,-0.1011
2024,18,ARI,0.44,0.0541,0.0111,10,0.043
2024,18,DEN,3.25,0.0445,-0.0505,10,0.095
2024,18,LAR,-0.05,0.0506,0.0185,10,0.0321
2024,18,LV,-4.55,-0.079,-0.0198,10,-0.0592
2024,18,NYJ,-3.61,-0.0001,0.0811,10,-0.0812
2024,18,DET,9.34,0.1338,-0.0051,10,0.1389
2025,1,DAL,-4.11,-0.0804,0.0173,10,-0.0977
2025,1,KC,2.49,0.0128,0.0319,10,-0.0191
2025,1,TB,4.14,0.0964,-0.0203,10,0.1167
2025,1,CIN,1.11,0.0536,0.0184,10,0.0351
2025,1,MIA,-1.45,0.0339,-0.0172,10,0.0511
2025,1,CAR,-7.0,0.0177,0.0943,10,-0.0766
2025,1,LV,-4.21,-0.0515,0.0185,10,-0.07
2025,1,ARI,1.04,0.0588,0.0075,10,0.0513
2025,1,PIT,1.32,-0.0445,0.0352,10,-0.0797
2025,1,NYG,-5.11,-0.0579,0.0581,10,-0.116
2025,1,TEN,-5.26,-0.0322,0.0486,10,-0.0808
2025,1,SF,-1.19,0.0292,0.0584,10,-0.0293
2025,1,DET,8.41,0.1092,0.0116,10,0.0976
2025,1,HOU,-0.22,-0.0444,-0.0497,10,0.0053
2025,1,BAL,6.13,0.1256,-0.0693,10,0.1949
2025,1,MIN,3.71,-0.0047,-0.0244,10,0.0198
2025,1,PHI,5.23,0.0728,-0.0763,10,0.149
2025,1,LAC,3.49,-0.0005,0.0003,10,-0.0008
2025,1,ATL,-1.34,0.017,0.0359,10,-0.0189
2025,1,CLE,-6.0,-0.1154,0.0292,10,-0.1447
2025,1,IND,-2.09,-0.0515,0.0201,10,-0.0716
2025,1,JAX,-4.52,-0.0359,0.0604,10,-0.0963
2025,1,NE,-4.92,-0.0259,0.0403,10,-0.0662
2025,1,NO,-2.48,-0.0351,0.0465,10,-0.0816
2025,1,NYJ,-2.57,0.0055,0.0516,10,-0.0461
2025,1,WAS,2.75,0.0478,0.0366,10,0.0112
2025,1,DEN,4.11,0.0454,-0.019,10,0.0644
2025,1,SEA,0.5,-0.0354,-0.0078,10,-0.0276
2025,1,GB,4.82,0.0519,-0.0387,10,0.0906
2025,1,LAR,-0.36,0.048,0.0278,10,0.0202
2025,1,BUF,5.39,0.1259,0.0313,10,0.0946
2025,1,CHI,-1.81,-0.065,0.0514,10,-0.1165
2025,2,WAS,3.64,0.0705,0.0004,10,0.0701
2025,2,CLE,-5.11,-0.1235,0.012,10,-0.1355
2025,2,JAX,-3.73,-0.0233,0.0271,10,-0.0505
2025,2,NYG,-4.8,-0.0814,0.0688,10,-0.1502
2025,2,CHI,-1.84,-0.0562,0.0365,10,-0.0927
2025,2,NE,-5.89,-0.0334,0.044,10,-0.0774
2025,2,SF,-1.37,0.0244,0.0317,10,-0.0073
2025,2,BUF,5.3,0.1376,0.0603,10,0.0773
2025,2,SEA,-0.32,-0.0474,-0.0148,10,-0.0325
2025,2,LAR,-0.5,0.0192,0.0081,10,0.0111
2025,2,CAR,-6.59,0.0008,0.1033,10,-0.1025
2025,2,DEN,4.31,0.0387,-0.0817,10,0.1204
2025,2,PHI,4.8,0.0828,-0.0698,10,0.1526
2025,2,ATL,-1.2,0.0066,0.0404,10,-0.0338
2025,2,TB,3.51,0.0927,-0.0223,10,0.115
2025,2,LAC,3.55,0.0186,0.0142,10,0.0044
2025,2,GB,5.71,0.07,-0.0505,10,0.1205
2025,2,BAL,6.55,0.1393,-0.0498,10,0.1891
2025,2,CIN,1.54,0.0411,-0.0067,10,0.0478
2025,2,DAL,-4.29,-0.0735,0.0258,10,-0.0993
2025,2,DET,7.71,0.1059,0.0434,10,0.0624
2025,2,MIA,-2.71,-0.0097,-0.0007,10,-0.009
2025,2,NO,-3.82,-0.0263,0.049,10,-0.0753
2025,2,NYJ,-2.32,0.0199,0.0639,10,-0.044
2025,2,PIT,1.29,-0.0251,0.0621,10,-0.0872
2025,2,TEN,-4.9,-0.0711,0.0376,10,-0.1087
2025,2,ARI,1.15,0.0447,-0.0079,10,0.0526
2025,2,IND,-0.65,-0.0187,-0.0014,10,-0.0174
2025,2,KC,1.99,0.0167,0.0503,10,-0.0336
2025,2,MIN,3.19,-0.0213,-0.0108,10,-0.0105
2025,2,HOU,-0.47,-0.0424,-0.0447,10,0.0023
2025,2,LV,-3.73,-0.0351,0.0013,10,-0.0364
2025,3,MIA,-2.8,0.0131,0.0447,10,-0.0316
2025,3,ATL,-0.38,-0.0023,-0.0024,10,0.0001
2025,3,GB,6.17,0.0675,-0.0748,10,0.1423
2025,3,HOU,-0.32,-0.0576,-0.0136,10,-0.044
2025,3,CIN,1.2,0.034,0.018,10,0.016
2025,3,PIT,-0.2,-0.0266,0.0726,10,-0.0992
2025,3,LAR,1.08,0.0512,-0.0225,10,0.0738
2025,3,NYJ,-3.37,-0.0108,0.084,10,-0.0949
2025,3,IND,-0.54,0.014,0.0188,10,-0.0048
2025,3,LV,-4.62,-0.0543,-0.0055,10,-0.0488
2025,3,DEN,4.3,0.051,-0.0649,10,0.116
2025,3,NO,-4.98,-0.0397,0.0521,10,-0.0917
2025,3,DAL,-3.2,-0.0191,0.0482,10,-0.0672
2025,3,ARI,0.02,0.0586,0.0034,10,0.0553
2025,3,KC,1.78,0.0059,0.0437,10,-0.0377
2025,3,DET,9.17,0.1083,0.0471,10,0.0611
2025,3,BUF,5.76,0.1316,0.0445,10,0.0871
2025,3,CAR,-5.94,-0.0005,0.1041,10,-0.1046
2025,3,CLE,-6.13,-0.1282,0.0214,10,-0.1496
2025,3,JAX,-3.28,-0.004,0.0244,10,-0.0283
2025,3,MIN,2.03,-0.0592,-0.0051,10,-0.0541
2025,3,NE,-5.4,0.0046,0.0575,10,-0.0528
2025,3,PHI,5.3,0.0714,-0.0808,10,0.1523
2025,3,TB,3.21,0.1049,-0.0409,10,0.1457
2025,3,TEN,-5.17,-0.0864,0.0568,10,-0.1432
2025,3,WAS,3.56,0.0545,0.0184,10,0.0362
2025,3,LAC,3.12,0.0135,-0.0283,10,0.0418
2025,3,SEA,0.72,-0.0249,-0.0291,10,0.0042
2025,3,CHI,-2.7,-0.0472,0.0728,10,-0.12
2025,3,SF,-0.94,0.0145,0.0264,10,-0.0119
2025,3,NYG,-4.96,-0.0636,0.0614,10,-0.125
2025,3,BAL,7.51,0.1516,-0.0584,10,0.2099
2025,4,SEA,1.4,-0.0116,-0.0442,10,0.0326
2025,4,MIN,3.26,-0.0501,-0.0785,10,0.0283
2025,4,WAS,3.59,0.0619,0.0272,10,0.0348
2025,4,NO,-6.6,-0.0491,0.0589,10,-0.1079
2025,4,CLE,-5.48,-0.1388,-0.0031,10,-0.1357
2025,4,TEN,-5.73,-0.0911,0.0927,10,-0.1838
2025,4,CAR,-4.85,-0.0004,0.0767,10,-0.0771
2025,4,LAC,3.45,0.0091,-0.0488,10,0.058
2025,4,PHI,5.41,0.0597,-0.0662,10,0.1259
2025,4,IND,0.5,0.0621,0.0017,10,0.0604
2025,4,JAX,-1.74,-0.0002,0.0052,10,-0.0055
2025,4,BAL,7.15,0.1348,-0.0217,10,0.1565
2025,4,CHI,-1.54,-0.0293,0.0524,10,-0.0817
2025,4,GB,5.52,0.0513,-0.0631,10,0.1144
2025,4,NYJ,-3.52,-0.0185,0.0625,10,-0.0811
2025,4,CIN,-0.56,-0.0429,0.0109,10,-0.0538
2025,4,ARI,0.15,0.0355,0.0067,10,0.0287
2025,4,PIT,-0.48,-0.0283,0.0556,10,-0.084
2025,4,ATL,-2.1,-0.0365,-0.0034,10,-0.0331
2025,4,BUF,4.97,0.1277,0.0324,10,0.0953
2025,4,DET,9.81,0.1311,0.0592,10,0.072
2025,4,HOU,0.16,-0.0619,-0.0225,10,-0.0394
2025,4,NE,-4.84,-0.0099,0.0723,10,-0.0822
2025,4,NYG,-5.85,-0.077,0.0736,10,-0.1506
2025,4,TB,3.24,0.0886,-0.0424,10,0.131
2025,4,LAR,1.11,0.0395,-0.0172,10,0.0567
2025,4,SF,-0.91,0.0036,0.0243,10,-0.0207
2025,4,KC,2.02,0.0184,0.0152,10,0.0032
2025,4,LV,-4.52,-0.0526,0.0028,10,-0.0554
2025,4,DAL,-4.35,-0.0056,0.063,10,-0.0686
2025,4,MIA,-2.15,0.0005,0.0636,10,-0.0631
2025,4,DEN,3.48,0.0249,-0.0514,10,0.0763
2025,5,SF,-1.49,0.0192,0.0237,10,-0.0045
2025,5,MIN,2.7,-0.0412,-0.0605,10,0.0194
2025,5,HOU,1.09,-0.0506,-0.0554,10,0.0048
2025,5,MIA,-0.8,0.0116,0.0853,10,-0.0737
2025,5,LV,-4.41,-0.0567,-0.0097,10,-0.047
2025,5,NYG,-5.26,-0.0738,0.0431,10,-0.1169
2025,5,DAL,-4.13,0.0284,0.0918,10,-0.0634
2025,5,DEN,4.4,0.0413,-0.0608,10,0.102
2025,5,TEN,-7.4,-0.1123,0.1142,10,-0.2265
2025,5,TB,2.38,0.0746,-0.0474,10,0.122
2025,5,DET,9.85,0.1118,0.0263,10,0.0855
2025,5,WAS,2.04,0.0674,0.0538,10,0.0136
2025,5,NE,-2.72,0.019,0.0468,10,-0.0278
2025,5,KC,2.81,0.0416,0.0363,10,0.0053
2025,5,LAR,1.79,0.0304,-0.0478,10,0.0782
2025,5,CLE,-6.19,-0.1656,-0.0121,10,-0.1535
2025,5,BAL,5.22,0.1249,-0.0034,10,0.1283
2025,5,CAR,-5.91,-0.0125,0.0933,10,-0.1057
2025,5,IND,0.41,0.051,0.0138,10,0.0371
2025,5,NO,-6.67,-0.0716,0.0722,10,-0.1438
2025,5,NYJ,-3.45,0.001,0.0706,10,-0.0696
2025,5,PHI,6.17,0.0499,-0.0731,10,0.123
2025,5,ARI,0.82,0.0368,0.0146,10,0.0221
2025,5,SEA,1.78,-0.0031,-0.0402,10,0.0371
2025,5,CIN,-2.04,-0.0688,0.0274,10,-0.0962
2025,5,LAC,3.29,0.0092,-0.0474,10,0.0566
2025,5,BUF,5.8,0.1154,0.0099,10,0.1055
2025,5,JAX,-1.45,0.0257,-0.0304,10,0.0561
2025,6,PHI,6.07,0.035,-0.0495,10,0.0844
2025,6,DEN,4.48,0.0424,-0.0554,10,0.0978
2025,6,LAR,1.68,0.0404,-0.0215,10,0.0619
2025,6,DAL,-3.48,0.0645,0.1011,10,-0.0366
2025,6,ARI,0.4,0.0275,0.0141,10,0.0134
2025,6,SEA,2.14,0.0316,0.0077,10,0.0239
2025,6,LAC,1.68,-0.0071,-0.0254,10,0.0183
2025,6,NE,-1.92,0.0334,0.0484,10,-0.015
2025,6,CLE,-6.07,-0.158,-0.0121,10,-0.1459
2025,6,TEN,-6.6,-0.1068,0.0896,10,-0.1964
2025,6,CIN,-2.45,-0.0765,0.0316,10,-0.1081
2025,6,SF,-1.03,0.0414,0.0119,10,0.0295
2025,6,DET,9.18,0.1239,0.0088,10,0.1151
2025,6,BUF,5.21,0.1131,0.016,10,0.0971
2025,6,CHI,-1.87,-0.0418,0.03,10,-0.0718
2025,6,NYG,-6.45,-0.0842,0.0528,10,-0.1369
2025,6,NYJ,-4.38,0.0155,0.099,10,-0.0835
2025,6,BAL,3.12,0.0706,0.0407,10,0.0298
2025,6,CAR,-4.82,0.0011,0.0997,10,-0.0985
2025,6,IND,2.01,0.0795,-0.012,10,0.0915
2025,6,JAX,-1.01,0.023,-0.0173,10,0.0403
2025,6,MIA,-1.18,0.0149,0.0852,10,-0.0703
2025,6,NO,-6.07,-0.0623,0.0392,10,-0.1015
2025,6,PIT,-0.56,-0.0245,0.0576,10,-0.0821
2025,6,LV,-5.75,-0.0765,0.0159,10,-0.0923
2025,6,GB,5.31,0.0681,-0.0345,10,0.1025
2025,6,TB,2.88,0.0989,-0.0046,10,0.1036
2025,6,KC,2.16,0.0485,0.0328,10,0.0157
2025,6,ATL,-1.54,0.002,-0.0114,10,0.0134
2025,6,WAS,2.56,0.0897,0.039,10,0.0507
2025,7,PIT,0.1,-0.0076,0.0483,10,-0.0559
2025,7,LAR,2.67,0.0312,-0.046,10,0.0773
2025,7,NO,-5.35,-0.0596,0.0571,10,-0.1168
2025,7,MIA,-0.95,0.0105,0.0796,10,-0.069
2025,7,LV,-4.59,-0.0813,-0.0155,10,-0.0659
2025,7,PHI,4.52,0.028,-0.0218,10,0.0498
2025,7,CAR,-3.8,0.013,0.104,10,-0.091
2025,7,NE,-0.94,0.0361,0.0391,10,-0.0031
2025,7,NYG,-4.64,-0.0547,0.0472,10,-0.1019
2025,7,IND,2.45,0.0846,-0.0133,10,0.0979
2025,7,GB,5.13,0.0765,-0.0286,10,0.1052
2025,7,WAS,2.64,0.071,0.0479,10,0.0231
2025,7,ATL,-0.69,0.0194,-0.0066,10,0.026
2025,7,TB,2.87,0.1086,0.0065,10,0.1021
2025,7,HOU,3.15,-0.0006,-0.0707,10,0.0701
2025,7,CIN,-2.76,-0.0741,0.0481,10,-0.1222
2025,7,JAX,-0.64,0.019,-0.0049,10,0.0239
2025,7,CHI,-2.13,-0.0262,0.02,10,-0.0461
2025,7,CLE,-6.83,-0.16,0.0039,10,-0.1638
2025,7,KC,2.93,0.0533,0.0462,10,0.0071
2025,7,MIN,2.67,-0.0597,-0.0645,10,0.0048
2025,7,NYJ,-4.02,-0.0302,0.0777,10,-0.1079
2025,7,TEN,-6.42,-0.1205,0.0707,10,-0.1912
2025,7,DEN,4.66,0.0494,-0.0657,10,0.115
2025,7,LAC,2.08,0.0194,-0.0281,10,0.0475
2025,7,ARI,1.14,0.0371,0.0182,10,0.019
2025,7,DAL,-2.71,0.0777,0.1031,10,-0.0255
2025,7,SF,-1.57,0.0134,0.0427,10,-0.0293
2025,7,DET,8.16,0.1165,0.0069,10,0.1096
2025,7,SEA,3.23,0.0273,0.009,10,0.0183
2025,8,MIN,2.09,-0.0665,-0.0294,10,-0.0371
2025,8,MIA,-2.33,-0.0233,0.0857,10,-0.1089
2025,8,CHI,-2.68,-0.0103,-0.0243,10,0.014
2025,8,BUF,4.79,0.0918,0.0309,10,0.0608
2025,8,NYJ,-4.1,-0.0679,0.0649,10,-0.1328
2025,8,SF,-1.03,0.0291,0.0369,10,-0.0079
2025,8,CLE,-5.47,-0.1367,-0.0362,10,-0.1004
2025,8,NYG,-3.74,-0.0327,0.0315,10,-0.0642
2025,8,TB,2.75,0.0686,-0.0037,10,0.0723
2025,8,DAL,-1.5,0.0734,0.098,10,-0.0247
2025,8,TEN,-6.83,-0.1335,0.0803,10,-0.2138
2025,8,GB,4.49,0.0803,-0.0155,10,0.0958
2025,8,WAS,0.35,0.0474,0.0561,10,-0.0087
2025,8,LAC,0.74,0.0154,-0.0023,10,0.0177
2025,8,ATL,-1.92,0.0047,-0.0258,10,0.0305
2025,8,BAL,2.08,0.0329,0.0454,10,-0.0125
2025,8,CAR,-2.69,0.0233,0.0713,10,-0.048
2025,8,CIN,-3.01,-0.0552,0.0805,10,-0.1357
2025,8,HOU,2.07,-0.03,-0.0957,10,0.0656
2025,8,NE,0.03,0.0537,0.0071,10,0.0466
2025,8,PHI,4.44,0.0471,-0.0245,10,0.0716
2025,8,NO,-5.28,-0.0769,0.0593,10,-0.1362
2025,8,DEN,3.64,0.0453,-0.0643,10,0.1096
2025,8,IND,2.86,0.1371,0.0087,10,0.1285
2025,8,PIT,-0.48,0.0355,0.0637,10,-0.0282
2025,8,KC,3.69,0.0902,-0.0268,10,0.117
2025,9,BAL,2.08,0.0341,0.0653,10,-0.0312
2025,9,CHI,-3.36,0.0018,-0.0083,10,0.0101
2025,9,MIN,0.72,-0.102,-0.0144,10,-0.0876
2025,9,CAR,-3.68,-0.0148,0.0877,10,-0.1025
2025,9,DEN,4.25,0.0638,-0.0645,10,0.1283
2025,9,ATL,-2.83,-0.0122,-0.0014,10,-0.0108
2025,9,SF,-1.4,0.0224,0.0461,10,-0.0237
2025,9,IND,3.69,0.1519,-0.0015,10,0.1535
2025,9,LAC,1.84,0.0171,-0.0093,10,0.0264
2025,9,NO,-5.67,-0.0945,0.0343,10,-0.1288
2025,9,JAX,-2.56,0.0003,-0.0139,10,0.0142
2025,9,KC,4.46,0.1046,-0.0444,10,0.149
2025,9,SEA,2.8,0.0229,-0.0187,10,0.0416
2025,9,ARI,0.96,0.0233,0.0247,10,-0.0014
2025,9,MIA,-1.07,-0.0193,0.0545,10,-0.0738
2025,9,CIN,-2.95,-0.0387,0.1167,10,-0.1554
2025,9,DET,7.78,0.0883,-0.0268,10,0.115
2025,9,GB,4.64,0.0911,-0.0109,10,0.102
2025,9,HOU,2.36,0.0087,-0.1104,10,0.1191
2025,9,NE,0.78,0.0588,-0.0211,10,0.0799
2025,9,NYG,-4.06,-0.0053,0.0615,10,-0.0668
2025,9,PIT,-1.47,0.0306,0.0791,10,-0.0486
2025,9,TEN,-7.55,-0.1394,0.0968,10,-0.2362
2025,9,LAR,3.75,0.0412,-0.0567,10,0.0978
2025,9,LV,-5.97,-0.1186,0.0124,10,-0.131
2025,9,BUF,5.91,0.1189,0.0015,10,0.1175
2025,9,WAS,-0.56,0.0271,0.0686,10,-0.0415
2025,9,DAL,-2.14,0.0748,0.119,10,-0.0442
2025,10,LV,-6.11,-0.1012,0.0336,10,-0.1348
2025,10,ATL,-3.12,-0.0102,0.0191,10,-0.0293
2025,10,NO,-6.31,-0.1029,0.0483,10,-0.1512
2025,10,NYG,-4.4,-0.0093,0.082,10,-0.0913
2025,10,JAX,-2.58,0.0218,0.0003,10,0.0215
2025,10,BUF,5.41,0.118,0.0098,10,0.1081
2025,10,BAL,3.43,0.042,0.0688,10,-0.0268
2025,10,CLE,-6.44,-0.1462,-0.0348,10,-0.1114
2025,10,NE,0.74,0.0824,-0.0282,10,0.1106
2025,10,ARI,1.64,0.0238,0.0043,10,0.0194
2025,10,LAR,4.27,0.059,-0.0902,10,0.1491
2025,10,DET,6.99,0.0675,-0.0432,10,0.1108
2025,10,PIT,-1.0,0.0261,0.0531,10,-0.027
2025,10,PHI,4.88,0.0765,-0.0139,10,0.0904
2025,10,DEN,5.24,0.0372,-0.0538,10,0.091
2025,10,IND,3.47,0.1365,-0.0264,10,0.163
2025,10,CAR,-3.05,-0.0028,0.0682,10,-0.071
2025,10,CHI,-2.64,0.0354,-0.0052,10,0.0407
2025,10,HOU,2.37,-0.0057,-0.1055,10,0.0998
2025,10,MIA,-2.52,-0.0291,0.0846,10,-0.1137
2025,10,MIN,1.08,-0.1047,-0.0131,10,-0.0916
2025,10,NYJ,-3.81,-0.0385,0.0781,10,-0.1166
2025,10,TB,3.74,0.0346,-0.0347,10,0.0693
2025,10,SEA,4.63,0.0544,-0.0239,10,0.0784
2025,10,SF,-1.14,0.0308,0.0403,10,-0.0094
2025,10,WAS,-1.72,0.0122,0.0962,10,-0.084
2025,10,LAC,1.75,0.0101,-0.0175,10,0.0276
2025,10,GB,4.04,0.0929,-0.0076,10,0.1006
2025,11,NYJ,-4.15,-0.0498,0.0624,10,-0.1122
2025,11,WAS,-2.31,0.028,0.1114,10,-0.0834
2025,11,CAR,-3.96,-0.0504,0.0653,10,-0.1157
2025,11,TB,3.4,0.027,-0.0207,10,0.0477
2025,11,LAC,2.25,0.0261,-0.0394,10,0.0654
2025,11,CHI,-2.14,0.0455,0.0028,10,0.0427
2025,11,GB,4.02,0.0822,-0.0056,10,0.0878
2025,11,CIN,-3.6,-0.0268,0.139,10,-0.1658
2025,11,HOU,2.8,0.0046,-0.0969,10,0.1015
2025,11,SF,-1.67,0.0386,0.0578,10,-0.0192
2025,11,SEA,5.5,0.0658,-0.0295,10,0.0953
2025,11,BAL,2.92,0.0272,0.0498,10,-0.0226
2025,11,KC,4.16,0.0923,-0.033,10,0.1253
2025,11,DET,7.65,0.101,-0.0143,10,0.1153
2025,11,DAL,-2.18,0.0779,0.1119,10,-0.034
2025,11,NE,0.74,0.0913,-0.0213,10,0.1127
2025,11,MIA,-1.83,-0.0005,0.0744,10,-0.0748
2025,11,ATL,-3.34,-0.0177,0.0199,10,-0.0376
2025,11,BUF,4.46,0.1056,0.0263,10,0.0793
2025,11,JAX,-2.57,-0.0029,0.0041,10,-0.007
2025,11,MIN,0.65,-0.0985,-0.0137,10,-0.0848
2025,11,NYG,-4.54,-0.0036,0.0833,10,-0.0869
2025,11,PIT,-1.6,0.0053,0.0467,10,-0.0414
2025,11,TEN,-7.43,-0.15,0.0934,10,-0.2434
2025,11,ARI,0.4,0.008,0.011,10,-0.003
2025,11,LAR,5.27,0.0857,-0.061,10,0.1467
2025,11,CLE,-6.33,-0.1319,-0.0511,10,-0.0808
2025,11,DEN,4.87,0.0235,-0.0942,10,0.1177
2025,11,PHI,4.26,0.0509,-0.0223,10,0.0732
2025,11,LV,-5.18,-0.1314,0.0264,10,-0.1578
2025,12,BUF,4.67,0.1133,0.0179,10,0.0954
2025,12,NYJ,-3.81,-0.057,0.078,10,-0.135
2025,12,PIT,-0.98,0.0144,0.0157,10,-0.0012
2025,12,NE,1.13,0.108,-0.0356,10,0.1436
2025,12,NYG,-3.88,0.0245,0.095,10,-0.0705
2025,12,MIN,0.05,-0.0928,-0.0184,10,-0.0743
2025,12,IND,3.59,0.1429,-0.0318,10,0.1747
2025,12,SEA,5.55,0.0394,-0.0421,10,0.0815
2025,12,JAX,-0.91,0.0016,-0.0331,10,0.0346
2025,12,CLE,-5.83,-0.1379,-0.0627,10,-0.0752
2025,12,PHI,4.83,0.0323,-0.0368,10,0.0691
2025,12,ATL,-3.46,-0.0207,0.0108,10,-0.0314
2025,12,TB,3.34,0.0255,-0.0076,10,0.033
2025,12,CAR,-3.7,-0.023,0.0635,10,-0.0864
2025,12,HOU,2.89,-0.0048,-0.1044,10,0.0997
2025,12,BAL,3.12,0.0141,0.0158,10,-0.0017
2025,12,CHI,-2.08,0.0481,-0.0065,10,0.0546
2025,12,CIN,-4.62,-0.0417,0.1567,10,-0.1985
2025,12,DET,6.23,0.0662,-0.0426,10,0.1088
2025,12,GB,4.12,0.108,0.0035,10,0.1045
2025,12,KC,4.28,0.1064,-0.0305,10,0.1369
2025,12,TEN,-7.13,-0.1463,0.0833,10,-0.2296
2025,12,ARI,-0.96,0.0015,0.0239,10,-0.0225
2025,12,LV,-5.57,-0.1388,0.0229,10,-0.1617
2025,12,DAL,-0.81,0.0871,0.0894,10,-0.0023
2025,12,NO,-5.63,-0.0885,0.0074,10,-0.0959
2025,12,LAR,5.56,0.0737,-0.0771,10,0.1507
2025,12,SF,-0.03,0.0442,0.0812,10,-0.0369
2025,13,GB,3.81,0.0955,-0.0228,10,0.1182
2025,13,KC,4.35,0.092,-0.0537,10,0.1456
2025,13,CIN,-4.69,-0.0478,0.1607,10,-0.2084
2025,13,CHI,-2.13,0.0542,0.0062,10,0.048
2025,13,LAR,7.17,0.0833,-0.0983,10,0.1816
2025,13,SF,0.9,0.0407,0.0724,10,-0.0317
2025,13,HOU,2.64,0.0001,-0.1134,10,0.1135
2025,13,NO,-6.79,-0.1052,-0.0038,10,-0.1014
2025,13,ATL,-2.33,-0.0326,-0.017,10,-0.0156
2025,13,ARI,-1.02,-0.0122,0.0135,10,-0.0257
2025,13,JAX,0.4,-0.0228,-0.0252,10,0.0025
2025,13,MIN,-0.59,-0.1108,-0.0116,10,-0.0992
2025,13,LV,-6.19,-0.1742,0.012,10,-0.1862
2025,13,BUF,4.26,0.0848,-0.0143,10,0.099
2025,13,DEN,4.12,0.0364,-0.0616,10,0.098
2025,13,NYG,-3.77,0.017,0.096,10,-0.0791
2025,13,DET,5.36,0.0813,-0.0485,10,0.1298
2025,13,DAL,-0.97,0.083,0.0824,10,0.0006
2025,13,BAL,3.46,-0.0169,-0.0131,10,-0.0039
2025,13,PHI,3.83,0.0252,-0.0409,10,0.0661
2025,13,CAR,-3.96,-0.036,0.0543,10,-0.0903
2025,13,CLE,-5.36,-0.1498,-0.0821,10,-0.0677
2025,13,IND,3.82,0.1237,-0.0124,10,0.1361
2025,13,MIA,-2.18,0.0165,0.0605,10,-0.044
2025,13,NYJ,-4.16,-0.0843,0.0623,10,-0.1466
2025,13,TB,1.64,-0.0134,-0.0047,10,-0.0087
2025,13,TEN,-7.24,-0.1174,0.1146,10,-0.232
2025,13,SEA,5.28,0.0791,-0.0506,10,0.1296
2025,13,LAC,0.95,-0.0333,-0.049,10,0.0157
2025,13,PIT,-0.89,0.0023,0.0015,10,0.0008
2025,13,WAS,-2.4,0.0198,0.1272,10,-0.1074
2025,13,NE,1.66,0.0837,-0.0616,10,0.1452
2025,14,DAL,-0.74,0.09,0.0844,10,0.0056
2025,14,SEA,6.3,0.0611,-0.0881,10,0.1492
2025,14,PIT,-1.63,-0.0153,0.0033,10,-0.0187
2025,14,CIN,-3.46,-0.0474,0.1297,10,-0.1772
2025,14,TEN,-7.21,-0.1388,0.091,10,-0.2298
2025,14,IND,4.02,0.1047,-0.0253,10,0.13
2025,14,WAS,-1.97,0.0366,0.1288,10,-0.0922
2025,14,MIA,-2.13,-0.0053,0.0242,10,-0.0295
2025,14,NO,-6.72,-0.1114,-0.0169,10,-0.0945
2025,14,DEN,3.97,0.0358,-0.0671,10,0.1029
2025,14,LAR,6.85,0.0687,-0.0725,10,0.1412
2025,14,CHI,-1.73,0.0691,-0.0256,10,0.0947
2025,14,HOU,3.49,0.0056,-0.1313,10,0.1369
2025,14,PHI,2.79,0.0229,-0.0282,10,0.0511
2025,14,DET,4.94,0.0548,-0.016,10,0.0708
2025,14,ATL,-2.34,-0.0181,0.0158,10,-0.0339
2025,14,BAL,1.86,-0.0502,0.0055,10,-0.0557
2025,14,BUF,4.42,0.0778,-0.0235,10,0.1013
2025,14,CLE,-6.26,-0.145,-0.0904,10,-0.0546
2025,14,JAX,1.43,-0.0285,-0.055,10,0.0266
2025,14,MIN,-1.47,-0.1288,-0.0222,10,-0.1066
2025,14,NYJ,-4.08,-0.0625,0.0606,10,-0.1232
2025,14,TB,1.69,-0.0186,-0.0019,10,-0.0167
2025,14,LV,-6.74,-0.1699,0.0233,10,-0.1933
2025,14,ARI,-0.71,-0.0231,0.0192,10,-0.0423
2025,14,GB,4.05,0.1046,-0.0084,10,0.113
2025,14,KC,4.21,0.1195,-0.0368,10,0.1563
2025,14,LAC,1.19,-0.022,-0.0447,10,0.0227
2025,15,ATL,-2.92,-0.0193,0.0273,10,-0.0466
2025,15,CLE,-6.22,-0.1382,-0.0914,10,-0.0468
2025,15,BAL,1.7,-0.0541,-0.0033,10,-0.0508
2025,15,ARI,-1.38,-0.0268,0.0545,10,-0.0812
2025,15,NYJ,-5.07,-0.0817,0.0741,10,-0.1558
2025,15,LAC,1.23,-0.0387,-0.0602,10,0.0215
2025,15,BUF,4.11,0.0762,-0.0188,10,0.095
2025,15,WAS,-3.7,-0.0143,0.1477,10,-0.162
2025,15,LV,-6.56,-0.177,0.0144,10,-0.1914
2025,15,GB,4.1,0.1274,0.0101,10,0.1172
2025,15,DET,5.18,0.0506,-0.0219,10,0.0725
2025,15,CAR,-3.41,-0.0184,0.0885,10,-0.1069
2025,15,IND,3.3,0.0631,-0.0065,10,0.0696
2025,15,TEN,-6.96,-0.1331,0.0588,10,-0.1919
2025,15,MIN,-0.57,-0.1154,0.0032,10,-0.1185
2025,15,MIA,-1.35,0.0056,-0.028,10,0.0336
2025,15,TB,0.94,-0.0326,0.0126,10,-0.0452
2025,15,CHI,-1.05,0.0552,-0.0057,10,0.0609
2025,15,CIN,-3.48,0.0173,0.1393,10,-0.122
2025,15,HOU,4.09,0.015,-0.1406,10,0.1555
2025,15,JAX,2.4,-0.0103,-0.0537,10,0.0434
2025,15,KC,3.66,0.0878,-0.0244,10,0.1121
2025,15,NE,2.11,0.107,-0.0656,10,0.1725
2025,15,NYG,-4.28,0.0271,0.0973,10,-0.0702
2025,15,PHI,2.68,0.0029,-0.0452,10,0.0481
2025,15,DEN,3.77,0.0502,-0.0682,10,0.1184
2025,15,LAR,7.96,0.1025,-0.0781,10,0.1806
2025,15,NO,-6.32,-0.1016,-0.0397,10,-0.0619
2025,15,SEA,7.18,0.0618,-0.105,10,0.1669
2025,15,SF,1.19,0.0453,0.0592,10,-0.0139
2025,15,DAL,-0.97,0.0919,0.0866,10,0.0052
2025,15,PIT,-1.36,0.0076,0.0155,10,-0.0079
2025,16,LAR,8.15,0.1108,-0.0603,10,0.1711
2025,16,PHI,3.3,0.0258,-0.064,10,0.0898
2025,16,GB,3.21,0.1046,-0.0037,10,0.1083
2025,16,TB,-0.06,-0.0182,0.0334,10,-0.0516
2025,16,BUF,3.86,0.0808,0.0053,10,0.0755
2025,16,LAC,2.31,-0.03,-0.0574,10,0.0274
2025,16,CIN,-4.61,0.0135,0.1381,10,-0.1246
2025,16,NYJ,-6.54,-0.1042,0.0883,10,-0.1925
2025,16,MIN,-0.48,-0.1024,-0.0031,10,-0.0993
2025,16,KC,3.42,0.0638,-0.0231,10,0.0869
2025,16,ATL,-2.81,-0.0229,0.0219,10,-0.0448
2025,16,JAX,3.73,0.0075,-0.0599,10,0.0675
2025,16,PIT,-0.74,0.0093,0.0095,10,-0.0001
2025,16,LV,-7.1,-0.1923,0.0406,10,-0.2329
2025,16,NE,2.15,0.0964,-0.0452,10,0.1416
2025,16,SF,1.32,0.068,0.0702,10,-0.0023
2025,16,SEA,7.75,0.0549,-0.1062,10,0.1611
2025,16,WAS,-3.27,-0.0235,0.13,10,-0.1535
2025,16,CHI,0.27,0.0676,-0.025,10,0.0925
2025,16,CAR,-3.37,-0.0088,0.0681,10,-0.0769
2025,16,CLE,-7.13,-0.1456,-0.0785,10,-0.0671
2025,16,DAL,-1.85,0.0742,0.0784,10,-0.0042
2025,16,MIA,-1.95,-0.0065,-0.0234,10,0.0169
2025,16,NO,-6.24,-0.0873,-0.0458,10,-0.0414
2025,16,NYG,-4.08,0.0389,0.1094,10,-0.0705
2025,16,TEN,-6.64,-0.0923,0.0658,10,-0.1581
2025,16,ARI,-2.28,-0.0201,0.0683,10,-0.0884
2025,16,DEN,3.56,0.046,-0.0483,10,0.0943
2025,16,DET,5.22,0.0709,0.0181,10,0.0527
2025,16,HOU,4.79,0.022,-0.1155,10,0.1374
2025,16,BAL,2.03,-0.0348,-0.0418,10,0.007
2025,16,IND,4.07,0.0627,-0.0153,10,0.078
2025,17,DAL,-2.74,0.051,0.1095,10,-0.0585
2025,17,DET,4.24,0.0619,0.0418,10,0.0201
2025,17,DEN,2.95,0.0385,-0.0423,10,0.0808
2025,17,HOU,4.65,-0.0173,-0.0945,10,0.0772
2025,17,BAL,1.38,-0.0033,-0.0538,10,0.0505
2025,17,SEA,8.34,0.0282,-0.1171,10,0.1454
2025,17,ARI,-2.22,-0.0151,0.0749,10,-0.09
2025,17,PIT,0.01,0.0152,0.03,10,-0.0148
2025,17,JAX,4.86,0.0118,-0.0758,10,0.0876
2025,17,TB,-0.01,-0.0389,0.0116,10,-0.0505
2025,17,NE,2.44,0.1079,-0.0404,10,0.1484
2025,17,NO,-4.62,-0.0911,-0.0505,10,-0.0406
2025,17,NYG,-3.55,0.0326,0.1019,10,-0.0693
2025,17,PHI,3.59,0.0462,-0.0781,10,0.1243
2025,17,CHI,0.91,0.0629,-0.0161,10,0.079
2025,17,LAR,8.55,0.1229,-0.067,10,0.1899
2025,17,WAS,-3.98,-0.0507,0.1607,10,-0.2114
2025,17,MIN,-0.8,-0.109,-0.0293,10,-0.0797
2025,17,KC,2.01,0.0279,-0.022,10,0.0499
2025,17,LAC,2.63,0.0119,-0.0732,10,0.0851
2025,17,GB,2.26,0.0941,-0.0031,10,0.0972
2025,17,CAR,-3.26,-0.013,0.0689,10,-0.0819
2025,17,CIN,-3.85,0.0487,0.1178,10,-0.0691
2025,17,CLE,-6.6,-0.1516,-0.0768,10,-0.0748
2025,17,IND,3.23,0.0403,0.0287,10,0.0116
2025,17,MIA,-3.66,-0.0174,-0.0082,10,-0.0092
2025,17,NYJ,-7.68,-0.1305,0.0621,10,-0.1927
2025,17,TEN,-5.53,-0.0862,0.0488,10,-0.135
2025,17,LV,-6.94,-0.1801,0.0095,10,-0.1896
2025,17,BUF,3.44,0.0824,-0.0059,10,0.0883
2025,17,SF,3.04,0.0878,0.0623,10,0.0256
2025,17,ATL,-3.1,-0.0239,0.03,10,-0.0539
2025,18,CAR,-2.62,-0.0608,0.0523,10,-0.1131
2025,18,SEA,8.71,0.0207,-0.1521,10,0.1728
2025,18,NO,-3.72,-0.0707,-0.0747,10,0.004
2025,18,CLE,-5.66,-0.1551,-0.1007,10,-0.0544
2025,18,IND,3.31,0.015,0.0227,10,-0.0077
2025,18,TEN,-5.95,-0.0772,0.0792,10,-0.1563
2025,18,GB,1.49,0.0936,0.0268,10,0.0667
2025,18,DAL,-2.08,0.0533,0.1121,10,-0.0588
2025,18,NYJ,-7.99,-0.1146,0.1031,10,-0.2177
2025,18,DET,3.31,0.0208,0.0029,10,0.0179
2025,18,LAC,1.36,-0.0109,-0.0905,10,0.0796
2025,18,ARI,-3.29,-0.0248,0.0886,10,-0.1133
2025,18,KC,1.02,-0.0054,-0.0231,10,0.0177
2025,18,MIA,-3.74,-0.0162,-0.0131,10,-0.0031
2025,18,WAS,-4.53,-0.0321,0.1641,10,-0.1962
2025,18,BAL,1.52,0.0466,-0.0436,10,0.0902
2025,18,TB,-0.81,-0.0574,0.0254,10,-0.0828
2025,18,SF,3.25,0.1143,0.0671,10,0.0471
2025,18,ATL,-2.31,-0.0075,0.0202,10,-0.0277
2025,18,CIN,-3.08,0.0664,0.0997,10,-0.0334
2025,18,HOU,5.47,-0.006,-0.0921,10,0.0862
2025,18,JAX,5.18,0.0138,-0.0942,10,0.1079
2025,18,MIN,-0.24,-0.1225,-0.0827,10,-0.0398
2025,18,NYG,-3.2,0.0317,0.0935,10,-0.0618
2025,18,BUF,3.3,0.0822,-0.0193,10,0.1015
2025,18,CHI,0.8,0.0821,0.0255,10,0.0566
2025,18,DEN,3.29,0.0515,-0.0265,10,0.078
2025,18,LAR,8.24,0.1178,-0.035,10,0.1528
2025,18,LV,-8.43,-0.1826,0.0485,10,-0.2312
2025,18,NE,4.43,0.1315,-0.0517,10,0.1832
2025,18,PHI,2.82,0.0446,-0.1047,10,0.1493
2025,18,PIT,0.13,-0.0255,-0.0103,10,-0.0152
2026,1,NE,4.63,0.0462,-0.0886,10,0.1348
2026,1,SF,3.02,0.0345,0.0539,10,-0.0194
2026,1,CHI,0.65,0.0423,0.019,10,0.0234
2026,1,TB,-0.88,-0.0221,0.0279,10,-0.05
2026,1,NO,-3.04,-0.0478,-0.0827,10,0.0349
2026,1,BUF,3.55,0.0805,-0.0274,10,0.1079
2026,1,BAL,0.95,0.0352,-0.034,10,0.0691
2026,1,CLE,-4.17,-0.1325,-0.0573,10,-0.0752
2026,1,ATL,-1.79,-0.0001,0.0021,10,-0.0022
2026,1,NYJ,-7.53,-0.0957,0.1121,10,-0.2078
2026,1,ARI,-3.8,-0.0149,0.0821,10,-0.097
2026,1,MIA,-3.39,-0.0002,0.0159,10,-0.0161
2026,1,GB,0.93,0.0502,0.0306,10,0.0196
2026,1,WAS,-3.45,-0.0146,0.1264,10,-0.141
2026,1,DAL,-2.1,0.0317,0.1161,10,-0.0844
2026,1,DEN,2.58,-0.0056,-0.0515,10,0.046
2026,1,SEA,7.43,0.0393,-0.1326,10,0.1719
2026,1,LAR,7.05,0.1046,0.0119,10,0.0927
2026,1,CAR,-2.37,-0.0319,0.0464,10,-0.0783
2026,1,CIN,-2.94,0.0298,0.0549,10,-0.0252
2026,1,DET,2.59,0.0339,0.027,10,0.0069
2026,1,HOU,4.65,-0.0342,-0.1086,10,0.0744
2026,1,IND,2.46,-0.0173,0.0133,10,-0.0306
2026,1,JAX,5.08,0.0271,-0.1004,10,0.1275
2026,1,PIT,0.32,-0.0338,-0.0068,10,-0.0269
2026,1,TEN,-6.02,-0.0681,0.0642,10,-0.1322
2026,1,LAC,0.69,-0.0661,-0.0881,10,0.022
2026,1,LV,-6.74,-0.1421,-0.0002,10,-0.1419
2026,1,MIN,0.58,-0.0794,-0.1008,10,0.0214
2026,1,PHI,1.95,-0.0149,-0.0827,10,0.0678
2026,1,NYG,-2.09,0.0279,0.0663,10,-0.0384
2026,1,KC,1.22,-0.0456,-0.0081,10,-0.0374
2026,2,DET,2.91,0.0331,0.0243,10,0.0088
2026,2,CAR,-3.22,-0.0187,0.0816,10,-0.1002
2026,2,NO,-2.28,-0.0217,-0.0709,10,0.0493
2026,2,MIN,1.29,-0.077,-0.1134,10,0.0363
2026,2,CIN,-2.43,0.0132,0.0153,10,-0.0021
2026,2,PIT,0.74,-0.0398,-0.0327,10,-0.0072
2026,2,GB,-0.31,0.0414,0.032,10,0.0094
2026,2,CLE,-4.65,-0.125,-0.0268,10,-0.0981
2026,2,PHI,1.68,-0.003,-0.0638,10,0.0608
2026,2,JAX,5.33,0.0722,-0.1185,10,0.1907
2026,2,LV,-6.71,-0.1484,-0.032,10,-0.1165
2026,2,SEA,7.61,0.0273,-0.1378,10,0.1651
2026,2,WAS,-3.71,0.0022,0.1139,10,-0.1117
2026,2,MIA,-3.55,-0.0311,0.0312,10,-0.0623
2026,2,IND,0.49,-0.0619,0.0487,10,-0.1106
2026,2,NYG,-1.16,0.0571,0.0587,10,-0.0016
2026,2,BUF,4.22,0.0854,-0.0229,10,0.1082
2026,2,ATL,-1.83,-0.035,-0.0279,10,-0.0071
2026,2,BAL,2.1,0.0525,-0.0443,10,0.0968
2026,2,CHI,2.09,0.0828,0.0468,10,0.036
2026,2,HOU,4.11,-0.0224,-0.0755,10,0.0531
2026,2,NE,5.57,0.0337,-0.0677,10,0.1014
2026,2,NYJ,-6.7,-0.0955,0.0811,10,-0.1767
2026,2,TB,-1.31,-0.0305,0.0539,10,-0.0845
2026,2,TEN,-7.14,-0.0718,0.0559,10,-0.1277
2026,2,DEN,1.4,-0.0239,-0.0112,10,-0.0126
2026,2,LAC,-0.68,-0.0919,-0.0606,10,-0.0312
2026,2,ARI,-3.36,-0.007,0.0619,10,-0.0689
2026,2,DAL,-2.44,0.0484,0.126,10,-0.0775
2026,2,SF,3.97,0.043,0.0027,10,0.0403
2026,2,KC,2.41,-0.0425,-0.0304,10,-0.012
2026,2,LAR,5.56,0.0696,0.0534,10,0.0162
2026,3,ATL,-4.3,-0.0738,-0.0221,10,-0.0518
2026,3,LAC,-2.04,-0.108,-0.0464,10,-0.0617
2026,3,CAR,-1.27,0.0185,0.0257,10,-0.0072
2026,3,NYJ,-6.16,-0.0855,0.0621,10,-0.1476
2026,3,HOU,3.12,-0.0409,-0.0721,10,0.0311
2026,3,NE,6.24,0.0166,-0.0922,10,0.1088
2026,3,KC,2.51,-0.0216,-0.0278,10,0.0062
2026,3,TEN,-6.84,-0.0524,0.0527,10,-0.1051
2026,3,CIN,-1.64,-0.0086,-0.0333,10,0.0247
2026,3,SEA,8.1,0.0486,-0.1237,10,0.1723
2026,3,ARI,-4.36,-0.0251,0.0679,10,-0.093
2026,3,MIN,2.43,-0.0725,-0.1205,10,0.0481
2026,3,BAL,0.9,0.0615,-0.02,10,0.0815
2026,3,LV,-5.45,-0.1302,-0.0409,10,-0.0893
2026,3,LAR,6.16,0.0861,-0.0015,10,0.0876
2026,3,PHI,1.24,0.0135,-0.0322,10,0.0457
2026,3,GB,-0.32,-0.0001,0.0126,10,-0.0127
2026,3,BUF,4.13,0.1316,0.0031,10,0.1285
2026,3,CLE,-3.54,-0.1149,-0.023,10,-0.0919
2026,3,DET,1.59,0.0261,0.054,10,-0.0279
2026,3,IND,0.32,-0.0384,0.0744,10,-0.1129
2026,3,JAX,5.24,0.0607,-0.0742,10,0.1349
2026,3,MIA,-4.27,-0.0189,0.0609,10,-0.0798
2026,3,NYG,-1.72,0.0058,0.065,10,-0.0592
2026,3,PIT,0.33,-0.0824,-0.0248,10,-0.0576
2026,3,WAS,-4.45,0.0095,0.1057,10,-0.0962
2026,3,SF,4.66,0.0734,-0.0009,10,0.0744
2026,3,TB,-1.93,-0.0454,0.0429,10,-0.0883
2026,3,DAL,-1.78,0.0738,0.1214,10,-0.0476
2026,3,NO,-1.67,0.0108,-0.0723,10,0.0831
2026,3,DEN,1.93,-0.0133,-0.0177,10,0.0045
2026,3,CHI,2.84,0.0674,0.0378,10,0.0296
2026,4,PIT,-0.1,-0.0616,0.0005,10,-0.062
2026,4,IND,0.23,-0.0553,0.0671,10,-0.1224
2026,4,TEN,-6.18,-0.0572,0.0441,10,-0.1012
2026,4,NE,5.18,-0.0197,-0.082,10,0.0624
2026,4,NYJ,-6.16,-0.0694,0.068,10,-0.1374
2026,4,JAX,6.83,0.0894,-0.0862,10,0.1756
2026,4,DAL,-1.58,0.0733,0.1407,10,-0.0674
2026,4,ARI,-4.47,-0.0125,0.0989,10,-0.1114
2026,4,LAR,6.17,0.0608,0.0012,10,0.0596
2026,4,GB,-1.73,-0.0002,0.0648,10,-0.065
2026,4,MIA,-4.65,-0.0485,0.075,10,-0.1235
2026,4,KC,2.91,-0.011,-0.0421,10,0.0311
2026,4,LAC,-2.1,-0.0832,-0.0509,10,-0.0323
2026,4,DEN,2.74,-0.0232,-0.0197,10,-0.0035
2026,4,DET,1.03,0.0637,0.0729,10,-0.0092
2026,4,ATL,-2.21,-0.0484,-0.0269,10,-0.0215
2026,4,CLE,-3.48,-0.0908,-0.0288,10,-0.0621
2026,4,WAS,-4.41,-0.0072,0.0715,10,-0.0787
2026,4,BAL,1.26,0.076,0.0119,10,0.064
2026,4,BUF,4.05,0.1197,0.0193,10,0.1003
2026,4,CHI,3.13,0.071,0.0113,10,0.0597
2026,4,CIN,-0.61,0.0294,-0.0249,10,0.0543
2026,4,HOU,3.24,-0.0483,-0.0734,10,0.0251
2026,4,NYG,-1.54,-0.0051,0.0482,10,-0.0532
2026,4,PHI,-0.04,-0.0175,-0.0216,10,0.0041
2026,4,TB,-2.21,-0.0686,0.0048,10,-0.0734
2026,4,MIN,1.27,-0.0831,-0.1356,10,0.0525
2026,4,LV,-4.07,-0.1045,-0.0524,10,-0.0521
2026,4,SEA,6.68,0.0346,-0.1074,10,0.1419
2026,4,SF,4.77,0.1146,0.0249,10,0.0897
2026,4,CAR,-2.3,-0.0003,0.0161,10,-0.0164
2026,4,NO,-1.65,-0.0041,-0.0378,10,0.0337
2026,5,TB,-2.14,-0.0473,0.0013,10,-0.0485
2026,5,PHI,-0.27,-0.0397,-0.018,10,-0.0218
2026,5,CHI,3.39,0.068,-0.0133,10,0.0813
2026,5,CIN,0.03,0.0424,-0.0078,10,0.0501
2026,5,LV,-4.2,-0.0771,-0.0281,10,-0.049
2026,5,MIN,1.26,-0.0621,-0.1498,10,0.0877
2026,5,CLE,-2.52,-0.0679,-0.002,10,-0.0659
2026,5,IND,0.78,-0.0606,0.0425,10,-0.1031
2026,5,HOU,2.19,-0.0222,-0.0434,10,0.0211
2026,5,NYG,-1.2,-0.0198,0.0069,10,-0.0267
2026,5,DEN,1.58,-0.0228,-0.0059,10,-0.0169
2026,5,DET,0.04,0.069,0.0892,10,-0.0203
2026,5,SF,5.28,0.1205,0.0418,10,0.0787
2026,5,BAL,1.68,0.0903,0.0085,10,0.0817
2026,5,BUF,3.56,0.1109,0.029,10,0.0819
2026,5,DAL,-1.11,0.0843,0.1531,10,-0.0689
2026,5,JAX,6.6,0.1021,-0.0574,10,0.1595
2026,5,GB,-1.54,-0.0136,0.0573,10,-0.0708
2026,5,MIA,-4.56,-0.0633,0.0647,10,-0.1281
2026,5,NE,4.74,-0.014,-0.0761,10,0.062
2026,5,NO,-1.58,-0.0041,-0.0378,10,0.0337
2026,5,NYJ,-6.02,-0.07,0.0733,10,-0.1433
2026,5,PIT,-0.27,-0.0314,0.0038,10,-0.0352
2026,5,TEN,-5.51,-0.0668,0.0418,10,-0.1086
2026,5,WAS,-5.11,-0.0321,0.0627,10,-0.0948
2026,5,LAC,-2.04,-0.0948,-0.0396,10,-0.0552
2026,5,ARI,-5.0,-0.026,0.0982,10,-0.1242
2026,5,SEA,6.64,0.0279,-0.1059,10,0.1338
2026,5,ATL,-2.12,-0.0484,-0.0269,10,-0.0215
2026,5,LAR,6.14,0.0536,-0.0316,10,0.0852
2026,6,SEA,6.64,0.0279,-0.1059,10,0.1338
2026,6,HOU,2.19,-0.0222,-0.0434,10,0.0211
2026,6,CHI,3.39,0.068,-0.0133,10,0.0813
2026,6,BAL,1.68,0.0903,0.0085,10,0.0817
2026,6,TEN,-5.51,-0.0668,0.0418,10,-0.1086
2026,6,NYJ,-6.02,-0.07,0.0733,10,-0.1433
2026,6,NO,-1.58,-0.0041,-0.0378,10,0.0337
2026,6,CAR,-1.14,0.035,0.0308,10,0.0042
2026,6,PIT,-0.27,-0.0314,0.0038,10,-0.0352
2026,6,ARI,-5.0,-0.026,0.0982,10,-0.1242
2026,6,LAC,-2.04,-0.0948,-0.0396,10,-0.0552
2026,6,BUF,3.56,0.1109,0.029,10,0.0819
2026,6,DAL,-1.11,0.0843,0.1531,10,-0.0689
2026,6,WAS,-5.11,-0.0321,0.0627,10,-0.0948
2026,6,DEN,1.58,-0.0228,-0.0059,10,-0.0169
2026,6,JAX,6.6,0.1021,-0.0574,10,0.1595
2026,6,ATL,-2.12,-0.0484,-0.0269,10,-0.0215
2026,6,CLE,-2.52,-0.0679,-0.002,10,-0.0659
2026,6,IND,0.78,-0.0606,0.0425,10,-0.1031
2026,6,NE,4.74,-0.014,-0.0761,10,0.062
2026,6,NYG,-1.2,-0.0198,0.0069,10,-0.0267
2026,6,PHI,-0.27,-0.0397,-0.018,10,-0.0218
2026,6,TB,-2.14,-0.0473,0.0013,10,-0.0485
2026,6,LAR,6.14,0.0536,-0.0316,10,0.0852
2026,6,KC,2.13,-0.0001,-0.0363,10,0.0362
2026,6,LV,-4.2,-0.0771,-0.0281,10,-0.049
2026,6,GB,-1.54,-0.0136,0.0573,10,-0.0708
2026,6,SF,5.28,0.1205,0.0418,10,0.0787
2026,7,NE,4.74,-0.014,-0.0761,10,0.062
2026,7,PIT,-0.27,-0.0314,0.0038,10,-0.0352
2026,7,SF,5.28,0.1205,0.0418,10,0.0787
2026,7,CIN,0.03,0.0424,-0.0078,10,0.0501
2026,7,TB,-2.14,-0.0473,0.0013,10,-0.0485
2026,7,NYG,-1.2,-0.0198,0.0069,10,-0.0267
2026,7,IND,0.78,-0.0606,0.0425,10,-0.1031
2026,7,MIA,-4.56,-0.0633,0.0647,10,-0.1281
2026,7,CLE,-2.52,-0.0679,-0.002,10,-0.0659
2026,7,DEN,1.58,-0.0228,-0.0059,10,-0.0169
2026,7,GB,-1.54,-0.0136,0.0573,10,-0.0708
2026,7,LAR,6.14,0.0536,-0.0316,10,0.0852
2026,7,KC,2.13,-0.0001,-0.0363,10,0.0362
2026,7,DAL,-1.11,0.0843,0.1531,10,-0.0689
2026,7,CHI,3.39,0.068,-0.0133,10,0.0813
2026,7,NO,-1.58,-0.0041,-0.0378,10,0.0337
2026,7,ATL,-2.12,-0.0484,-0.0269,10,-0.0215
2026,7,BAL,1.68,0.0903,0.0085,10,0.0817
2026,7,CAR,-1.14,0.035,0.0308,10,0.0042
2026,7,HOU,2.19,-0.0222,-0.0434,10,0.0211
2026,7,MIN,1.26,-0.0621,-0.1498,10,0.0877
2026,7,NYJ,-6.02,-0.07,0.0733,10,-0.1433
2026,7,TEN,-5.51,-0.0668,0.0418,10,-0.1086
2026,7,ARI,-5.0,-0.026,0.0982,10,-0.1242
2026,7,DET,0.04,0.069,0.0892,10,-0.0203
2026,7,LV,-4.2,-0.0771,-0.0281,10,-0.049
2026,7,SEA,6.64,0.0279,-0.1059,10,0.1338
2026,7,PHI,-0.27,-0.0397,-0.018,10,-0.0218
2026,8,CAR,-1.14,0.035,0.0308,10,0.0042
2026,8,BAL,1.68,0.0903,0.0085,10,0.0817
2026,8,TEN,-5.51,-0.0668,0.0418,10,-0.1086
2026,8,ARI,-5.0,-0.026,0.0982,10,-0.1242
2026,8,MIN,1.26,-0.0621,-0.1498,10,0.0877
2026,8,IND,0.78,-0.0606,0.0425,10,-0.1031
2026,8,LV,-4.2,-0.0771,-0.0281,10,-0.049
2026,8,CLE,-2.52,-0.0679,-0.002,10,-0.0659
2026,8,ATL,-2.12,-0.0484,-0.0269,10,-0.0215
2026,8,LAC,-2.04,-0.0948,-0.0396,10,-0.0552
2026,8,KC,2.13,-0.0001,-0.0363,10,0.0362
2026,8,NE,4.74,-0.014,-0.0761,10,0.062
2026,8,PHI,-0.27,-0.0397,-0.018,10,-0.0218
2026,8,CHI,3.39,0.068,-0.0133,10,0.0813
2026,8,GB,-1.54,-0.0136,0.0573,10,-0.0708
2026,8,BUF,3.56,0.1109,0.029,10,0.0819
2026,8,CIN,0.03,0.0424,-0.0078,10,0.0501
2026,8,DAL,-1.11,0.0843,0.1531,10,-0.0689
2026,8,DET,0.04,0.069,0.0892,10,-0.0203
2026,8,JAX,6.6,0.1021,-0.0574,10,0.1595
2026,8,NYJ,-6.02,-0.07,0.0733,10,-0.1433
2026,8,PIT,-0.27,-0.0314,0.0038,10,-0.0352
2026,8,TB,-2.14,-0.0473,0.0013,10,-0.0485
2026,8,LAR,6.14,0.0536,-0.0316,10,0.0852
2026,8,DEN,1.58,-0.0228,-0.0059,10,-0.0169
2026,8,MIA,-4.56,-0.0633,0.0647,10,-0.1281
2026,8,WAS,-5.11,-0.0321,0.0627,10,-0.0948
2026,8,SEA,6.64,0.0279,-0.1059,10,0.1338
2026,9,JAX,6.6,0.1021,-0.0574,10,0.1595
2026,9,CIN,0.03,0.0424,-0.0078,10,0.0501
2026,9,DEN,1.58,-0.0228,-0.0059,10,-0.0169
2026,9,DAL,-1.11,0.0843,0.1531,10,-0.0689
2026,9,NYJ,-6.02,-0.07,0.0733,10,-0.1433
2026,9,DET,0.04,0.069,0.0892,10,-0.0203
2026,9,CLE,-2.52,-0.0679,-0.002,10,-0.0659
2026,9,NYG,-1.2,-0.0198,0.0069,10,-0.0267
2026,9,LAR,6.14,0.0536,-0.0316,10,0.0852
2026,9,HOU,2.19,-0.0222,-0.0434,10,0.0211
2026,9,LV,-4.2,-0.0771,-0.0281,10,-0.049
2026,9,GB,-1.54,-0.0136,0.0573,10,-0.0708
2026,9,ARI,-5.0,-0.026,0.0982,10,-0.1242
2026,9,TB,-2.14,-0.0473,0.0013,10,-0.0485
2026,9,BUF,3.56,0.1109,0.029,10,0.0819
2026,9,BAL,1.68,0.0903,0.0085,10,0.0817
2026,9,ATL,-2.12,-0.0484,-0.0269,10,-0.0215
2026,9,CAR,-1.14,0.035,0.0308,10,0.0042
2026,9,IND,0.78,-0.0606,0.0425,10,-0.1031
2026,9,KC,2.13,-0.0001,-0.0363,10,0.0362
2026,9,MIA,-4.56,-0.0633,0.0647,10,-0.1281
2026,9,NO,-1.58,-0.0041,-0.0378,10,0.0337
2026,9,PHI,-0.27,-0.0397,-0.018,10,-0.0218
2026,9,WAS,-5.11,-0.0321,0.0627,10,-0.0948
2026,9,LAC,-2.04,-0.0948,-0.0396,10,-0.0552
2026,9,SF,5.28,0.1205,0.0418,10,0.0787
2026,9,NE,4.74,-0.014,-0.0761,10,0.062
2026,9,SEA,6.64,0.0279,-0.1059,10,0.1338
2026,9,CHI,3.39,0.068,-0.0133,10,0.0813
2026,9,MIN,1.26,-0.0621,-0.1498,10,0.0877
2026,10,WAS,-5.11,-0.0321,0.0627,10,-0.0948
2026,10,NE,4.74,-0.014,-0.0761,10,0.062
2026,10,KC,2.13,-0.0001,-0.0363,10,0.0362
2026,10,HOU,2.19,-0.0222,-0.0434,10,0.0211
2026,10,MIN,1.26,-0.0621,-0.1498,10,0.0877
2026,10,MIA,-4.56,-0.0633,0.0647,10,-0.1281
2026,10,CAR,-1.14,0.035,0.0308,10,0.0042
2026,10,BUF,3.56,0.1109,0.029,10,0.0819
2026,10,JAX,6.6,0.1021,-0.0574,10,0.1595
2026,10,LAR,6.14,0.0536,-0.0316,10,0.0852
2026,10,SEA,6.64,0.0279,-0.1059,10,0.1338
2026,10,SF,5.28,0.1205,0.0418,10,0.0787
2026,10,PIT,-0.27,-0.0314,0.0038,10,-0.0352
2026,10,LAC,-2.04,-0.0948,-0.0396,10,-0.0552
2026,10,NYG,-1.2,-0.0198,0.0069,10,-0.0267
2026,10,DET,0.04,0.069,0.0892,10,-0.0203
2026,10,ATL,-2.12,-0.0484,-0.0269,10,-0.0215
2026,10,CLE,-2.52,-0.0679,-0.002,10,-0.0659
2026,10,GB,-1.54,-0.0136,0.0573,10,-0.0708
2026,10,IND,0.78,-0.0606,0.0425,10,-0.1031
2026,10,NO,-1.58,-0.0041,-0.0378,10,0.0337
2026,10,NYJ,-6.02,-0.07,0.0733,10,-0.1433
2026,10,TEN,-5.51,-0.0668,0.0418,10,-0.1086
2026,10,ARI,-5.0,-0.026,0.0982,10,-0.1242
2026,10,LV,-4.2,-0.0771,-0.0281,10,-0.049
2026,10,DAL,-1.11,0.0843,0.1531,10,-0.0689
2026,10,CIN,0.03,0.0424,-0.0078,10,0.0501
2026,10,BAL,1.68,0.0903,0.0085,10,0.0817
2026,11,IND,0.78,-0.0606,0.0425,10,-0.1031
2026,11,MIA,-4.56,-0.0633,0.0647,10,-0.1281
2026,11,BAL,1.68,0.0903,0.0085,10,0.0817
2026,11,NO,-1.58,-0.0041,-0.0378,10,0.0337
2026,11,TEN,-5.51,-0.0668,0.0418,10,-0.1086
2026,11,TB,-2.14,-0.0473,0.0013,10,-0.0485
2026,11,ARI,-5.0,-0.026,0.0982,10,-0.1242
2026,11,JAX,6.6,0.1021,-0.0574,10,0.1595
2026,11,NYJ,-6.02,-0.07,0.0733,10,-0.1433
2026,11,LV,-4.2,-0.0771,-0.0281,10,-0.049
2026,11,PIT,-0.27,-0.0314,0.0038,10,-0.0352
2026,11,MIN,1.26,-0.0621,-0.1498,10,0.0877
2026,11,CIN,0.03,0.0424,-0.0078,10,0.0501
2026,11,HOU,2.19,-0.0222,-0.0434,10,0.0211
2026,11,BUF,3.56,0.1109,0.029,10,0.0819
2026,11,CAR,-1.14,0.035,0.0308,10,0.0042
2026,11,CHI,3.39,0.068,-0.0133,10,0.0813
2026,11,DAL,-1.11,0.0843,0.1531,10,-0.0689
2026,11,DET,0.04,0.069,0.0892,10,-0.0203
2026,11,KC,2.13,-0.0001,-0.0363,10,0.0362
2026,11,NYG,-1.2,-0.0198,0.0069,10,-0.0267
2026,11,LAC,-2.04,-0.0948,-0.0396,10,-0.0552
2026,11,DEN,1.58,-0.0228,-0.0059,10,-0.0169
2026,11,PHI,-0.27,-0.0397,-0.018,10,-0.0218
2026,11,SF,5.28,0.1205,0.0418,10,0.0787
2026,11,WAS,-5.11,-0.0321,0.0627,10,-0.0948
2026,12,GB,-1.54,-0.0136,0.0573,10,-0.0708
2026,12,CHI,3.39,0.068,-0.0133,10,0.0813
2026,12,PHI,-0.27,-0.0397,-0.018,10,-0.0218
2026,12,KC,2.13,-0.0001,-0.0363,10,0.0362
2026,12,DEN,1.58,-0.0228,-0.0059,10,-0.0169
2026,12,NO,-1.58,-0.0041,-0.0378,10,0.0337
2026,12,LV,-4.2,-0.0771,-0.0281,10,-0.049
2026,12,BAL,1.68,0.0903,0.0085,10,0.0817
2026,12,NYG,-1.2,-0.0198,0.0069,10,-0.0267
2026,12,NYJ,-6.02,-0.07,0.0733,10,-0.1433
2026,12,ATL,-2.12,-0.0484,-0.0269,10,-0.0215
2026,12,TEN,-5.51,-0.0668,0.0418,10,-0.1086
2026,12,WAS,-5.11,-0.0321,0.0627,10,-0.0948
2026,12,SEA,6.64,0.0279,-0.1059,10,0.1338
2026,12,NE,4.74,-0.014,-0.0761,10,0.062
2026,12,CAR,-1.14,0.035,0.0308,10,0.0042
2026,12,LAR,6.14,0.0536,-0.0316,10,0.0852
2026,12,DET,0.04,0.069,0.0892,10,-0.0203
2026,12,DAL,-1.11,0.0843,0.1531,10,-0.0689
2026,12,BUF,3.56,0.1109,0.029,10,0.0819
2026,12,PIT,-0.27,-0.0314,0.0038,10,-0.0352
2026,12,CIN,0.03,0.0424,-0.0078,10,0.0501
2026,12,CLE,-2.52,-0.0679,-0.002,10,-0.0659
2026,12,HOU,2.19,-0.0222,-0.0434,10,0.0211
2026,12,IND,0.78,-0.0606,0.0425,10,-0.1031
2026,12,MIA,-4.56,-0.0633,0.0647,10,-0.1281
2026,12,MIN,1.26,-0.0621,-0.1498,10,0.0877
2026,12,JAX,6.6,0.1021,-0.0574,10,0.1595
2026,12,ARI,-5.0,-0.026,0.0982,10,-0.1242
2026,12,SF,5.28,0.1205,0.0418,10,0.0787
2026,12,LAC,-2.04,-0.0948,-0.0396,10,-0.0552
2026,12,TB,-2.14,-0.0473,0.0013,10,-0.0485
2026,13,KC,2.13,-0.0001,-0.0363,10,0.0362
2026,13,DET,0.04,0.069,0.0892,10,-0.0203
2026,13,JAX,6.6,0.1021,-0.0574,10,0.1595
2026,13,CIN,0.03,0.0424,-0.0078,10,0.0501
2026,13,GB,-1.54,-0.0136,0.0573,10,-0.0708
2026,13,SF,5.28,0.1205,0.0418,10,0.0787
2026,13,LAC,-2.04,-0.0948,-0.0396,10,-0.0552
2026,13,WAS,-5.11,-0.0321,0.0627,10,-0.0948
2026,13,PHI,-0.27,-0.0397,-0.018,10,-0.0218
2026,13,MIA,-4.56,-0.0633,0.0647,10,-0.1281
2026,13,CAR,-1.14,0.035,0.0308,10,0.0042
2026,13,BUF,3.56,0.1109,0.029,10,0.0819
2026,13,HOU,2.19,-0.0222,-0.0434,10,0.0211
2026,13,DAL,-1.11,0.0843,0.1531,10,-0.0689
2026,13,LAR,6.14,0.0536,-0.0316,10,0.0852
2026,13,ATL,-2.12,-0.0484,-0.0269,10,-0.0215
2026,13,CHI,3.39,0.068,-0.0133,10,0.0813
2026,13,CLE,-2.52,-0.0679,-0.002,10,-0.0659
2026,13,NO,-1.58,-0.0041,-0.0378,10,0.0337
2026,13,NYG,-1.2,-0.0198,0.0069,10,-0.0267
2026,13,TB,-2.14,-0.0473,0.0013,10,-0.0485
2026,13,TEN,-5.51,-0.0668,0.0418,10,-0.1086
2026,13,ARI,-5.0,-0.026,0.0982,10,-0.1242
2026,13,DEN,1.58,-0.0228,-0.0059,10,-0.0169
2026,13,MIN,1.26,-0.0621,-0.1498,10,0.0877
2026,13,NE,4.74,-0.014,-0.0761,10,0.062
2026,13,PIT,-0.27,-0.0314,0.0038,10,-0.0352
2026,13,SEA,6.64,0.0279,-0.1059,10,0.1338
2026,14,MIN,1.26,-0.0621,-0.1498,10,0.0877
2026,14,TB,-2.14,-0.0473,0.0013,10,-0.0485
2026,14,NO,-1.58,-0.0041,-0.0378,10,0.0337
2026,14,ATL,-2.12,-0.0484,-0.0269,10,-0.0215
2026,14,TEN,-5.51,-0.0668,0.0418,10,-0.1086
2026,14,CHI,3.39,0.068,-0.0133,10,0.0813
2026,14,DEN,1.58,-0.0228,-0.0059,10,-0.0169
2026,14,IND,0.78,-0.0606,0.0425,10,-0.1031
2026,14,HOU,2.19,-0.0222,-0.0434,10,0.0211
2026,14,LAC,-2.04,-0.0948,-0.0396,10,-0.0552
2026,14,KC,2.13,-0.0001,-0.0363,10,0.0362
2026,14,NYG,-1.2,-0.0198,0.0069,10,-0.0267
2026,14,LAR,6.14,0.0536,-0.0316,10,0.0852
2026,14,BUF,3.56,0.1109,0.029,10,0.0819
2026,14,PIT,-0.27,-0.0314,0.0038,10,-0.0352
2026,14,NE,4.74,-0.014,-0.0761,10,0.062
2026,14,BAL,1.68,0.0903,0.0085,10,0.0817
2026,14,CAR,-1.14,0.035,0.0308,10,0.0042
2026,14,CLE,-2.52,-0.0679,-0.002,10,-0.0659
2026,14,DET,0.04,0.069,0.0892,10,-0.0203
2026,14,MIA,-4.56,-0.0633,0.0647,10,-0.1281
2026,14,NYJ,-6.02,-0.07,0.0733,10,-0.1433
2026,14,PHI,-0.27,-0.0397,-0.018,10,-0.0218
2026,14,WAS,-5.11,-0.0321,0.0627,10,-0.0948
2026,14,LV,-4.2,-0.0771,-0.0281,10,-0.049
2026,14,CIN,0.03,0.0424,-0.0078,10,0.0501
2026,14,SEA,6.64,0.0279,-0.1059,10,0.1338
2026,14,SF,5.28,0.1205,0.0418,10,0.0787
2026,14,GB,-1.54,-0.0136,0.0573,10,-0.0708
2026,14,JAX,6.6,0.1021,-0.0574,10,0.1595
2026,15,SF,5.28,0.1205,0.0418,10,0.0787
2026,15,SEA,6.64,0.0279,-0.1059,10,0.1338
2026,15,CHI,3.39,0.068,-0.0133,10,0.0813
2026,15,CIN,0.03,0.0424,-0.0078,10,0.0501
2026,15,MIA,-4.56,-0.0633,0.0647,10,-0.1281
2026,15,JAX,6.6,0.1021,-0.0574,10,0.1595
2026,15,CLE,-2.52,-0.0679,-0.002,10,-0.0659
2026,15,BAL,1.68,0.0903,0.0085,10,0.0817
2026,15,NO,-1.58,-0.0041,-0.0378,10,0.0337
2026,15,IND,0.78,-0.0606,0.0425,10,-0.1031
2026,15,ATL,-2.12,-0.0484,-0.0269,10,-0.0215
2026,15,NYJ,-6.02,-0.07,0.0733,10,-0.1433
2026,15,DAL,-1.11,0.0843,0.1531,10,-0.0689
2026,15,DEN,1.58,-0.0228,-0.0059,10,-0.0169
2026,15,DET,0.04,0.069,0.0892,10,-0.0203
2026,15,NE,4.74,-0.014,-0.0761,10,0.062
2026,15,LAC,-2.04,-0.0948,-0.0396,10,-0.0552
2026,15,PHI,-0.27,-0.0397,-0.018,10,-0.0218
2026,15,BUF,3.56,0.1109,0.029,10,0.0819
2026,15,CAR,-1.14,0.035,0.0308,10,0.0042
2026,15,GB,-1.54,-0.0136,0.0573,10,-0.0708
2026,15,HOU,2.19,-0.0222,-0.0434,10,0.0211
2026,15,NYG,-1.2,-0.0198,0.0069,10,-0.0267
2026,15,PIT,-0.27,-0.0314,0.0038,10,-0.0352
2026,15,TB,-2.14,-0.0473,0.0013,10,-0.0485
2026,15,TEN,-5.51,-0.0668,0.0418,10,-0.1086
2026,15,WAS,-5.11,-0.0321,0.0627,10,-0.0948
2026,15,ARI,-5.0,-0.026,0.0982,10,-0.1242
2026,15,LAR,6.14,0.0536,-0.0316,10,0.0852
2026,15,LV,-4.2,-0.0771,-0.0281,10,-0.049
2026,15,MIN,1.26,-0.0621,-0.1498,10,0.0877
2026,15,KC,2.13,-0.0001,-0.0363,10,0.0362
2026,16,HOU,2.19,-0.0222,-0.0434,10,0.0211
2026,16,GB,-1.54,-0.0136,0.0573,10,-0.0708
2026,16,BUF,3.56,0.1109,0.029,10,0.0819
2026,16,LAR,6.14,0.0536,-0.0316,10,0.0852
2026,16,TB,-2.14,-0.0473,0.0013,10,-0.0485
2026,16,CLE,-2.52,-0.0679,-0.002,10,-0.0659
2026,16,CIN,0.03,0.0424,-0.0078,10,0.0501
2026,16,LAC,-2.04,-0.0948,-0.0396,10,-0.0552
2026,16,WAS,-5.11,-0.0321,0.0627,10,-0.0948
2026,16,ARI,-5.0,-0.026,0.0982,10,-0.1242
2026,16,NE,4.74,-0.014,-0.0761,10,0.062
2026,16,CAR,-1.14,0.035,0.0308,10,0.0042
2026,16,TEN,-5.51,-0.0668,0.0418,10,-0.1086
2026,16,SF,5.28,0.1205,0.0418,10,0.0787
2026,16,JAX,6.6,0.1021,-0.0574,10,0.1595
2026,16,NYG,-1.2,-0.0198,0.0069,10,-0.0267
2026,16,PHI,-0.27,-0.0397,-0.018,10,-0.0218
2026,16,CHI,3.39,0.068,-0.0133,10,0.0813
2026,16,DEN,1.58,-0.0228,-0.0059,10,-0.0169
2026,16,SEA,6.64,0.0279,-0.1059,10,0.1338
2026,16,ATL,-2.12,-0.0484,-0.0269,10,-0.0215
2026,16,BAL,1.68,0.0903,0.0085,10,0.0817
2026,16,IND,0.78,-0.0606,0.0425,10,-0.1031
2026,16,MIA,-4.56,-0.0633,0.0647,10,-0.1281
2026,16,MIN,1.26,-0.0621,-0.1498,10,0.0877
2026,16,NO,-1.58,-0.0041,-0.0378,10,0.0337
2026,16,NYJ,-6.02,-0.07,0.0733,10,-0.1433
2026,16,PIT,-0.27,-0.0314,0.0038,10,-0.0352
2026,16,LV,-4.2,-0.0771,-0.0281,10,-0.049
2026,16,KC,2.13,-0.0001,-0.0363,10,0.0362
2026,16,DAL,-1.11,0.0843,0.1531,10,-0.0689
2026,16,DET,0.04,0.069,0.0892,10,-0.0203
2026,17,BAL,1.68,0.0903,0.0085,10,0.0817
2026,17,NO,-1.58,-0.0041,-0.0378,10,0.0337
2026,17,SEA,6.64,0.0279,-0.1059,10,0.1338
2026,17,IND,0.78,-0.0606,0.0425,10,-0.1031
2026,17,NYG,-1.2,-0.0198,0.0069,10,-0.0267
2026,17,WAS,-5.11,-0.0321,0.0627,10,-0.0948
2026,17,KC,2.13,-0.0001,-0.0363,10,0.0362
2026,17,BUF,3.56,0.1109,0.029,10,0.0819
2026,17,DEN,1.58,-0.0228,-0.0059,10,-0.0169
2026,17,MIN,1.26,-0.0621,-0.1498,10,0.0877
2026,17,LAR,6.14,0.0536,-0.0316,10,0.0852
2026,17,PIT,-0.27,-0.0314,0.0038,10,-0.0352
2026,17,LV,-4.2,-0.0771,-0.0281,10,-0.049
2026,17,DET,0.04,0.069,0.0892,10,-0.0203
2026,17,PHI,-0.27,-0.0397,-0.018,10,-0.0218
2026,17,HOU,2.19,-0.0222,-0.0434,10,0.0211
2026,17,CIN,0.03,0.0424,-0.0078,10,0.0501
2026,17,ATL,-2.12,-0.0484,-0.0269,10,-0.0215
2026,17,CAR,-1.14,0.035,0.0308,10,0.0042
2026,17,CLE,-2.52,-0.0679,-0.002,10,-0.0659
2026,17,DAL,-1.11,0.0843,0.1531,10,-0.0689
2026,17,JAX,6.6,0.1021,-0.0574,10,0.1595
2026,17,LAC,-2.04,-0.0948,-0.0396,10,-0.0552
2026,17,MIA,-4.56,-0.0633,0.0647,10,-0.1281
2026,17,NE,4.74,-0.014,-0.0761,10,0.062
2026,17,NYJ,-6.02,-0.07,0.0733,10,-0.1433
2026,17,TB,-2.14,-0.0473,0.0013,10,-0.0485
2026,17,TEN,-5.51,-0.0668,0.0418,10,-0.1086
2026,17,ARI,-5.0,-0.026,0.0982,10,-0.1242
2026,17,CHI,3.39,0.068,-0.0133,10,0.0813
2026,17,SF,5.28,0.1205,0.0418,10,0.0787
2026,17,GB,-1.54,-0.0136,0.0573,10,-0.0708
2026,18,SF,5.28,0.1205,0.0418,10,0.0787
2026,18,PIT,-0.27,-0.0314,0.0038,10,-0.0352
2026,18,NYJ,-6.02,-0.07,0.0733,10,-0.1433
2026,18,ATL,-2.12,-0.0484,-0.0269,10,-0.0215
2026,18,CLE,-2.52,-0.0679,-0.002,10,-0.0659
2026,18,LAC,-2.04,-0.0948,-0.0396,10,-0.0552
2026,18,DET,0.04,0.069,0.0892,10,-0.0203
2026,18,TEN,-5.51,-0.0668,0.0418,10,-0.1086
2026,18,JAX,6.6,0.1021,-0.0574,10,0.1595
2026,18,LV,-4.2,-0.0771,-0.0281,10,-0.049
2026,18,SEA,6.64,0.0279,-0.1059,10,0.1338
2026,18,CHI,3.39,0.068,-0.0133,10,0.0813
2026,18,MIA,-4.56,-0.0633,0.0647,10,-0.1281
2026,18,TB,-2.14,-0.0473,0.0013,10,-0.0485
2026,18,PHI,-0.27,-0.0397,-0.018,10,-0.0218
2026,18,DAL,-1.11,0.0843,0.1531,10,-0.0689
2026,18,ARI,-5.0,-0.026,0.0982,10,-0.1242
2026,18,BAL,1.68,0.0903,0.0085,10,0.0817
2026,18,BUF,3.56,0.1109,0.029,10,0.0819
2026,18,CAR,-1.14,0.035,0.0308,10,0.0042
2026,18,CIN,0.03,0.0424,-0.0078,10,0.0501
2026,18,DEN,1.58,-0.0228,-0.0059,10,-0.0169
2026,18,GB,-1.54,-0.0136,0.0573,10,-0.0708
2026,18,HOU,2.19,-0.0222,-0.0434,10,0.0211
2026,18,IND,0.78,-0.0606,0.0425,10,-0.1031
2026,18,KC,2.13,-0.0001,-0.0363,10,0.0362
2026,18,LAR,6.14,0.0536,-0.0316,10,0.0852
2026,18,MIN,1.26,-0.0621,-0.1498,10,0.0877
2026,18,NE,4.74,-0.014,-0.0761,10,0.062
2026,18,NO,-1.58,-0.0041,-0.0378,10,0.0337
2026,18,NYG,-1.2,-0.0198,0.0069,10,-0.0267
2026,18,WAS,-5.11,-0.0321,0.0627,10,-0.0948
