tour,id,tourney,round,date,status,surface,p1,p1_rank,p1_elo,p2,p2_rank,p2_elo,model_p1,market_p1,edge_p1,h2h
wta,186380,Dongfeng Voyah Wuhan Open,Qualifying Final,2026-10-11T03Z,STATUS_SCHEDULED,Hard,Sara Sorribes Tormo,247,1597,Daria Kasatkina,66,1504,0.6307,0.375,0.2557,0-0
wta,186381,Dongfeng Voyah Wuhan Open,Qualifying Final,2026-10-11T03Z,STATUS_SCHEDULED,Hard,Magdalena Frech,43,780,Aoi Ito,218,1184,0.0893,0.745,-0.6557,0-0
wta,186382,Dongfeng Voyah Wuhan Open,Qualifying Final,2026-10-11T03Z,STATUS_SCHEDULED,Hard,Yulia Putintseva,87,1298,Ashlyn Krueger,113,1388,0.3733,0.495,-0.1217,0-0
wta,186385,Dongfeng Voyah Wuhan Open,Qualifying Final,2026-10-11T03Z,STATUS_SCHEDULED,Hard,Zeynep Sonmez,67,1406,Sinja Kraus,92,1576,0.272,0.61,-0.338,0-0
wta,186383,Dongfeng Voyah Wuhan Open,Qualifying Final,2026-10-11T04:30Z,STATUS_SCHEDULED,Hard,Camila Osorio,68,1196,Katie Volynets,101,1130,0.5932,0.425,0.1682,0-0
wta,186384,Dongfeng Voyah Wuhan Open,Qualifying Final,2026-10-11T04:30Z,STATUS_SCHEDULED,Hard,Lanlana Tararudee,94,1538,Catherine McNally,,1598,0.4145,0.45,-0.0355,0-0
wta,186386,Dongfeng Voyah Wuhan Open,Qualifying Final,2026-10-11T04:30Z,STATUS_SCHEDULED,Hard,Anna Bondar,75,904,Mananchaya Sawangkaew,166,1572,0.021,0.54,-0.519,0-0
wta,186387,Dongfeng Voyah Wuhan Open,Qualifying Final,2026-10-11T04:30Z,STATUS_SCHEDULED,Hard,Shi Han,,1674,Kamilla Rakhimova,78,586,0.9981,,,0-0
atp,184942,Rolex Shanghai Masters,Round 3,2026-10-11T04Z,STATUS_SCHEDULED,Hard,Karen Khachanov,15,1683,Adrian Mannarino,46,1406,0.8308,0.74,0.0908,1-0
atp,184943,Rolex Shanghai Masters,Round 3,2026-10-11T04Z,STATUS_SCHEDULED,Hard,Ben Shelton,5,1846,Arthur Gea,137,1800,0.5651,0.715,-0.1499,0-0
wta,186411,RoveretOpen Città della Pace,Qualifying 1st Round,2026-10-11T04Z,STATUS_SCHEDULED,Hard,Anna-Lena Friedsam,235,1229,Lisa Peer,,,,,,
wta,186410,RoveretOpen Città della Pace,Qualifying 1st Round,2026-10-11T04Z,STATUS_SCHEDULED,Hard,Ana Tamindzic,,,Tessa Johanna Brockmann,282,1514,,,,
wta,186409,RoveretOpen Città della Pace,Qualifying 1st Round,2026-10-11T04Z,STATUS_SCHEDULED,Hard,Erika Andreeva,234,1220,Giulia Alessia Monteleone,,1416,0.2455,,,0-0
wta,186408,RoveretOpen Città della Pace,Qualifying 1st Round,2026-10-11T04Z,STATUS_SCHEDULED,Hard,Elsa Jacquemot,80,1222,Camilla Zanolini,,,,,,
wta,186407,RoveretOpen Città della Pace,Qualifying 1st Round,2026-10-11T04Z,STATUS_SCHEDULED,Hard,Alja Senica,,1340,Lea Boskovic,369,1510,0.2737,,,0-0
wta,186406,RoveretOpen Città della Pace,Qualifying 1st Round,2026-10-11T04Z,STATUS_SCHEDULED,Hard,Isabella Maria Serban,,1494,Li Zongyu,,1458,0.5516,,,0-0
wta,186405,RoveretOpen Città della Pace,Qualifying 1st Round,2026-10-11T04Z,STATUS_SCHEDULED,Hard,Anouk Koevermans,161,1472,Ankita Raina,617,1470,0.5029,,,0-0
wta,186404,RoveretOpen Città della Pace,Qualifying 1st Round,2026-10-11T04Z,STATUS_SCHEDULED,Hard,Kristina Novak,,1424,Caroline Werner,,1416,0.5115,,,0-0
atp,184929,Rolex Shanghai Masters,Round 3,2026-10-11T05:30Z,STATUS_SCHEDULED,Hard,Alex de Minaur,6,1843,Rei Sakamoto,149,1466,0.8975,0.695,0.2025,0-0
atp,184935,Rolex Shanghai Masters,Round 3,2026-10-11T05:30Z,STATUS_SCHEDULED,Hard,Hubert Hurkacz,96,1778,Zhou Yi,,1544,0.7941,,,0-0
wta,185297,Suzhou Open,Final,2026-10-11T07:30Z,STATUS_SCHEDULED,Hard,Rebecca Sramkova,120,1596,Kyoka Okamura,253,1611,0.4784,0.725,-0.2466,0-0
atp,184944,Rolex Shanghai Masters,Round 3,2026-10-11T07Z,STATUS_SCHEDULED,Hard,Francisco Cerundolo,27,1569,Jakub Mensik,17,1724,0.2912,0.415,-0.1238,3-0
atp,184931,Rolex Shanghai Masters,Round 3,2026-10-11T08:30Z,STATUS_SCHEDULED,Hard,Alexander Bublik,11,1276,Brandon Nakashima,32,1212,0.5918,0.42,0.1718,0-0
atp,184930,Rolex Shanghai Masters,Round 3,2026-10-11T10Z,STATUS_SCHEDULED,Hard,Alexander Zverev,3,1833,Quentin Halys,92,905,0.9952,0.8625,0.1327,4-0
wta,185251,Samsun Open,Final,2026-10-11T10Z,STATUS_SCHEDULED,Hard,Ayla Aksu,,1603,Lucrezia Stefanini,169,1552,0.5729,,,0-0
atp,184356,China Open,Final,2026-10-11T11:30Z,STATUS_SCHEDULED,Hard,Zheng Qinwen,,1767,Mirra Andreeva,,1819,0.4257,,,0-0
atp,184936,Rolex Shanghai Masters,Round 3,2026-10-11T11:30Z,STATUS_SCHEDULED,Hard,Alejandro Davidovich Fokina,22,1424,Frances Tiafoe,26,1814,0.0958,0.505,-0.4092,1-2
atp,184932,Rolex Shanghai Masters,Round 3,2026-10-12T04Z,STATUS_SCHEDULED,Hard,Learner Tien,19,1645,Casper Ruud,14,1684,0.4434,,,0-0
atp,184933,Rolex Shanghai Masters,Round 3,2026-10-12T04Z,STATUS_SCHEDULED,Hard,Pablo Carreno Busta,71,1073,Felix Auger-Aliassime,4,1692,0.0275,0.2625,-0.235,0-0
atp,184934,Rolex Shanghai Masters,Round 3,2026-10-12T04Z,STATUS_SCHEDULED,Hard,Daniil Medvedev,8,1985,Dalibor Svrcina,107,1321,0.9786,0.8675,0.1111,2-0
atp,184937,Rolex Shanghai Masters,Round 3,2026-10-12T04Z,STATUS_SCHEDULED,Hard,Arthur Fils,21,1872,Botic Van De Zandschulp,55,1234,0.9753,0.75,0.2253,0-0
atp,184938,Rolex Shanghai Masters,Round 3,2026-10-12T04Z,STATUS_SCHEDULED,Hard,Jiri Lehecka,12,1720,Rafael Jodar,23,1643,0.6097,0.515,0.0947,0-1
atp,184939,Rolex Shanghai Masters,Round 3,2026-10-12T04Z,STATUS_SCHEDULED,Hard,Stefanos Tsitsipas,84,1740,Taylor Fritz,9,1890,0.2978,,,1-2
atp,184940,Rolex Shanghai Masters,Round 3,2026-10-12T04Z,STATUS_SCHEDULED,Hard,Tommy Paul,28,1776,Valentin Vacherot,20,1716,0.5855,,,0-0
atp,184941,Rolex Shanghai Masters,Round 3,2026-10-12T04Z,STATUS_SCHEDULED,Hard,Zizou Bergs,40,1144,Carlos Alcaraz,2,2316,0.0012,0.115,-0.1138,0-1
wta,185314,Dongfeng Voyah Wuhan Open,Round 1,2026-10-12T04Z,STATUS_SCHEDULED,Hard,Anhelina Kalinina,69,1368,Sonay Kartal,72,1618,0.1912,,,0-0
wta,185318,Dongfeng Voyah Wuhan Open,Round 1,2026-10-12T04Z,STATUS_SCHEDULED,Hard,TBD,,,Yuliia Starodubtseva,57,1218,,,,
wta,185320,Dongfeng Voyah Wuhan Open,Round 1,2026-10-12T04Z,STATUS_SCHEDULED,Hard,Guo Hanyu,,1462,Sorana Cirstea,18,1662,0.2413,,,0-0
wta,185321,Dongfeng Voyah Wuhan Open,Round 1,2026-10-12T04Z,STATUS_SCHEDULED,Hard,Jasmine Paolini,14,1726,Sara Bejlek,46,1349,0.8978,,,0-0
wta,185322,Dongfeng Voyah Wuhan Open,Round 1,2026-10-12T04Z,STATUS_SCHEDULED,Hard,Lilli Tagger,86,1712,Nikola Bartunkova,61,1670,0.5594,,,0-0
wta,185323,Dongfeng Voyah Wuhan Open,Round 1,2026-10-12T04Z,STATUS_SCHEDULED,Hard,TBD,,,TBD,,,,,,
wta,185324,Dongfeng Voyah Wuhan Open,Round 1,2026-10-12T04Z,STATUS_SCHEDULED,Hard,Katie Boulter,73,1376,Diana Shnaider,16,1448,0.3978,,,0-2
wta,185325,Dongfeng Voyah Wuhan Open,Round 1,2026-10-12T04Z,STATUS_SCHEDULED,Hard,Alexandra Eala,33,1204,TBD,,,,,,
wta,185326,Dongfeng Voyah Wuhan Open,Round 1,2026-10-12T04Z,STATUS_SCHEDULED,Hard,Dayana Yastremska,49,656,Cristina Bucsa,34,722,0.4061,,,1-0
wta,185327,Dongfeng Voyah Wuhan Open,Round 1,2026-10-12T04Z,STATUS_SCHEDULED,Hard,Maria Sakkari,37,1360,Donna Vekic,76,1554,0.2466,,,2-2
wta,185330,Dongfeng Voyah Wuhan Open,Round 1,2026-10-12T04Z,STATUS_SCHEDULED,Hard,Katerina Siniakova,32,1212,Liudmila Samsonova,35,1511,0.1513,,,2-2
wta,185331,Dongfeng Voyah Wuhan Open,Round 1,2026-10-12T04Z,STATUS_SCHEDULED,Hard,Clara Tauson,24,1593,Marie Bouzkova,28,1404,0.748,,,0-0
wta,185332,Dongfeng Voyah Wuhan Open,Round 1,2026-10-12T04Z,STATUS_SCHEDULED,Hard,Mayar Sherif,118,905,Maja Chwalinska,21,1528,0.027,,,0-0
wta,185333,Dongfeng Voyah Wuhan Open,Round 1,2026-10-12T04Z,STATUS_SCHEDULED,Hard,Iva Jovic,19,1560,Mia Pohankova,280,1538,0.5316,,,0-0
wta,185334,Dongfeng Voyah Wuhan Open,Round 1,2026-10-12T04Z,STATUS_SCHEDULED,Hard,Wang Xiyu,,1650,Wang Xinyu,,1474,0.7336,,,0-0
wta,185335,Dongfeng Voyah Wuhan Open,Round 1,2026-10-12T04Z,STATUS_SCHEDULED,Hard,Kimberly Birrell,74,1171,TBD,,,,,,
wta,185336,Dongfeng Voyah Wuhan Open,Round 1,2026-10-12T04Z,STATUS_SCHEDULED,Hard,Ekaterina Alexandrova,17,1496,Leylah Fernandez,23,1589,0.3686,,,2-0
wta,185337,Dongfeng Voyah Wuhan Open,Round 1,2026-10-12T04Z,STATUS_SCHEDULED,Hard,TBD,,,Jelena Ostapenko,36,1854,,,,
wta,185339,Dongfeng Voyah Wuhan Open,Round 1,2026-10-12T04Z,STATUS_SCHEDULED,Hard,Daria Snigur,84,1502,Elise Mertens,22,1406,0.6347,,,0-0
wta,185340,Dongfeng Voyah Wuhan Open,Round 1,2026-10-12T04Z,STATUS_SCHEDULED,Hard,Belinda Bencic,11,1886,Zhang Shuai,,1481,0.9117,,,0-0
wta,185341,Dongfeng Voyah Wuhan Open,Round 1,2026-10-12T04Z,STATUS_SCHEDULED,Hard,Diane Parry,55,1454,Anna Kalinskaya,20,1518,0.4082,,,0-1
wta,185342,Dongfeng Voyah Wuhan Open,Round 1,2026-10-12T04Z,STATUS_SCHEDULED,Hard,TBD,,,TBD,,,,,,
wta,185343,Dongfeng Voyah Wuhan Open,Round 1,2026-10-12T04Z,STATUS_SCHEDULED,Hard,Ann Li,29,1368,Zheng Qinwen,,1460,0.3699,,,0-0
wta,185344,Dongfeng Voyah Wuhan Open,Round 1,2026-10-12T04Z,STATUS_SCHEDULED,Hard,Janice Tjen,40,1574,Oleksandra Oliynykova,51,1612,0.4455,,,0-0
wta,185459,RoveretOpen Città della Pace,Round 1,2026-10-12T04Z,STATUS_SCHEDULED,Hard,TBD,,,TBD,,,,,,
wta,185438,RoveretOpen Città della Pace,Round 1,2026-10-12T04Z,STATUS_SCHEDULED,Hard,TBD,,,TBD,,,,,,
wta,186412,RoveretOpen Città della Pace,Qualifying Final,2026-10-12T04Z,STATUS_SCHEDULED,Hard,TBD,,,TBD,,,,,,
wta,186413,RoveretOpen Città della Pace,Qualifying Final,2026-10-12T04Z,STATUS_SCHEDULED,Hard,TBD,,,TBD,,,,,,
wta,186414,RoveretOpen Città della Pace,Qualifying Final,2026-10-12T04Z,STATUS_SCHEDULED,Hard,TBD,,,TBD,,,,,,
wta,186415,RoveretOpen Città della Pace,Qualifying Final,2026-10-12T04Z,STATUS_SCHEDULED,Hard,TBD,,,TBD,,,,,,
wta,185451,RoveretOpen Città della Pace,Round 1,2026-10-12T04Z,STATUS_SCHEDULED,Hard,TBD,,,TBD,,,,,,
wta,185437,RoveretOpen Città della Pace,Round 1,2026-10-12T04Z,STATUS_SCHEDULED,Hard,TBD,,,TBD,,,,,,
wta,185439,RoveretOpen Città della Pace,Round 1,2026-10-12T04Z,STATUS_SCHEDULED,Hard,TBD,,,TBD,,,,,,
wta,185441,RoveretOpen Città della Pace,Round 1,2026-10-12T04Z,STATUS_SCHEDULED,Hard,TBD,,,TBD,,,,,,
wta,185443,RoveretOpen Città della Pace,Round 1,2026-10-12T04Z,STATUS_SCHEDULED,Hard,TBD,,,TBD,,,,,,
wta,185444,RoveretOpen Città della Pace,Round 1,2026-10-12T04Z,STATUS_SCHEDULED,Hard,TBD,,,TBD,,,,,,
wta,185446,RoveretOpen Città della Pace,Round 1,2026-10-12T04Z,STATUS_SCHEDULED,Hard,TBD,,,TBD,,,,,,
wta,185447,RoveretOpen Città della Pace,Round 1,2026-10-12T04Z,STATUS_SCHEDULED,Hard,TBD,,,TBD,,,,,,
wta,185449,RoveretOpen Città della Pace,Round 1,2026-10-12T04Z,STATUS_SCHEDULED,Hard,TBD,,,TBD,,,,,,
wta,185450,RoveretOpen Città della Pace,Round 1,2026-10-12T04Z,STATUS_SCHEDULED,Hard,TBD,,,TBD,,,,,,
wta,185452,RoveretOpen Città della Pace,Round 1,2026-10-12T04Z,STATUS_SCHEDULED,Hard,TBD,,,TBD,,,,,,
wta,185453,RoveretOpen Città della Pace,Round 1,2026-10-12T04Z,STATUS_SCHEDULED,Hard,TBD,,,TBD,,,,,,
wta,185454,RoveretOpen Città della Pace,Round 1,2026-10-12T04Z,STATUS_SCHEDULED,Hard,TBD,,,TBD,,,,,,
wta,185456,RoveretOpen Città della Pace,Round 1,2026-10-12T04Z,STATUS_SCHEDULED,Hard,TBD,,,TBD,,,,,,
wta,185484,Vanda Pharmaceuticals Mallorca Women's Championships presented by Ecotrans Group,Round 1,2026-10-12T04Z,STATUS_SCHEDULED,Hard,TBD,,,TBD,,,,,,
wta,185483,Vanda Pharmaceuticals Mallorca Women's Championships presented by Ecotrans Group,Round 1,2026-10-12T04Z,STATUS_SCHEDULED,Hard,TBD,,,TBD,,,,,,
wta,185498,Vanda Pharmaceuticals Mallorca Women's Championships presented by Ecotrans Group,Round 1,2026-10-12T04Z,STATUS_SCHEDULED,Hard,TBD,,,TBD,,,,,,
wta,185497,Vanda Pharmaceuticals Mallorca Women's Championships presented by Ecotrans Group,Round 1,2026-10-12T04Z,STATUS_SCHEDULED,Hard,TBD,,,TBD,,,,,,
wta,185496,Vanda Pharmaceuticals Mallorca Women's Championships presented by Ecotrans Group,Round 1,2026-10-12T04Z,STATUS_SCHEDULED,Hard,TBD,,,TBD,,,,,,
wta,185495,Vanda Pharmaceuticals Mallorca Women's Championships presented by Ecotrans Group,Round 1,2026-10-12T04Z,STATUS_SCHEDULED,Hard,TBD,,,TBD,,,,,,
wta,185494,Vanda Pharmaceuticals Mallorca Women's Championships presented by Ecotrans Group,Round 1,2026-10-12T04Z,STATUS_SCHEDULED,Hard,TBD,,,TBD,,,,,,
wta,185493,Vanda Pharmaceuticals Mallorca Women's Championships presented by Ecotrans Group,Round 1,2026-10-12T04Z,STATUS_SCHEDULED,Hard,TBD,,,TBD,,,,,,
wta,185492,Vanda Pharmaceuticals Mallorca Women's Championships presented by Ecotrans Group,Round 1,2026-10-12T04Z,STATUS_SCHEDULED,Hard,TBD,,,TBD,,,,,,
wta,185491,Vanda Pharmaceuticals Mallorca Women's Championships presented by Ecotrans Group,Round 1,2026-10-12T04Z,STATUS_SCHEDULED,Hard,TBD,,,TBD,,,,,,
wta,185490,Vanda Pharmaceuticals Mallorca Women's Championships presented by Ecotrans Group,Round 1,2026-10-12T04Z,STATUS_SCHEDULED,Hard,TBD,,,TBD,,,,,,
wta,185489,Vanda Pharmaceuticals Mallorca Women's Championships presented by Ecotrans Group,Round 1,2026-10-12T04Z,STATUS_SCHEDULED,Hard,TBD,,,TBD,,,,,,
wta,185488,Vanda Pharmaceuticals Mallorca Women's Championships presented by Ecotrans Group,Round 1,2026-10-12T04Z,STATUS_SCHEDULED,Hard,TBD,,,TBD,,,,,,
wta,185487,Vanda Pharmaceuticals Mallorca Women's Championships presented by Ecotrans Group,Round 1,2026-10-12T04Z,STATUS_SCHEDULED,Hard,TBD,,,TBD,,,,,,
wta,185486,Vanda Pharmaceuticals Mallorca Women's Championships presented by Ecotrans Group,Round 1,2026-10-12T04Z,STATUS_SCHEDULED,Hard,TBD,,,TBD,,,,,,
wta,185485,Vanda Pharmaceuticals Mallorca Women's Championships presented by Ecotrans Group,Round 1,2026-10-12T04Z,STATUS_SCHEDULED,Hard,TBD,,,TBD,,,,,,
wta,185392,Lisboa Belem Open,Round 1,2026-10-12T04Z,STATUS_SCHEDULED,Hard,TBD,,,TBD,,,,,,
wta,185406,Lisboa Belem Open,Round 1,2026-10-12T04Z,STATUS_SCHEDULED,Hard,TBD,,,TBD,,,,,,
wta,185405,Lisboa Belem Open,Round 1,2026-10-12T04Z,STATUS_SCHEDULED,Hard,TBD,,,TBD,,,,,,
wta,185404,Lisboa Belem Open,Round 1,2026-10-12T04Z,STATUS_SCHEDULED,Hard,TBD,,,TBD,,,,,,
wta,185402,Lisboa Belem Open,Round 1,2026-10-12T04Z,STATUS_SCHEDULED,Hard,TBD,,,TBD,,,,,,
wta,185391,Lisboa Belem Open,Round 1,2026-10-12T04Z,STATUS_SCHEDULED,Hard,TBD,,,TBD,,,,,,
wta,185393,Lisboa Belem Open,Round 1,2026-10-12T04Z,STATUS_SCHEDULED,Hard,TBD,,,TBD,,,,,,
wta,185394,Lisboa Belem Open,Round 1,2026-10-12T04Z,STATUS_SCHEDULED,Hard,TBD,,,TBD,,,,,,
wta,185395,Lisboa Belem Open,Round 1,2026-10-12T04Z,STATUS_SCHEDULED,Hard,TBD,,,TBD,,,,,,
wta,185396,Lisboa Belem Open,Round 1,2026-10-12T04Z,STATUS_SCHEDULED,Hard,TBD,,,TBD,,,,,,
wta,185397,Lisboa Belem Open,Round 1,2026-10-12T04Z,STATUS_SCHEDULED,Hard,TBD,,,TBD,,,,,,
wta,185398,Lisboa Belem Open,Round 1,2026-10-12T04Z,STATUS_SCHEDULED,Hard,TBD,,,TBD,,,,,,
wta,185399,Lisboa Belem Open,Round 1,2026-10-12T04Z,STATUS_SCHEDULED,Hard,TBD,,,TBD,,,,,,
wta,185403,Lisboa Belem Open,Round 1,2026-10-12T04Z,STATUS_SCHEDULED,Hard,TBD,,,TBD,,,,,,
wta,185401,Lisboa Belem Open,Round 1,2026-10-12T04Z,STATUS_SCHEDULED,Hard,TBD,,,TBD,,,,,,
wta,185400,Lisboa Belem Open,Round 1,2026-10-12T04Z,STATUS_SCHEDULED,Hard,TBD,,,TBD,,,,,,
atp,184948,Rolex Shanghai Masters,Round 4,2026-10-13T04Z,STATUS_SCHEDULED,Hard,TBD,,,TBD,,,,,,
atp,184949,Rolex Shanghai Masters,Round 4,2026-10-13T04Z,STATUS_SCHEDULED,Hard,TBD,,,TBD,,,,,,
atp,184950,Rolex Shanghai Masters,Round 4,2026-10-13T04Z,STATUS_SCHEDULED,Hard,TBD,,,TBD,,,,,,
atp,184951,Rolex Shanghai Masters,Round 4,2026-10-13T04Z,STATUS_SCHEDULED,Hard,TBD,,,TBD,,,,,,
atp,184952,Rolex Shanghai Masters,Round 4,2026-10-13T04Z,STATUS_SCHEDULED,Hard,TBD,,,TBD,,,,,,
atp,184953,Rolex Shanghai Masters,Round 4,2026-10-13T04Z,STATUS_SCHEDULED,Hard,TBD,,,TBD,,,,,,
atp,184958,Rolex Shanghai Masters,Round 4,2026-10-13T04Z,STATUS_SCHEDULED,Hard,TBD,,,TBD,,,,,,
atp,184959,Rolex Shanghai Masters,Round 4,2026-10-13T04Z,STATUS_SCHEDULED,Hard,TBD,,,TBD,,,,,,
wta,185345,Dongfeng Voyah Wuhan Open,Round 2,2026-10-14T04Z,STATUS_SCHEDULED,Hard,Karolina Muchova,10,1824,TBD,,,,,,
wta,185346,Dongfeng Voyah Wuhan Open,Round 2,2026-10-14T04Z,STATUS_SCHEDULED,Hard,TBD,,,TBD,,,,,,
wta,185347,Dongfeng Voyah Wuhan Open,Round 2,2026-10-14T04Z,STATUS_SCHEDULED,Hard,TBD,,,TBD,,,,,,
wta,185348,Dongfeng Voyah Wuhan Open,Round 2,2026-10-14T04Z,STATUS_SCHEDULED,Hard,TBD,,,Jessica Pegula,4,2070,,,,
wta,185349,Dongfeng Voyah Wuhan Open,Round 2,2026-10-14T04Z,STATUS_SCHEDULED,Hard,Elina Svitolina,8,1879,TBD,,,,,,
wta,185350,Dongfeng Voyah Wuhan Open,Round 2,2026-10-14T04Z,STATUS_SCHEDULED,Hard,TBD,,,TBD,,,,,,
wta,185351,Dongfeng Voyah Wuhan Open,Round 2,2026-10-14T04Z,STATUS_SCHEDULED,Hard,TBD,,,TBD,,,,,,
wta,185352,Dongfeng Voyah Wuhan Open,Round 2,2026-10-14T04Z,STATUS_SCHEDULED,Hard,TBD,,,Linda Noskova,13,1737,,,,
wta,185353,Dongfeng Voyah Wuhan Open,Round 2,2026-10-14T04Z,STATUS_SCHEDULED,Hard,TBD,,,TBD,,,,,,
wta,185354,Dongfeng Voyah Wuhan Open,Round 2,2026-10-14T04Z,STATUS_SCHEDULED,Hard,TBD,,,TBD,,,,,,
wta,185355,Dongfeng Voyah Wuhan Open,Round 2,2026-10-14T04Z,STATUS_SCHEDULED,Hard,TBD,,,Iga Swiatek,3,2244,,,,
wta,185356,Dongfeng Voyah Wuhan Open,Round 2,2026-10-14T04Z,STATUS_SCHEDULED,Hard,Mirra Andreeva,6,1956,TBD,,,,,,
wta,185357,Dongfeng Voyah Wuhan Open,Round 2,2026-10-14T04Z,STATUS_SCHEDULED,Hard,Aryna Sabalenka,1,2322,TBD,,,,,,
wta,185358,Dongfeng Voyah Wuhan Open,Round 2,2026-10-14T04Z,STATUS_SCHEDULED,Hard,TBD,,,TBD,,,,,,
wta,185359,Dongfeng Voyah Wuhan Open,Round 2,2026-10-14T04Z,STATUS_SCHEDULED,Hard,TBD,,,TBD,,,,,,
wta,185360,Dongfeng Voyah Wuhan Open,Round 2,2026-10-14T04Z,STATUS_SCHEDULED,Hard,TBD,,,Marta Kostyuk,12,1592,,,,
wta,185460,RoveretOpen Città della Pace,Round 2,2026-10-14T04Z,STATUS_SCHEDULED,Hard,TBD,,,TBD,,,,,,
wta,185440,RoveretOpen Città della Pace,Round 2,2026-10-14T04Z,STATUS_SCHEDULED,Hard,TBD,,,TBD,,,,,,
wta,185442,RoveretOpen Città della Pace,Round 2,2026-10-14T04Z,STATUS_SCHEDULED,Hard,TBD,,,TBD,,,,,,
wta,185445,RoveretOpen Città della Pace,Round 2,2026-10-14T04Z,STATUS_SCHEDULED,Hard,TBD,,,TBD,,,,,,
wta,185448,RoveretOpen Città della Pace,Round 2,2026-10-14T04Z,STATUS_SCHEDULED,Hard,TBD,,,TBD,,,,,,
wta,185457,RoveretOpen Città della Pace,Round 2,2026-10-14T04Z,STATUS_SCHEDULED,Hard,TBD,,,TBD,,,,,,
wta,185458,RoveretOpen Città della Pace,Round 2,2026-10-14T04Z,STATUS_SCHEDULED,Hard,TBD,,,TBD,,,,,,
wta,185455,RoveretOpen Città della Pace,Round 2,2026-10-14T04Z,STATUS_SCHEDULED,Hard,TBD,,,TBD,,,,,,
wta,185509,Vanda Pharmaceuticals Mallorca Women's Championships presented by Ecotrans Group,Round 2,2026-10-14T04Z,STATUS_SCHEDULED,Hard,TBD,,,TBD,,,,,,
wta,185508,Vanda Pharmaceuticals Mallorca Women's Championships presented by Ecotrans Group,Round 2,2026-10-14T04Z,STATUS_SCHEDULED,Hard,TBD,,,TBD,,,,,,
wta,185507,Vanda Pharmaceuticals Mallorca Women's Championships presented by Ecotrans Group,Round 2,2026-10-14T04Z,STATUS_SCHEDULED,Hard,TBD,,,TBD,,,,,,
wta,185506,Vanda Pharmaceuticals Mallorca Women's Championships presented by Ecotrans Group,Round 2,2026-10-14T04Z,STATUS_SCHEDULED,Hard,TBD,,,TBD,,,,,,
wta,185502,Vanda Pharmaceuticals Mallorca Women's Championships presented by Ecotrans Group,Round 2,2026-10-14T04Z,STATUS_SCHEDULED,Hard,TBD,,,TBD,,,,,,
wta,185501,Vanda Pharmaceuticals Mallorca Women's Championships presented by Ecotrans Group,Round 2,2026-10-14T04Z,STATUS_SCHEDULED,Hard,TBD,,,TBD,,,,,,
wta,185500,Vanda Pharmaceuticals Mallorca Women's Championships presented by Ecotrans Group,Round 2,2026-10-14T04Z,STATUS_SCHEDULED,Hard,TBD,,,TBD,,,,,,
wta,185499,Vanda Pharmaceuticals Mallorca Women's Championships presented by Ecotrans Group,Round 2,2026-10-14T04Z,STATUS_SCHEDULED,Hard,TBD,,,TBD,,,,,,
wta,185409,Lisboa Belem Open,Round 2,2026-10-14T04Z,STATUS_SCHEDULED,Hard,TBD,,,TBD,,,,,,
wta,185407,Lisboa Belem Open,Round 2,2026-10-14T04Z,STATUS_SCHEDULED,Hard,TBD,,,TBD,,,,,,
wta,185408,Lisboa Belem Open,Round 2,2026-10-14T04Z,STATUS_SCHEDULED,Hard,TBD,,,TBD,,,,,,
wta,185410,Lisboa Belem Open,Round 2,2026-10-14T04Z,STATUS_SCHEDULED,Hard,TBD,,,TBD,,,,,,
wta,185411,Lisboa Belem Open,Round 2,2026-10-14T04Z,STATUS_SCHEDULED,Hard,TBD,,,TBD,,,,,,
wta,185418,Lisboa Belem Open,Round 2,2026-10-14T04Z,STATUS_SCHEDULED,Hard,TBD,,,TBD,,,,,,
wta,185417,Lisboa Belem Open,Round 2,2026-10-14T04Z,STATUS_SCHEDULED,Hard,TBD,,,TBD,,,,,,
wta,185416,Lisboa Belem Open,Round 2,2026-10-14T04Z,STATUS_SCHEDULED,Hard,TBD,,,TBD,,,,,,
atp,184954,Rolex Shanghai Masters,Quarterfinal,2026-10-15T04Z,STATUS_SCHEDULED,Hard,TBD,,,TBD,,,,,,
atp,184955,Rolex Shanghai Masters,Quarterfinal,2026-10-15T04Z,STATUS_SCHEDULED,Hard,TBD,,,TBD,,,,,,
atp,184956,Rolex Shanghai Masters,Quarterfinal,2026-10-15T04Z,STATUS_SCHEDULED,Hard,TBD,,,TBD,,,,,,
atp,184957,Rolex Shanghai Masters,Quarterfinal,2026-10-15T04Z,STATUS_SCHEDULED,Hard,TBD,,,TBD,,,,,,
wta,185361,Dongfeng Voyah Wuhan Open,Round 3,2026-10-15T04Z,STATUS_SCHEDULED,Hard,TBD,,,TBD,,,,,,
wta,185362,Dongfeng Voyah Wuhan Open,Round 3,2026-10-15T04Z,STATUS_SCHEDULED,Hard,TBD,,,TBD,,,,,,
wta,185363,Dongfeng Voyah Wuhan Open,Round 3,2026-10-15T04Z,STATUS_SCHEDULED,Hard,TBD,,,TBD,,,,,,
wta,185364,Dongfeng Voyah Wuhan Open,Round 3,2026-10-15T04Z,STATUS_SCHEDULED,Hard,TBD,,,TBD,,,,,,
wta,185365,Dongfeng Voyah Wuhan Open,Round 3,2026-10-15T04Z,STATUS_SCHEDULED,Hard,TBD,,,TBD,,,,,,
wta,185366,Dongfeng Voyah Wuhan Open,Round 3,2026-10-15T04Z,STATUS_SCHEDULED,Hard,TBD,,,TBD,,,,,,
wta,185367,Dongfeng Voyah Wuhan Open,Round 3,2026-10-15T04Z,STATUS_SCHEDULED,Hard,TBD,,,TBD,,,,,,
wta,185368,Dongfeng Voyah Wuhan Open,Round 3,2026-10-15T04Z,STATUS_SCHEDULED,Hard,TBD,,,TBD,,,,,,
wta,185369,Dongfeng Voyah Wuhan Open,Quarterfinal,2026-10-16T04Z,STATUS_SCHEDULED,Hard,TBD,,,TBD,,,,,,
wta,185370,Dongfeng Voyah Wuhan Open,Quarterfinal,2026-10-16T04Z,STATUS_SCHEDULED,Hard,TBD,,,TBD,,,,,,
wta,185371,Dongfeng Voyah Wuhan Open,Quarterfinal,2026-10-16T04Z,STATUS_SCHEDULED,Hard,TBD,,,TBD,,,,,,
wta,185372,Dongfeng Voyah Wuhan Open,Quarterfinal,2026-10-16T04Z,STATUS_SCHEDULED,Hard,TBD,,,TBD,,,,,,
wta,185464,RoveretOpen Città della Pace,Quarterfinal,2026-10-16T04Z,STATUS_SCHEDULED,Hard,TBD,,,TBD,,,,,,
wta,185463,RoveretOpen Città della Pace,Quarterfinal,2026-10-16T04Z,STATUS_SCHEDULED,Hard,TBD,,,TBD,,,,,,
wta,185462,RoveretOpen Città della Pace,Quarterfinal,2026-10-16T04Z,STATUS_SCHEDULED,Hard,TBD,,,TBD,,,,,,
wta,185461,RoveretOpen Città della Pace,Quarterfinal,2026-10-16T04Z,STATUS_SCHEDULED,Hard,TBD,,,TBD,,,,,,
wta,185505,Vanda Pharmaceuticals Mallorca Women's Championships presented by Ecotrans Group,Quarterfinal,2026-10-16T04Z,STATUS_SCHEDULED,Hard,TBD,,,TBD,,,,,,
wta,185504,Vanda Pharmaceuticals Mallorca Women's Championships presented by Ecotrans Group,Quarterfinal,2026-10-16T04Z,STATUS_SCHEDULED,Hard,TBD,,,TBD,,,,,,
wta,185503,Vanda Pharmaceuticals Mallorca Women's Championships presented by Ecotrans Group,Quarterfinal,2026-10-16T04Z,STATUS_SCHEDULED,Hard,TBD,,,TBD,,,,,,
wta,185510,Vanda Pharmaceuticals Mallorca Women's Championships presented by Ecotrans Group,Quarterfinal,2026-10-16T04Z,STATUS_SCHEDULED,Hard,TBD,,,TBD,,,,,,
wta,185412,Lisboa Belem Open,Quarterfinal,2026-10-16T04Z,STATUS_SCHEDULED,Hard,TBD,,,TBD,,,,,,
wta,185415,Lisboa Belem Open,Quarterfinal,2026-10-16T04Z,STATUS_SCHEDULED,Hard,TBD,,,TBD,,,,,,
wta,185414,Lisboa Belem Open,Quarterfinal,2026-10-16T04Z,STATUS_SCHEDULED,Hard,TBD,,,TBD,,,,,,
wta,185413,Lisboa Belem Open,Quarterfinal,2026-10-16T04Z,STATUS_SCHEDULED,Hard,TBD,,,TBD,,,,,,
atp,184945,Rolex Shanghai Masters,Semifinal,2026-10-17T04Z,STATUS_SCHEDULED,Hard,TBD,,,TBD,,,,,,
atp,184946,Rolex Shanghai Masters,Semifinal,2026-10-17T04Z,STATUS_SCHEDULED,Hard,TBD,,,TBD,,,,,,
wta,185373,Dongfeng Voyah Wuhan Open,Semifinal,2026-10-17T04Z,STATUS_SCHEDULED,Hard,TBD,,,TBD,,,,,,
wta,185374,Dongfeng Voyah Wuhan Open,Semifinal,2026-10-17T04Z,STATUS_SCHEDULED,Hard,TBD,,,TBD,,,,,,
wta,185466,RoveretOpen Città della Pace,Semifinal,2026-10-17T04Z,STATUS_SCHEDULED,Hard,TBD,,,TBD,,,,,,
wta,185465,RoveretOpen Città della Pace,Semifinal,2026-10-17T04Z,STATUS_SCHEDULED,Hard,TBD,,,TBD,,,,,,
wta,185511,Vanda Pharmaceuticals Mallorca Women's Championships presented by Ecotrans Group,Semifinal,2026-10-17T04Z,STATUS_SCHEDULED,Hard,TBD,,,TBD,,,,,,
wta,185512,Vanda Pharmaceuticals Mallorca Women's Championships presented by Ecotrans Group,Semifinal,2026-10-17T04Z,STATUS_SCHEDULED,Hard,TBD,,,TBD,,,,,,
wta,185420,Lisboa Belem Open,Semifinal,2026-10-17T04Z,STATUS_SCHEDULED,Hard,TBD,,,TBD,,,,,,
wta,185419,Lisboa Belem Open,Semifinal,2026-10-17T04Z,STATUS_SCHEDULED,Hard,TBD,,,TBD,,,,,,
atp,184947,Rolex Shanghai Masters,Final,2026-10-18T04Z,STATUS_SCHEDULED,Hard,TBD,,,TBD,,,,,,
wta,185375,Dongfeng Voyah Wuhan Open,Final,2026-10-18T04Z,STATUS_SCHEDULED,Hard,TBD,,,TBD,,,,,,
wta,185467,RoveretOpen Città della Pace,Final,2026-10-18T04Z,STATUS_SCHEDULED,Hard,TBD,,,TBD,,,,,,
wta,185513,Vanda Pharmaceuticals Mallorca Women's Championships presented by Ecotrans Group,Final,2026-10-18T04Z,STATUS_SCHEDULED,Hard,TBD,,,TBD,,,,,,
wta,185421,Lisboa Belem Open,Final,2026-10-18T04Z,STATUS_SCHEDULED,Hard,TBD,,,TBD,,,,,,
