player,team,slot,injury,pos_row,depth,player_id
Liam Szarka,AF,QB1,1,QB,1,5238868
Evan Medders,AF,QB2,1,QB,2,5306440
Owen Allen,AF,RB1,1,RB,1,5223119
Rocco Conti,AF,RB2,1,RB,2,5223131
Gage LaDue,AF,RB3,1,RB,3,5295010
Simon Kibbee,AF,TE1,1,TE,1,5223147
Jonah Dawson,AF,WR1,1,WR1,1,5238876
Adam Hrynciw,AF,WR2,1,WR2,2,5223149
Matt Long,AF,WR3,1,WR3,3,5238869
Sylas Maiava-Alaimalo,AF,WR4+,1,WR4,4,5309672
Grant Wayne,AF,WR4+,1,WR4,5,5223116
Brayden Roggow,AKR,QB1,1,QB,1,5146903
Cibastian Broughton,AKR,QB2,1,QB,2,5198324
Jordan Gant,AKR,RB1,1,RB,1,5084582
Sean Patrick,AKR,RB2,1,RB,2,5146708
Marquese Williams,AKR,RB3,1,RB,3,4871050
Conner Cravaack,AKR,TE1,1,TE,1,5157315
Elijah Alexander,AKR,TE2,1,TE,2,5397589
Kyan Mason,AKR,WR1,1,WR1,1,5110019
Marcel Williams,AKR,WR2,1,WR2,2,5193341
Miles Burris,AKR,WR3,1,WR3,3,5193102
Brandon Hills,AKR,WR4+,1,WR4,4,5076653
Gentz Hilburn,AKR,WR4+,1,WR4,5,5397590
Keelon Russell,ALA,QB1,1,QB,1,5141629
Austin Mack,ALA,QB2,1,QB,2,5079508
Trae'shawn Brown,ALA,RB1,1,RB,1,5327659
Daniel Hill,ALA,RB2,1,RB,2,5079506
EJ Crowell,ALA,RB3,1,RB,3,5264688
Kaleb Edwards,ALA,TE1,1,TE,1,5142591
Marshall Pritchett,ALA,TE2,1,TE,2,5164343
Lotzeir Brooks,ALA,WR1,1,WR1,1,5141394
Rico Scott,ALA,WR2,1,WR2,2,5079714
Ryan Coleman-Williams,ALA,WR3,1,WR3,3,5141711
Noah Rogers,ALA,WR4+,1,WR4,4,4870929
Cederian Morgan,ALA,WR4+,1,WR4,5,5209924
Malachi Singleton,APP,QB1,1,QB,1,4870999
Henry Hasselbeck,APP,QB2,1,QB,2,5146664
Jaquari Lewis,APP,RB1,1,RB,1,5156152
Ja'Quez Cross,APP,RB2,1,RB,2,4700811
Treyaun Webb,APP,RB3,1,RB,3,4871065
Darrin Fugitt,APP,TE1,1,TE,1,4885469
Jamel Howse,APP,TE2,1,TE,2,5209334
Nate Branch,APP,WR1,1,WR1,1,5224355
Sam Pickett III,APP,WR2,1,WR2,2,5300543
Chris Lofton,APP,WR3,1,WR3,3,5092352
Alexander Sanchez,APP,WR4+,1,WR4,4,5199951
Jackson Grier,APP,WR4+,1,WR4,5,5077670
Noah Fifita,ARIZ,QB1,1,QB,1,4801717
Sawyer Anderson,ARIZ,QB2,1,QB,2,5158407
Kedrick Reescano,ARIZ,RB1,1,RB,1,4899361
Quincy Craig,ARIZ,RB2,1,RB,2,4804879
Antwan Roberts Jr.,ARIZ,RB3,1,RB,3,4612624
Tyler Powell,ARIZ,TE1,1,TE,1,4816108
Cole Rusk,ARIZ,TE2,1,TE,2,4709804
Tre Spivey,ARIZ,WR1,1,WR1,1,4891198
Isaiah Mizell,ARIZ,WR2,1,WR2,2,5198318
Chris Hunter III,ARIZ,WR3,1,WR3,3,5093837
Caleb Smith,ARIZ,WR4+,1,WR4,4,5214651
Brandon Phelps,ARIZ,WR4+,1,WR4,5,5121936
KJ Jackson,ARK,QB1,1,QB,1,5079516
AJ Hill,ARK,QB2,1,QB,2,5141473
Sutton Smith,ARK,RB1,1,RB,1,4805256
Cam Settles,ARK,RB2,1,RB,2,5222564
Braylen Russell,ARK,RB3,1,RB,3,5079589
Jaden Platt,ARK,TE1,1,TE,1,4899360
Ty Lockwood,ARK,TE2,1,TE,2,4870870
Chris Marshall,ARK,WR1,1,WR1,1,4717430
Donovan Faupel,ARK,WR2,1,WR2,2,5159139
Ismael Cisse,ARK,WR3,1,WR3,3,5120970
Jamari Hawkins,ARK,WR4+,1,WR4,4,4917349
CJ Brown,ARK,WR4+,1,WR4,5,5146719
Cale Hellums,ARMY,QB1,1,QB,1,5150297
Godspower Nwawuihe,ARMY,RB1,1,RB,1,5293685
Carson Smith,ARMY,RB2,1,RB,2,5150326
Jake Rendina,ARMY,RB3,1,RB,3,5150329
Parker Poloskey,ARMY,TE1,1,TE,1,5150333
Tex Brannan,ARMY,TE2,1,TE,2,5219468
Brady Anderson,ARMY,WR1,1,WR1,1,5219436
Zach Mundell,ARMY,WR2,1,WR2,2,5082118
Samari Howard,ARMY,WR3,1,WR3,3,5150316
Tobi Olawole,ARMY,WR4+,1,WR4,4,5150373
Brady Mott,ARMY,WR4+,1,WR4,5,5150328
Trey Owens,ARST,QB1,1,QB,1,5123665
Drew Dickey,ARST,QB2,1,QB,2,4713649
Solomon Baggett,ARST,RB1,1,RB,1,5327235
James Lee,ARST,RB2,1,RB,2,5446579
Ezell Jolly,ARST,RB3,1,RB,3,5121571
Tyler Little,ARST,TE1,1,TE,1,5122081
Jabari Bush,ARST,TE2,1,TE,2,5221048
Chauncy Cobb,ARST,WR1,1,WR1,1,5085496
Hunter Summers,ARST,WR2,1,WR2,2,5121601
Jaylen Bonelli,ARST,WR3,1,WR3,3,4870601
Nana Burris,ARST,WR4+,1,WR4,4,4877014
Cutter Boley,ASU,QB1,1,QB,1,5141378
Kyson Brown,ASU,RB1,1,RB,1,5110535
Marquis Gillis,ASU,RB2,1,RB,2,4900771
Cardae Mack,ASU,RB3,1,RB,3,5209382
AJ Ia,ASU,TE1,1,TE,1,5141480
Khamari Anderson,ASU,TE2,1,TE,2,4917619
Reed Harris,ASU,WR1,1,WR1,1,5031157
Omarion Miller,ASU,WR2,1,WR2,2,4870850
Raiden Vines-Bright,ASU,WR3,1,WR3,3,5164362
Cory Butler Jr.,ASU,WR4+,1,WR4,4,5164354
Jalen Moss,ASU,WR4+,1,WR4,5,4804883
Byrum Brown,AUB,QB1,1,QB,1,4880272
Jeremiah Cobb,AUB,RB1,1,RB,1,4870642
Omar Mabson II,AUB,RB2,1,RB,2,5217041
Bryson Washington,AUB,RB3,1,RB,3,4954455
Arlis Boardingham,AUB,TE1,1,TE,1,4702556
Jake Johnson,AUB,TE2,1,TE,2,4685414
Keshaun Singleton,AUB,WR1,1,WR1,1,5121879
Chas Nimrod,AUB,WR2,1,WR2,2,5081367
Christian Neptune,AUB,WR3,1,WR3,3,5296027
Jeremiah Koger,AUB,WR4+,1,WR4,4,5209679
DeShawn Spencer,AUB,WR4+,1,WR4,5,5209337
Keldric Luster,BALL,QB1,1,QB,1,5075392
Tyler Mizzell,BALL,QB2,1,QB,2,5152153
TJ Horton,BALL,RB1,1,RB,1,5077876
Johnny Thompson Jr.,BALL,RB2,1,RB,2,4899137
Jalen Bonds,BALL,RB3,1,RB,3,5265528
Alex Scherle,BALL,TE1,1,TE,1,5082283
Tate Hoover,BALL,TE2,1,TE,2,5295205
Donovan Hamilton,BALL,WR1,1,WR1,1,5191056
Jabari Smith,BALL,WR2,1,WR2,2,5078533
Jamarion McDougle,BALL,WR3,1,WR3,3,5222761
Isaiah Thacker,BALL,WR4+,1,WR4,4,5078053
Ace Cooper,BALL,WR4+,1,WR4,5,5385742
DJ Lagway,BAY,QB1,1,QB,1,5079555
Nate Bennett,BAY,QB2,1,QB,2,5145459
Dawson Pendergrass,BAY,RB1,1,RB,1,4921517
Caden Knighten,BAY,RB2,1,RB,2,5295723
Michael Turner,BAY,RB3,1,RB,3,5295724
Tony Livingston,BAY,TE1,1,TE,1,5121893
Hawkins Polley,BAY,TE2,1,TE,2,4910222
Gavin Freeman,BAY,WR1,1,WR1,1,4896289
Louis Brown IV,BAY,WR2,1,WR2,2,4896389
Jadon Porter,BAY,WR3,1,WR3,3,5079627
Jayden McGowan,BAY,WR4+,1,WR4,4,4883774
Dre'lon Miller,BAY,WR4+,1,WR4,5,5079612
Mason McKenzie,BC,QB1,1,QB,1,5307005
Evan Dickens,BC,RB1,1,RB,1,5076122
Bo MacCormack III,BC,RB2,1,RB,2,5208592
Team,BC,RB3,1,RB,3,-5408
Danny Edgehille,BC,TE1,1,TE,1,5222675
Zeke Moore,BC,TE2,1,TE,2,5077304
Javarius Green,BC,WR1,1,WR1,1,5146747
Jaedn Skeete,BC,WR2,1,WR2,2,4871001
Dawson Pough,BC,WR3,1,WR3,3,5214566
Johnathan Montague Jr.,BC,WR4+,1,WR4,4,5222689
Nedrick Boldin Jr.,BC,WR4+,1,WR4,5,5203610
Jay Kastantin,BGSU,QB1,1,QB,1,5385753
Austin Novosad,BGSU,QB2,1,QB,2,4912647
Austyn Dendy,BGSU,RB1,1,RB,1,5147347
Nakai Amachree,BGSU,RB2,1,RB,2,5219017
Ke'Marion Baldwin,BGSU,RB3,1,RB,3,5121607
Eli Jacon-Duffy,BGSU,TE1,1,TE,1,5193300
Jeremiah Scoby,BGSU,TE2,1,TE,2,5207804
Brennan Ridley,BGSU,WR1,1,WR1,1,5226453
Winn Sharp,BGSU,WR2,1,WR2,2,5193284
Pauly Sadler,BGSU,WR3,1,WR3,3,5302828
Trey Johnson,BGSU,WR4+,1,WR4,4,4912186
Maddux Madsen,BOIS,QB1,1,QB,1,4870513
Dylan Riley,BOIS,RB1,1,RB,1,5146712
Harry Stewart III,BOIS,RB2,1,RB,2,5126514
Sire Gaines,BOIS,RB3,1,RB,3,5147379
Matt Wagner,BOIS,TE1,1,TE,1,5080888
Keawe Browne,BOIS,TE2,1,TE,2,5382290
Rasean Jones,BOIS,WR1,1,WR1,1,5290573
Ben Ford,BOIS,WR2,1,WR2,2,4714341
Akeem Wright,BOIS,WR3,1,WR3,3,5120669
Cam Bates,BOIS,WR4+,1,WR4,4,5157187
Qumonte Williams Jr.,BOIS,WR4+,1,WR4,5,5252200
Jason Wright,BUF,QB1,1,QB,1,5222591
Messiah Burch,BUF,RB1,1,RB,1,5151369
Nino Hill,BUF,RB2,1,RB,2,5216690
James McNeil Jr.,BUF,RB3,1,RB,3,5194659
Clint Walker,BUF,TE1,1,TE,1,5387612
Trevor Wilson,BUF,TE2,1,TE,2,5095138
Chance Morrow,BUF,WR1,1,WR1,1,4869601
Jaylen Andrews,BUF,WR2,1,WR2,2,5387611
Dwayne Early Jr.,BUF,WR3,1,WR3,3,5295436
Patrick Clacks III,BUF,WR4+,1,WR4,4,5084704
Phillip Folmar,BUF,WR4+,1,WR4,5,5236366
Bear Bachmeier,BYU,QB1,1,QB,1,5141367
Treyson Bourguet,BYU,QB2,1,QB,2,4688540
LJ Martin,BYU,RB1,1,RB,1,4918126
Preston Rex,BYU,RB2,1,RB,2,5092200
Journee Tonga,BYU,RB3,1,RB,3,5393157
Walker Lyons,BYU,TE1,1,TE,1,5221043
Roger Saleapaga II,BYU,TE2,1,TE,2,5130407
Legend Glasker,BYU,WR1,1,WR1,1,5279329
Kyler Kasper,BYU,WR2,1,WR2,2,4870876
Jojo Phillips,BYU,WR3,1,WR3,3,5160955
Reggie Frischknecht,BYU,WR4+,1,WR4,4,5296269
Jaron-Keawe Sagapolutele,CAL,QB1,1,QB,1,5164313
Jackson Brousseau,CAL,QB2,1,QB,2,5054036
Ashten Emory,CAL,RB1,1,RB,1,5192899
Adam Mohammed,CAL,RB2,1,RB,2,5147861
Tyree Sams,CAL,RB3,1,RB,3,5277128
Mason Mini,CAL,TE1,1,TE,1,5165154
Taimane Purcell,CAL,TE2,1,TE,2,5217177
Chase Hendricks,CAL,WR1,1,WR1,1,4921110
Ian Strong,CAL,WR2,1,WR2,2,5075390
Kyion Grayes,CAL,WR3,1,WR3,3,4688541
Cooper Perry,CAL,WR4+,1,WR4,4,5141597
Mark Hamper,CAL,WR4+,1,WR4,5,5165117
Deuce Bailey,CCU,QB1,1,QB,1,5296439
Trever Jackson,CCU,QB2,1,QB,2,5126470
Dominic Lee-Knicely,CCU,RB1,1,RB,1,5203477
Jevon Edwards,CCU,RB2,1,RB,2,5265325
Jaden Allen-Hendrix,CCU,RB3,1,RB,3,5193388
Ben Verges,CCU,TE1,1,TE,1,5379841
Cyrus Ellison,CCU,TE2,1,TE,2,5095242
Karmello English,CCU,WR1,1,WR1,1,4870699
Tristian Gardner,CCU,WR2,1,WR2,2,5296438
Robby Washington,CCU,WR3,1,WR3,3,4871022
Clayton Coppock Jr.,CCU,WR4+,1,WR4,4,5265446
Goldie Lawrence,CCU,WR4+,1,WR4,5,5150845
JC French IV,CIN,QB1,1,QB,1,4685345
Samaj Jones,CIN,QB2,1,QB,2,5089327
Gi'Bran Payne,CIN,RB1,1,RB,1,4685509
Cole Tabb,CIN,RB2,1,RB,2,5107875
Zion Johnson,CIN,RB3,1,RB,3,5141488
Gavin Grover,CIN,TE1,1,TE,1,5079429
Lyviel Waters,CIN,TE2,1,TE,2,5219190
Isaiah Johnson,CIN,WR1,1,WR1,1,5225509
JV Gibson,CIN,WR2,1,WR2,2,5229489
Larenzo Fenner,CIN,WR3,1,WR3,3,5155062
Malachi Henry,CIN,WR4+,1,WR4,4,5152045
Elijah Jones,CIN,WR4+,1,WR4,5,5079474
Tait Reynolds,CLEM,QB1,1,QB,1,5159078
Chris Denson,CLEM,QB2,1,QB,2,5210003
Gideon Davidson,CLEM,RB1,1,RB,1,5141422
Chris Johnson Jr.,CLEM,RB2,1,RB,2,5159948
Jarvis Green,CLEM,RB3,1,RB,3,5093141
Christian Bentancur,CLEM,TE1,1,TE,1,5079324
Olsen Patt-Henry,CLEM,TE2,1,TE,2,5150561
Bryant Wesco Jr.,CLEM,WR1,1,WR1,1,5112674
Tyler Brown,CLEM,WR2,1,WR2,2,4379471
T.J. Moore,CLEM,WR3,1,WR3,3,5218753
Juju Preston,CLEM,WR4+,1,WR4,4,5156116
Gordon Sellars III,CLEM,WR4+,1,WR4,5,5371961
Cole Gonzales,CLT,QB1,1,QB,1,5089540
Conner Harrell,CLT,QB2,1,QB,2,4801306
Khamani Alexander,CLT,RB1,1,RB,1,5148741
Henry Rutledge,CLT,RB2,1,RB,2,4879655
D'Mariun Perteet,CLT,RB3,1,RB,3,5295750
Logan Mauldin,CLT,TE1,1,TE,1,4606685
Jason Jeffares,CLT,TE2,1,TE,2,5151037
Jaden Barnes,CLT,WR1,1,WR1,1,5153730
Jaylen Hampton,CLT,WR2,1,WR2,2,5156879
Derrick Eley,CLT,WR3,1,WR3,3,5228760
Zyheem Collick,CLT,WR4+,1,WR4,4,5226267
Angel Flores,CMU,QB1,1,QB,1,5084769
Jadyn Glasser,CMU,QB2,1,QB,2,5149056
Jayden Clerveaux,CMU,RB1,1,RB,1,5157391
Nick Woodford,CMU,RB2,1,RB,2,5305463
Vaughn Blue,CMU,RB3,1,RB,3,5122147
Myles Peters,CMU,TE1,1,TE,1,5387646
Gavin Spillers,CMU,TE2,1,TE,2,5387647
Justin Ruffin Jr.,CMU,WR1,1,WR1,1,5295488
Shawn Foster II,CMU,WR2,1,WR2,2,5221139
Langston Lewis,CMU,WR3,1,WR3,3,4869694
Nasir Williams,CMU,WR4+,1,WR4,4,5193288
Braylen Naves,CMU,WR4+,1,WR4,5,5216575
Isaac Wilson,COLO,QB1,1,QB,1,5079771
Julian Lewis,COLO,QB2,1,QB,2,5159016
JaQuail Smith,COLO,RB1,1,RB,1,5301028
Micah Welch,COLO,RB2,1,RB,2,5079626
DeKalon Taylor,COLO,RB3,1,RB,3,5096878
Charlie Williams,COLO,TE1,1,TE,1,5122077
Fisher Clements,COLO,TE2,1,TE,2,5083249
Joseph Williams,COLO,WR1,1,WR1,1,5189530
Quanell Farrakhan Jr.,COLO,WR2,1,WR2,2,5141445
DeAndre Moore Jr.,COLO,WR3,1,WR3,3,4870860
Quentin Gibson,COLO,WR4+,1,WR4,4,5239157
Ernest Campbell,COLO,WR4+,1,WR4,5,5079370
Kalieb Osborne,CONN,QB1,1,QB,1,5079619
Tucker McDonald,CONN,QB2,1,QB,2,5077806
Cyncir Bowers,CONN,RB1,1,RB,1,5296247
Trey Cornist,CONN,RB2,1,RB,2,5075952
Kenji Christian,CONN,RB3,1,RB,3,4689529
Matt Ragan,CONN,TE1,1,TE,1,4698471
Xavier Watson,CONN,TE2,1,TE,2,5222571
Javon Brown,CONN,WR1,1,WR1,1,5193720
Ryder Treadway,CONN,WR2,1,WR2,2,5228882
Ky Wilson,CONN,WR3,1,WR3,3,5300740
JD Willoughby,CONN,WR4+,1,WR4,4,5125750
Shamar Porter,CONN,WR4+,1,WR4,5,4870959
K'saan Farrar,CSU,QB1,1,QB,1,5212610
Hauss Hejny,CSU,QB2,1,QB,2,5079443
Durell Robinson,CSU,RB1,1,RB,1,4894661
Mel Brown,CSU,RB2,1,RB,2,5095078
Oliver Lundberg,CSU,RB3,1,RB,3,5193222
Juice Vereen,CSU,TE1,1,TE,1,4899418
Nader Chirchi,CSU,TE2,1,TE,2,5121898
RJ Vick,CSU,WR1,1,WR1,1,5232343
Terrence Smith Jr.,CSU,WR2,1,WR2,2,5193168
Tommy Maher,CSU,WR3,1,WR3,3,5219136
Jackson Harper,CSU,WR4+,1,WR4,4,5077803
Cedric Ross,CSU,WR4+,1,WR4,5,5290862
Nick Minicucci,DEL,QB1,1,QB,1,5153846
EJ Archield Jr.,DEL,QB2,1,QB,2,5296312
Jo Silver,DEL,RB1,1,RB,1,5086952
Kaderris Roberts,DEL,RB2,1,RB,2,4887640
Viron Ellison Jr.,DEL,RB3,1,RB,3,5161800
Elijah Sessoms,DEL,TE1,1,TE,1,5086956
Scott Moore,DEL,TE2,1,TE,2,5296328
Sean Wilson,DEL,WR1,1,WR1,1,5224764
Da'Wain Lofton,DEL,WR2,1,WR2,2,4680024
Bryson Graves,DEL,WR3,1,WR3,3,5157266
Donovan Lewis,DEL,WR4+,1,WR4,4,5153870
Matthew McKinley-Daniels,DEL,WR4+,1,WR4,5,5224783
Walker Eget,DUKE,QB1,1,QB,1,4694149
Dan Mahan,DUKE,QB2,1,QB,2,5185699
Nate Sheppard,DUKE,RB1,1,RB,1,5164332
CJ Campbell Jr.,DUKE,RB2,1,RB,2,4873588
Jayvian Tanelus,DUKE,RB3,1,RB,3,5272781
Jeremiah Hasley,DUKE,TE1,1,TE,1,4869728
Jake Taylor,DUKE,TE2,1,TE,2,3949586
Jonah Burton,DUKE,WR1,1,WR1,1,4879192
Jaivon Solomon,DUKE,WR2,1,WR2,2,5200108
Jared Richardson,DUKE,WR3,1,WR3,3,5084409
Jayden Moore,DUKE,WR4+,1,WR4,4,5079610
Kavon Simmons,DUKE,WR4+,1,WR4,5,5216844
Emory Williams,ECU,QB1,1,QB,1,5075800
Mitch Griffis,ECU,QB2,1,QB,2,4433829
TJ Engleman Jr.,ECU,RB1,1,RB,1,5079419
Michael Allen,ECU,RB2,1,RB,2,4685237
Ashton Gray,ECU,RB3,1,RB,3,5194306
Ismael Smith Flores,ECU,TE1,1,TE,1,5125012
Kanen Hamlett,ECU,TE2,1,TE,2,4911906
Ray Ray Joseph Jr.,ECU,WR1,1,WR1,1,4870770
Jeremiah Melvin,ECU,WR2,1,WR2,2,5145453
Ja'Keith Hamilton,ECU,WR3,1,WR3,3,5153369
Dillon Lorick,ECU,WR4+,1,WR4,4,5148837
Jason Dickerson,ECU,WR4+,1,WR4,5,5226083
Noah Kim,EMU,QB1,1,QB,1,4690158
Jace Stuckey,EMU,QB2,1,QB,2,5144207
Joey Mattord,EMU,RB1,1,RB,1,5125733
Amareon Blue,EMU,RB2,1,RB,2,5222594
Braydon Bennett,EMU,RB3,1,RB,3,4608922
Joshua Long,EMU,TE1,1,TE,1,5295532
Tanner Lemaster,EMU,TE2,1,TE,2,4918453
Benson Prosper,EMU,WR1,1,WR1,1,5295525
Harold Mack,EMU,WR2,1,WR2,2,5211694
Antonio Floyd,EMU,WR3,1,WR3,3,5148852
Kozy Isaac,EMU,WR4+,1,WR4,4,5295531
Nick Devereaux,EMU,WR4+,1,WR4,5,5083205
Caden Veltkamp,FAU,QB1,1,QB,1,4869991
Drew Devillier,FAU,QB2,1,QB,2,5219898
Ethan Ervin,FAU,RB1,1,RB,1,5215500
Leonard Farrow,FAU,RB2,1,RB,2,5390418
Brady Tillman III,FAU,RB3,1,RB,3,5122155
AJ Johnson,FAU,TE1,1,TE,1,4878788
Peter Cannon,FAU,TE2,1,TE,2,5390431
Kelby Valsin,FAU,WR1,1,WR1,1,4920163
Easton Messer,FAU,WR2,1,WR2,2,4914830
Dominique Henry,FAU,WR3,1,WR3,3,4917048
RJ Garcia II,FAU,WR4+,1,WR4,4,4683543
Antojuan Woody,FAU,WR4+,1,WR4,5,5390417
JJ Kohl,FIU,QB1,1,QB,1,4870883
Zach Marker,FIU,QB2,1,QB,2,5153845
Anthony Carrie,FIU,RB1,1,RB,1,5079372
Devonte Lyons,FIU,RB2,1,RB,2,5146722
Sterling Joseph,FIU,RB3,1,RB,3,5164324
James Resar,FIU,TE1,1,TE,1,5079684
Jackson Verdugo,FIU,TE2,1,TE,2,5236210
Maguire Anderson,FIU,WR1,1,WR1,1,4879999
Tyson Carter,FIU,WR2,1,WR2,2,5222534
Jojo Stone,FIU,WR3,1,WR3,3,5218988
Greg Gaines III,FIU,WR4+,1,WR4,4,4685356
Kyle McNeal,FIU,WR4+,1,WR4,5,5121664
Aaron Philo,FLA,QB1,1,QB,1,5132812
Tramell Jones Jr.,FLA,QB2,1,QB,2,5295814
Jadan Baugh,FLA,RB1,1,RB,1,5079322
Duke Clark,FLA,RB2,1,RB,2,5295815
Evan Pryor,FLA,RB3,1,RB,3,4432757
Luke Harpring,FLA,TE1,1,TE,1,5218907
Amir Jackson,FLA,TE2,1,TE,2,5139093
Dallas Wilson,FLA,WR1,1,WR1,1,5141723
Bailey Stockton,FLA,WR2,1,WR2,2,5125593
Vernell Brown III,FLA,WR3,1,WR3,3,5295811
TJ Abrams,FLA,WR4+,1,WR4,4,5079289
Eric Singleton Jr.,FLA,WR4+,1,WR4,5,5095360
Jayden Mandal,FRES,QB1,1,QB,1,5010409
Bryson Donelson,FRES,RB1,1,RB,1,5175334
Rayshon Luke,FRES,RB2,1,RB,2,4685445
Julius Gillick,FRES,RB3,1,RB,3,5262650
Gavin Correia,FRES,TE1,1,TE,1,5295221
Dallas Gaius-Anyaegbu,FRES,TE2,1,TE,2,5291743
Josiah Freeman,FRES,WR1,1,WR1,1,5092483
Ezekiel Avit,FRES,WR2,1,WR2,2,5121384
Jayon Farrar,FRES,WR3,1,WR3,3,5295211
Jahlil McClain,FRES,WR4+,1,WR4,4,4870923
Jaylen Garrison,FRES,WR4+,1,WR4,5,5223892
Ashton Daniels,FSU,QB1,1,QB,1,4838679
Kevin Sperry,FSU,QB2,1,QB,2,5141661
Ousmane Kromah,FSU,RB1,1,RB,1,5141560
Quintrevion Wisner,FSU,RB2,1,RB,2,4871076
Samuel Singleton Jr.,FSU,RB3,1,RB,3,4870955
Chase Loftin,FSU,TE1,1,TE,1,5164345
Landen Thomas,FSU,TE2,1,TE,2,5079738
Micahi Danzy,FSU,WR1,1,WR1,1,5088153
Duce Robinson,FSU,WR2,1,WR2,2,4870922
Jayvan Boggs,FSU,WR3,1,WR3,3,5164350
Jasen Lopez,FSU,WR4+,1,WR4,4,5222974
Max Johnson,GASO,QB1,1,QB,1,4685740
Weston Bryan,GASO,QB2,1,QB,2,5212641
David Mbadinga,GASO,RB1,1,RB,1,5151112
Taeo Todd,GASO,RB2,1,RB,2,5155780
Jamarian Samuel,GASO,RB3,1,RB,3,5151111
River Helms,GASO,TE1,1,TE,1,4698179
Alex Taylor,GASO,WR1,1,WR1,1,5079736
Josh Dallas,GASO,WR2,1,WR2,2,4838527
Andre Greene Jr.,GASO,WR3,1,WR3,3,4685364
Jeremiah Ware,GASO,WR4+,1,WR4,4,5223093
Zay Hilliard,GASO,WR4+,1,WR4,5,5303239
Cameran Brown,GAST,QB1,1,QB,1,5193926
Ayden Pereira,GAST,QB2,1,QB,2,5083490
Lanear McCrary Jr.,GAST,RB1,1,RB,1,5233868
Qwantavius Wiggins,GAST,RB2,1,RB,2,5244023
Dennis Murray Jr.,GAST,RB3,1,RB,3,5146273
Grant Hollier,GAST,TE1,1,TE,1,5229332
Avion McBride,GAST,TE2,1,TE,2,4888163
DJ Riles,GAST,WR1,1,WR1,1,4812474
Rodshaun Dorsey,GAST,WR2,1,WR2,2,5225013
Derrick Avery Jr.,GAST,WR3,1,WR3,3,5216495
Kyle Washington,GAST,WR4+,1,WR4,4,5149004
Isaiah Stone,GAST,WR4+,1,WR4,5,5218720
Alberto Mendoza,GT,QB1,1,QB,1,5191162
Grady Adamson,GT,QB2,1,QB,2,5207610
Justice Haynes,GT,RB1,1,RB,1,4870760
Trelain Maddox,GT,RB2,1,RB,2,5103639
Malachi Hosley,GT,RB3,1,RB,3,5155366
Kevin Roche Jr.,GT,TE1,1,TE,1,5215629
Chris Corbo,GT,TE2,1,TE,2,5085509
Dalen Penson,GT,WR1,1,WR1,1,5199859
Jordan Allen,GT,WR2,1,WR2,2,5141362
Rahkeem Smith,GT,WR3,1,WR3,3,5085830
Jaiven Plummer,GT,WR4+,1,WR4,4,4703030
Debron Gatling,GT,WR4+,1,WR4,5,5079441
Micah Alejado,HAW,QB1,1,QB,1,5101124
Team,HAW,QB2,1,QB,2,-6139
DeVon Rice,HAW,RB1,1,RB,1,5079651
Cam Barfield,HAW,RB2,1,RB,2,4869582
Sitani Mikaele,HAW,RB3,1,RB,3,5218869
Devon Tauaefa,HAW,TE1,1,TE,1,4819259
Frank Abreu,HAW,TE2,1,TE,2,5173623
Tama Uiliata,HAW,WR1,1,WR1,1,5218881
Kainoa Carvalho,HAW,WR2,1,WR2,2,5085972
Audric Harris,HAW,WR3,1,WR3,3,5079499
Devin Alves,HAW,WR4+,1,WR4,4,4917119
Carson Brown,HAW,WR4+,1,WR4,5,5081863
Conner Weigman,HOU,QB1,1,QB,1,4685574
Re'Shaun Sanford II,HOU,RB1,1,RB,1,5078223
Makhi Hughes,HOU,RB2,1,RB,2,4816098
Team,HOU,RB3,1,RB,3,-6175
Patrick Overmyer,HOU,TE1,1,TE,1,5120299
Luke McGary,HOU,TE2,1,TE,2,5125734
Amare Thomas,HOU,WR1,1,WR1,1,5077060
Trent Walker,HOU,WR2,1,WR2,2,4879567
Koby Young,HOU,WR3,1,WR3,3,5146728
Katin Houser,ILL,QB1,1,QB,1,4795295
Carson Boyd,ILL,QB2,1,QB,2,5196352
Aidan Laughery,ILL,RB1,1,RB,1,4827047
Ca'Lil Valentine,ILL,RB2,1,RB,2,5106299
Jordan Anderson,ILL,RB3,1,RB,3,4826636
Davin Stoffel,ILL,TE1,1,TE,1,5154729
Christian Abney,ILL,TE2,1,TE,2,5076651
Collin Dixon,ILL,WR1,1,WR1,1,4923226
Hudson Clement,ILL,WR2,1,WR2,2,5100582
Brayden Trimble,ILL,WR3,1,WR3,3,5211769
Ty Robinson,ILL,WR4+,1,WR4,4,4689721
Hank Brown,IOWA,QB1,1,QB,1,5089314
Jeremy Hecklinski,IOWA,QB2,1,QB,2,5121030
Kamari Moulton,IOWA,RB1,1,RB,1,5093886
Braeden Jackson,IOWA,RB2,1,RB,2,5295539
Nathan McNeil,IOWA,RB3,1,RB,3,5246572
DJ Vonnahme,IOWA,TE1,1,TE,1,5218931
Addison Ostrenga,IOWA,TE2,1,TE,2,4873456
Tony Diaz,IOWA,WR1,1,WR1,1,5300856
Reece Vander Zee,IOWA,WR2,1,WR2,2,5138293
Evan James,IOWA,WR3,1,WR3,3,5300482
Jarriett Buie,IOWA,WR4+,1,WR4,4,5075920
Dayton Howard,IOWA,WR4+,1,WR4,5,5119233
Jaylen Raynor,ISU,QB1,1,QB,1,5080403
Connor Moberly,ISU,QB2,1,QB,2,5140620
Aiden Flora,ISU,RB1,1,RB,1,5219258
Arnold Barnes III,ISU,RB2,1,RB,2,5110516
Cameron Pettaway,ISU,RB3,1,RB,3,5194663
Vince Benetti,ISU,TE1,1,TE,1,5150693
Tyler Fortenberry,ISU,TE2,1,TE,2,5218664
Cody Jackson,ISU,WR1,1,WR1,1,4875853
Omari Hayes,ISU,WR2,1,WR2,2,4837269
Dominic Overby,ISU,WR3,1,WR3,3,5192958
Ty Claiborne,ISU,WR4+,1,WR4,4,5081882
Jamal Polite Jr.,ISU,WR4+,1,WR4,5,5326123
Josh Hoover,IU,QB1,1,QB,1,4685401
Grant Wilson,IU,QB2,1,QB,2,4695867
Lee Beebe Jr.,IU,RB1,1,RB,1,5091725
Turbo Richard,IU,RB2,1,RB,2,5146724
Sean Cuono,IU,RB3,1,RB,3,5164320
Andrew Barker,IU,TE1,1,TE,1,5216524
Charlie Becker,IU,WR1,1,WR1,1,5146735
Nick Marsh,IU,WR2,1,WR2,2,5079600
Shazz Preston,IU,WR3,1,WR3,3,4685516
Davion Chandler,IU,WR4+,1,WR4,4,5205460
Tyler Morris,IU,WR4+,1,WR4,5,4685464
Camden Coleman,JMU,QB1,1,QB,1,5153978
George Pettaway,JMU,RB1,1,RB,1,4685494
Nick Herman,JMU,RB2,1,RB,2,5298748
Seth Cromwell,JMU,RB3,1,RB,3,5225435
Cole Keller,JMU,TE1,1,TE,1,5301871
KD Mosley,JMU,TE2,1,TE,2,5227231
Corey Scott,JMU,WR1,1,WR1,1,5165803
Michael Scott,JMU,WR2,1,WR2,2,5214955
Braeden Wisloski,JMU,WR3,1,WR3,3,5078227
Jeremiah Harrison,JMU,WR4+,1,WR4,4,5301873
Noah Grevious,JMU,WR4+,1,WR4,5,5225335
Caden Creel,JXST,QB1,1,QB,1,5122157
Lucas Farrington,JXST,RB1,1,RB,1,5257214
Jalen Likely,JXST,RB2,1,RB,2,5226551
Khristian Lando,JXST,RB3,1,RB,3,5226550
Luke Gilbert,JXST,TE1,1,TE,1,5265478
Jameson Scissum,JXST,TE2,1,TE,2,5265499
Darius Cannon,JXST,WR1,1,WR1,1,5160197
Deondre Johnson,JXST,WR2,1,WR2,2,5069231
Jamill Williams,JXST,WR3,1,WR3,3,5087930
Ronnel Johnson,JXST,WR4+,1,WR4,4,5161162
Dylan Gentry,JXST,WR4+,1,WR4,5,5219036
Rickie Collins,KENN,QB1,1,QB,1,4870645
Skyler Williams,KENN,QB2,1,QB,2,5265536
Boogie Woods III,KENN,RB1,1,RB,1,5220641
Latrelle Murrell,KENN,RB2,1,RB,2,5224714
Triston Morgan,KENN,RB3,1,RB,3,5234086
Jamari Harrold,KENN,TE1,1,TE,1,5265450
Reed Jesiolowski,KENN,TE2,1,TE,2,5147382
Brayden Munroe,KENN,WR1,1,WR1,1,5168788
Zion Booker,KENN,WR2,1,WR2,2,5159362
Javon Rogers,KENN,WR3,1,WR3,3,5147191
Navelle Dean,KENN,WR4+,1,WR4,4,5154227
Davis Bryson,KENN,WR4+,1,WR4,5,5083103
Dru DeShields,KENT,QB1,1,QB,1,5119841
Deante Ruffin,KENT,QB2,1,QB,2,5141625
Brandon White,KENT,RB1,1,RB,1,5327601
Mason King,KENT,RB2,1,RB,2,4875755
Hunter Hopperton,KENT,RB3,1,RB,3,5083407
Terik Mulder,KENT,TE1,1,TE,1,5088143
Zy'aire Fletcher,KENT,TE2,1,TE,2,5211188
Da'Realyst Clark,KENT,WR1,1,WR1,1,5295590
Wayne Harris,KENT,WR2,1,WR2,2,5147053
Ardell Banks,KENT,WR3,1,WR3,3,5027432
Jared Kelley,KENT,WR4+,1,WR4,4,5122047
Matthew Maxey,KENT,WR4+,1,WR4,5,5263587
Avery Johnson,KSU,QB1,1,QB,1,4870857
Joe Jackson,KSU,RB1,1,RB,1,5078916
Rodney Fields Jr.,KSU,RB2,1,RB,2,5125335
Jay Harris,KSU,RB3,1,RB,3,5193496
Garrett Oakley,KSU,TE1,1,TE,1,4804882
Will Anciaux,KSU,TE2,1,TE,2,4920187
Brandon White,KSU,WR1,1,WR1,1,4894839
Derrick Salley Jr.,KSU,WR2,1,WR2,2,5384681
Jaron Tibbs,KSU,WR3,1,WR3,3,5078225
Josh Manning,KSU,WR4+,1,WR4,4,4921113
Izaiah Williams,KSU,WR4+,1,WR4,5,5079769
Isaiah Marshall,KU,QB1,1,QB,1,5079604
Chase Jenkins,KU,QB2,1,QB,2,4986096
Dylan Edwards,KU,RB1,1,RB,1,4918414
Jalen Dupree,KU,RB2,1,RB,2,5193112
Yasin Willis,KU,RB3,1,RB,3,5079749
Carson Bruhn,KU,TE1,1,TE,1,5142704
Jailen Butler,KU,TE2,1,TE,2,5151966
Cam Pickett,KU,WR1,1,WR1,1,4869603
Nik McMillan,KU,WR2,1,WR2,2,4869730
Nahzae Cox,KU,WR3,1,WR3,3,5296407
Bryson Hayes,KU,WR4+,1,WR4,4,5151868
Keaton Kubecka,KU,WR4+,1,WR4,5,4924150
Deshawn Purdie,LIB,QB1,1,QB,1,5138131
Jaylen Henderson,LIB,QB2,1,QB,2,4602923
Kam Davis,LIB,RB1,1,RB,1,5079364
Peyton Jones,LIB,RB2,1,RB,2,4923298
Jaylon Coleman,LIB,RB3,1,RB,3,5296294
Zeke Wimbush,LIB,TE1,1,TE,1,5091845
Caleb Ryan,LIB,TE2,1,TE,2,5162406
Makai Jackson,LIB,WR1,1,WR1,1,5088336
Jamari Person,LIB,WR2,1,WR2,2,5117836
Darius Copeland,LIB,WR3,1,WR3,3,5162399
Bryce Randolph,LIB,WR4+,1,WR4,4,5215242
Lincoln Kienholz,LOU,QB1,1,QB,1,5078278
Isaac Brown,LOU,RB1,1,RB,1,5079349
Keyjuan Brown,LOU,RB2,1,RB,2,4923046
Team,LOU,RB3,1,RB,3,-6455
Jaleel Skinner,LOU,TE1,1,TE,1,4685560
Justyn Reid,LOU,TE2,1,TE,2,5077877
Tre Richardson,LOU,WR1,1,WR1,1,5294063
TreyShun Hurry,LOU,WR2,1,WR2,2,5085609
Lawayne McCoy,LOU,WR3,1,WR3,3,5086096
Jackson Voth,LOU,WR4+,1,WR4,4,5144023
Sam Leavitt,LSU,QB1,1,QB,1,5078810
Landen Clark,LSU,QB2,1,QB,2,5224789
Dilin Jones,LSU,RB1,1,RB,1,5079482
Harlem Berry,LSU,RB2,1,RB,2,5122231
Stacy Gage,LSU,RB3,1,RB,3,5079405
Trey'Dez Green,LSU,TE1,1,TE,1,5079420
Jackson Harris,LSU,WR1,1,WR1,1,5114311
Corey Barber Jr.,LSU,WR2,1,WR2,2,5266919
Winston Watkins Jr.,LSU,WR3,1,WR3,3,5141697
Eugene Wilson III,LSU,WR4+,1,WR4,4,4921154
Jayce Brown,LSU,WR4+,1,WR4,5,5121334
Trey Kukuk,LT,QB1,1,QB,1,5296376
Blake Baker,LT,QB2,1,QB,2,5150998
Andrew Burnette,LT,RB1,1,RB,1,5296374
Dylone Brooks,LT,RB2,1,RB,2,5296386
Jaden Miller,LT,RB3,1,RB,3,5382987
Eli Finley,LT,TE1,1,TE,1,5121453
Jalen Mickens,LT,WR1,1,WR1,1,5218381
Talyn Shettron,LT,WR2,1,WR2,2,4685517
Marcus Calwise Jr.,LT,WR3,1,WR3,3,5224217
Jay Wilkerson,LT,WR4+,1,WR4,4,4431484
Luke Watkins,LT,WR4+,1,WR4,5,5265463
David McComb,M-OH,QB1,1,QB,1,5141549
Caleb Heavner,M-OH,QB2,1,QB,2,5388435
Rodney Nelson,M-OH,RB1,1,RB,1,5153885
D'Shawntae Jones,M-OH,RB2,1,RB,2,5193270
Lazaro Rogers,M-OH,RB3,1,RB,3,5214639
Brendan Loftus,M-OH,TE1,1,TE,1,5209576
Lynel Billups-Williams,M-OH,WR1,1,WR1,1,5085354
Damarion Witten,M-OH,WR2,1,WR2,2,5079772
Scoop Smith,M-OH,WR3,1,WR3,3,5293035
Maleek Huggins,M-OH,WR4+,1,WR4,4,4876642
Braylon Isom,M-OH,WR4+,1,WR4,5,5141795
William Watson III,MASS,QB1,1,QB,1,4920153
Logan Inagawa,MASS,QB2,1,QB,2,5298739
Curtis Kimmons IV,MASS,RB1,1,RB,1,5388331
Elijah Faulkner,MASS,RB2,1,RB,2,5264764
Jordan Washington,MASS,RB3,1,RB,3,5227849
Max Dowling,MASS,TE1,1,TE,1,5092954
Reece Adkins,MASS,TE2,1,TE,2,4688904
T.Y. Harding,MASS,WR1,1,WR1,1,4909541
Jabari Lewis,MASS,WR2,1,WR2,2,5388332
Dallas Elliott,MASS,WR3,1,WR3,3,5091384
Joseph Griffin Jr.,MASS,WR4+,1,WR4,4,4700147
Kezion Dia-Johnson,MASS,WR4+,1,WR4,5,5146743
Malik Washington,MD,QB1,1,QB,1,5141695
Cardell Williams,MD,QB2,1,QB,2,4872721
Iverson Howard,MD,RB1,1,RB,1,5141522
DeJuan Williams,MD,RB2,1,RB,2,5295550
Liam Willson,MD,RB3,1,RB,3,5270858
Dorian Fleming,MD,TE1,1,TE,1,5092410
JT Taggart,MD,TE2,1,TE,2,5213217
Chris Durr Jr.,MD,WR1,1,WR1,1,5193298
Kaleb Webb,MD,WR2,1,WR2,2,4838556
Ryan Manning,MD,WR3,1,WR3,3,4940236
Na'eem Abdul-Rahim Gladding,MD,WR4+,1,WR4,4,5194795
Jayden Kitchens,MD,WR4+,1,WR4,5,5213231
Marcus Stokes,MEM,QB1,1,QB,1,5165807
Air Noland,MEM,QB2,1,QB,2,5079548
Jaylin Carter,MEM,RB1,1,RB,1,5222671
Dallan Hayden,MEM,RB2,1,RB,2,4698727
Jordan Thompson,MEM,RB3,1,RB,3,5382927
Hunter Tipton,MEM,TE1,1,TE,1,5220352
Aidan O'Callaghan,MEM,TE2,1,TE,2,5229953
Jermane Hayes,MEM,WR1,1,WR1,1,5264658
Stonka Burnside,MEM,WR2,1,WR2,2,5079354
Tychaun Chapman,MEM,WR3,1,WR3,3,4685290
Brady Kluse,MEM,WR4+,1,WR4,4,5148995
Jemyri Davis,MEM,WR4+,1,WR4,5,5294438
Darian Mensah,MIA,QB1,1,QB,1,5121169
Luke Nickel,MIA,QB2,1,QB,2,5141605
Mark Fletcher Jr.,MIA,RB1,1,RB,1,4870736
Javian Mallory,MIA,RB2,1,RB,2,5160496
Girard Pringle Jr.,MIA,RB3,1,RB,3,5164331
Elija Lofton,MIA,TE1,1,TE,1,5079503
Malachi Toney,MIA,WR1,1,WR1,1,5159175
Cooper Barkate,MIA,WR2,1,WR2,2,4804878
Daylyn Upshaw,MIA,WR3,1,WR3,3,5164365
Joshua Moore,MIA,WR4+,1,WR4,4,5141593
Vandrevius Jacobs,MIA,WR4+,1,WR4,5,4870842
Bryce Underwood,MICH,QB1,1,QB,1,5141741
Tommy Carr,MICH,QB2,1,QB,2,5269403
Jordan Marshall,MICH,RB1,1,RB,1,5079574
Savion Hiter,MICH,RB2,1,RB,2,5159046
Bryson Kuzdzal,MICH,RB3,1,RB,3,5156348
Hogan Hansen,MICH,TE1,1,TE,1,5079494
Eli Owens,MICH,TE2,1,TE,2,5141588
Andrew Marsh,MICH,WR1,1,WR1,1,5141572
JJ Buchanan,MICH,WR2,1,WR2,2,5214557
Salesi Moa,MICH,WR3,1,WR3,3,5159013
Travis Johnson,MICH,WR4+,1,WR4,4,5209314
Drake Lindsey,MINN,QB1,1,QB,1,5144959
Darius Taylor,MINN,RB1,1,RB,1,4920901
TJ Thomas,MINN,RB2,1,RB,2,5224792
Xavier Ford,MINN,RB3,1,RB,3,5264245
Pierce Walsh,MINN,TE1,1,TE,1,5044424
Roman Voss,MINN,TE2,1,TE,2,5244731
Noah Jennings,MINN,WR1,1,WR1,1,5164749
Javon Tracy,MINN,WR2,1,WR2,2,4831976
Jalen Smith,MINN,WR3,1,WR3,3,5144962
Quayd Hendryx,MINN,WR4+,1,WR4,4,5369947
Trinidad Chambliss,MISS,QB1,1,QB,1,4911529
Deuce Knight,MISS,QB2,1,QB,2,5141506
JT Lindsey,MISS,RB1,1,RB,1,5209688
Kewan Lacy,MISS,RB2,1,RB,2,5086388
Makhi Frazier,MISS,RB3,1,RB,3,5084286
Caleb Odom,MISS,TE1,1,TE,1,5079647
Luke Hasz,MISS,TE2,1,TE,2,4870797
Deuce Alexander,MISS,WR1,1,WR1,1,5152158
Traylon Ray,MISS,WR2,1,WR2,2,4870912
Caleb Cunningham,MISS,WR3,1,WR3,3,5224178
Horatio Fields,MISS,WR4+,1,WR4,4,4711408
Johntay Cook II,MISS,WR4+,1,WR4,5,4870656
Austin Simmons,MIZ,QB1,1,QB,1,5141684
Jamal Roberts,MIZ,RB1,1,RB,1,4921116
Xai'Shaun Edwards,MIZ,RB2,1,RB,2,5225880
Team,MIZ,RB3,1,RB,3,-6704
Brett Norfleet,MIZ,TE1,1,TE,1,4870869
Cayden Lee,MIZ,WR1,1,WR1,1,4870858
Donovan Olugbode,MIZ,WR2,1,WR2,2,5141582
Naeshaun Montgomery,MIZ,WR3,1,WR3,3,5141584
Caleb Goodie Sr.,MIZ,WR4+,1,WR4,4,5120454
Shaun Terry II,MIZ,WR4+,1,WR4,5,5195617
Skyler Locklear,MOST,QB1,1,QB,1,5083042
Henry Belin IV,MOST,QB2,1,QB,2,4685252
Ramone Green Jr.,MOST,RB1,1,RB,1,5154284
Breezy Dubar,MOST,RB2,1,RB,2,5077390
Connor Lair,MOST,RB3,1,RB,3,5085729
Jeron Askren,MOST,TE1,1,TE,1,5227784
Dillon Hipp,MOST,TE2,1,TE,2,5128052
Isaiah Myers,MOST,WR1,1,WR1,1,5219476
Mekhi Miller,MOST,WR2,1,WR2,2,4712886
Jmariyae Robinson,MOST,WR3,1,WR3,3,4837193
Isaiah McMorris,MOST,WR4+,1,WR4,4,5146723
Brendon McQueen,MOST,WR4+,1,WR4,5,5227770
Carlos Del Rio-Wilson,MRSH,QB1,1,QB,1,4432691
Zion Turner,MRSH,QB2,1,QB,2,4685697
Jo'Shon Barbie,MRSH,RB1,1,RB,1,5084210
Judah Price,MRSH,RB2,1,RB,2,5161776
TJ Lester,MRSH,RB3,1,RB,3,5300926
Toby Payne,MRSH,TE1,1,TE,1,4869602
Xayvion Turner-Bradshaw,MRSH,WR1,1,WR1,1,5081172
Adrian Norton,MRSH,WR2,1,WR2,2,5157331
Christian Hamilton,MRSH,WR3,1,WR3,3,4870739
Owen Sweeney,MRSH,WR4+,1,WR4,4,5225343
Chris Culliver,MRSH,WR4+,1,WR4,5,4899472
Kamario Taylor,MSST,QB1,1,QB,1,5177084
Parker Puckett,MSST,QB2,1,QB,2,5294646
Fluff Bothwell,MSST,RB1,1,RB,1,5220197
Kolin Wilson,MSST,RB2,1,RB,2,5209427
Xavier Gayten,MSST,RB3,1,RB,3,5146781
Sam West,MSST,TE1,1,TE,1,4920164
Joeseph Skipworth,MSST,TE2,1,TE,2,5214449
Anthony Evans III,MSST,WR1,1,WR1,1,4907671
Marquis Johnson,MSST,WR2,1,WR2,2,5076106
Sanfrisco Magee,MSST,WR3,1,WR3,3,5146736
Zion Ragins,MSST,WR4+,1,WR4,4,5079643
Gracen Harris,MSST,WR4+,1,WR4,5,5141501
Alessio Milivojevic,MSU,QB1,1,QB,1,5146670
Cam Fancher,MSU,QB2,1,QB,2,4700135
Jaziun Patterson,MSU,RB1,1,RB,1,5081332
Marvis Parrish,MSU,RB2,1,RB,2,5258024
Cam Edwards,MSU,RB3,1,RB,3,5086034
Jayden Savoury,MSU,TE1,1,TE,1,5214448
Kai Rios,MSU,TE2,1,TE,2,5083652
Fredrick Moore,MSU,WR1,1,WR1,1,4905609
Chrishon McCray,MSU,WR2,1,WR2,2,4869599
Rodney Bullard Jr.,MSU,WR3,1,WR3,3,5260691
KK Smith,MSU,WR4+,1,WR4,4,5150418
Roman Gagliano,MTSU,QB1,1,QB,1,5194626
Antonio Martin,MTSU,RB1,1,RB,1,4685436
Terrence Brown,MTSU,RB2,1,RB,2,5306988
Brooklen Davis,MTSU,RB3,1,RB,3,5210055
Cam'ron Lacy,MTSU,WR1,1,WR1,1,5091830
Neo Clifton,MTSU,WR2,1,WR2,2,5217200
Ziyon Butler,MTSU,WR3,1,WR3,3,5291778
Markus Allen,MTSU,WR4+,1,WR4,4,4603185
Koraun Perdue,MTSU,WR4+,1,WR4,5,5383058
Jackson Gutierrez,NAVY,QB1,1,QB,1,5220473
Braxton Woodson,NAVY,QB2,1,QB,2,5158343
Vic Listorti,NAVY,RB1,1,RB,1,5158373
Christian Cromer,NAVY,RB2,1,RB,2,5295391
Garrison Edwards,NAVY,RB3,1,RB,3,5391336
Jordan Collins,NAVY,TE1,1,TE,1,5212655
Charles Robinson,NAVY,WR1,1,WR1,1,5220476
Luke Hutchison,NAVY,WR2,1,WR2,2,5158341
Michael Barrow,NAVY,WR3,1,WR3,3,5220469
Truman Brasfield,NAVY,WR4+,1,WR4,4,5391321
Isaiah Bryant,NAVY,WR4+,1,WR4,5,5158374
CJ Bailey,NCSU,QB1,1,QB,1,5079301
Will Wilson,NCSU,QB2,1,QB,2,5148611
Davion Gause,NCSU,RB1,1,RB,1,5079468
Jayden Scott,NCSU,RB2,1,RB,2,5126513
Team,NCSU,RB3,1,RB,3,-6827
Preston Douglas,NCSU,TE1,1,TE,1,5215337
Hunter Provience,NCSU,TE2,1,TE,2,5172608
Keenan Jackson,NCSU,WR1,1,WR1,1,5079524
Joshisa Trader,NCSU,WR2,1,WR2,2,5079745
Victor Snow,NCSU,WR3,1,WR3,3,5084967
Tyran Warren,NCSU,WR4+,1,WR4,4,5160003
Chance Robinson,NCSU,WR4+,1,WR4,5,5079661
CJ Carr,ND,QB1,1,QB,1,5079369
Noah Grubbs,ND,QB2,1,QB,2,5159115
Jonaz Walton,ND,RB1,1,RB,1,5159087
Nolan James Jr.,ND,RB2,1,RB,2,5189515
Aneyas Williams,ND,RB3,1,RB,3,5079742
Cooper Flanagan,ND,TE1,1,TE,1,4870733
Ty Washington,ND,TE2,1,TE,2,4837392
Jordan Faison,ND,WR1,1,WR1,1,5150424
Micah Gilbert,ND,WR2,1,WR2,2,5079475
Jaden Greathouse,ND,WR3,1,WR3,3,4870768
Jerome Bettis Jr.,ND,WR4+,1,WR4,4,5164349
Matt Jeffery,ND,WR4+,1,WR4,5,5218507
Nathan Hayes,NDSU,QB1,1,QB,1,5087156
Preston Brown,NDSU,QB2,1,QB,2,5297927
DJ Scott,NDSU,RB1,1,RB,1,5154224
Myles Mitchell,NDSU,RB2,1,RB,2,5297931
Nyeoti Punni,NDSU,RB3,1,RB,3,5157399
Reis Kessel,NDSU,TE1,1,TE,1,5228015
Luke Kokat,NDSU,TE2,1,TE,2,5087169
Jackson Williams,NDSU,WR1,1,WR1,1,5228002
Mekhi Collins,NDSU,WR2,1,WR2,2,4832952
Logan Conklin,NDSU,WR3,1,WR3,3,5228026
Jeremiah Patterson,NDSU,WR4+,1,WR4,4,5219140
Isiah St. Romain,NDSU,WR4+,1,WR4,5,5228004
Anthony Colandrea,NEB,QB1,1,QB,1,5044387
TJ Lateef,NEB,QB2,1,QB,2,5141556
Mekhi Nelson,NEB,RB1,1,RB,1,5227018
Isaiah Mozee,NEB,RB2,1,RB,2,5141607
Jamal Rule,NEB,RB3,1,RB,3,5290565
Luke Lindenmeyer,NEB,TE1,1,TE,1,5081107
Carter Nelson,NEB,TE2,1,TE,2,5110168
Kwazi Gilmer,NEB,WR1,1,WR1,1,5127885
Nyziah Hunter,NEB,WR2,1,WR2,2,5078312
Jacory Barney Jr.,NEB,WR3,1,WR3,3,5083370
Janiran Bonner,NEB,WR4+,1,WR4,4,4685274
Quinn Clark,NEB,WR4+,1,WR4,5,5148624
Carter Jones,NEV,QB1,1,QB,1,5205097
AJ Bianco,NEV,QB2,1,QB,2,4819250
Dominic Kelley,NEV,RB1,1,RB,1,5265178
Herschel Turner,NEV,RB2,1,RB,2,5220671
Ky Woods,NEV,RB3,1,RB,3,4833591
DJ Asiasi,NEV,TE1,1,TE,1,5216506
Trace Estes,NEV,TE2,1,TE,2,5219598
Damien Morgan,NEV,WR1,1,WR1,1,5158756
Gary Givens III,NEV,WR2,1,WR2,2,5226511
Donnie Cheers,NEV,WR3,1,WR3,3,5153499
Marshaun Brown,NEV,WR4+,1,WR4,4,5103836
Jaceon Doss,NEV,WR4+,1,WR4,5,5151405
Taron Dickens,NIU,QB1,1,QB,1,4881032
Brady Davidson,NIU,QB2,1,QB,2,5210128
Telly Johnson Jr.,NIU,RB1,1,RB,1,5193302
Elijah Porter,NIU,RB2,1,RB,2,5219932
Jaiduan Cranford,NIU,RB3,1,RB,3,5291180
Jason Fowler,NIU,TE1,1,TE,1,5219946
Liam Russo,NIU,TE2,1,TE,2,5215176
DeAree Rogers,NIU,WR1,1,WR1,1,5296150
La'Don Bryant,NIU,WR2,1,WR2,2,5193292
Cam Thompson,NIU,WR3,1,WR3,3,5083748
George Dimopoulos,NIU,WR4+,1,WR4,4,5193277
Rickey Taylor Jr.,NIU,WR4+,1,WR4,5,5219936
Adam Damante,NMSU,QB1,1,QB,1,5152503
Trey Hedden,NMSU,QB2,1,QB,2,5224084
James Jones,NMSU,RB1,1,RB,1,5220253
TJ Washington Jr.,NMSU,RB2,1,RB,2,5076584
Jalen Brown,NMSU,RB3,1,RB,3,5120866
Josiah Thomas,NMSU,TE1,1,TE,1,5301984
Jerry Lydiatt,NMSU,TE2,1,TE,2,5159145
TK King,NMSU,WR1,1,WR1,1,4869443
Myles Libman,NMSU,WR2,1,WR2,2,5156057
Lyndon Ravare,NMSU,WR3,1,WR3,3,5219270
AJ Williams III,NMSU,WR4+,1,WR4,4,5295460
Brodie Malone-Bradford,NMSU,WR4+,1,WR4,5,5207657
Aidan Chiles,NU,QB1,1,QB,1,5075805
Nicco Marchiol,NU,QB2,1,QB,2,4685459
Caleb Komolafe,NU,RB1,1,RB,1,5078244
Gavin Sawchuk,NU,RB2,1,RB,2,4685545
Joseph Himon II,NU,RB3,1,RB,3,4816307
Luke Dehnicke,NU,TE1,1,TE,1,5328488
Alex Honig,NU,TE2,1,TE,2,4569262
Griffin Wilde,NU,WR1,1,WR1,1,5154734
Drew Wagner,NU,WR2,1,WR2,2,5222752
Ricky Ahumaraeze,NU,WR3,1,WR3,3,4921291
Ryan Huff,ODU,QB1,1,QB,1,5295919
Quinn Henicle,ODU,QB2,1,QB,2,5193346
Devin Roche,ODU,RB1,1,RB,1,4922993
Maurki James,ODU,RB2,1,RB,2,5193349
Trey Hall,ODU,RB3,1,RB,3,5294446
Leon Haughton Jr.,ODU,TE1,1,TE,1,4832875
Chris Warren,ODU,TE2,1,TE,2,5295939
Josh Rodriguez,ODU,WR1,1,WR1,1,5295921
TJ Johnson,ODU,WR2,1,WR2,2,5295923
Kendall Harris,ODU,WR3,1,WR3,3,5153408
JJ Harrell,ODU,WR4+,1,WR4,4,5127805
Zialis Blackmon,ODU,WR4+,1,WR4,5,5291747
Matt Vezza,OHIO,QB1,1,QB,1,5171031
Levi Davis,OHIO,QB2,1,QB,2,5244755
Victor Rosa,OHIO,RB1,1,RB,1,4873234
Duncan Brune,OHIO,RB2,1,RB,2,5167252
Mike Taylor Jr.,OHIO,RB3,1,RB,3,5211768
Jake Furtney,OHIO,TE1,1,TE,1,5221306
Riley Palmeter,OHIO,TE2,1,TE,2,5394410
Riley Neer,OHIO,WR1,1,WR1,1,5228764
Dom Dorwart,OHIO,WR2,1,WR2,2,5193110
Preston Bowman,OHIO,WR3,1,WR3,3,5211691
Zach Hackleman,OHIO,WR4+,1,WR4,4,5302804
Drew Mestemaker,OKST,QB1,1,QB,1,5219834
Broderick Vehrs,OKST,QB2,1,QB,2,5291690
Caleb Hawkins,OKST,RB1,1,RB,1,5258016
Ayo Adeyi,OKST,RB2,1,RB,2,4875861
Team,OKST,RB3,1,RB,3,-7029
Carson Kolb,OKST,TE1,1,TE,1,5228041
Morgan McPhaul,OKST,TE2,1,TE,2,5083966
Justin Bowick,OKST,WR1,1,WR1,1,5083747
Wyatt Young,OKST,WR2,1,WR2,2,5148787
Terrence Lewis,OKST,WR3,1,WR3,3,5207931
Miles Coleman,OKST,WR4+,1,WR4,4,5149007
Chris Barnes,OKST,WR4+,1,WR4,5,5148822
Dante Moore,ORE,QB1,1,QB,1,4870921
Dylan Raiola,ORE,QB2,1,QB,2,5079572
Dierre Hill Jr.,ORE,RB1,1,RB,1,5141499
Jordon Davison,ORE,RB2,1,RB,2,5141423
Brandon Smith,ORE,RB3,1,RB,3,5198506
Jamari Johnson,ORE,TE1,1,TE,1,4922988
Kendre Harrison,ORE,TE2,1,TE,2,5159026
Evan Stewart,ORE,WR1,1,WR1,1,4685565
Messiah Hampton,ORE,WR2,1,WR2,2,5211889
Dakorien Moore,ORE,WR3,1,WR3,3,5141586
Gatlin Bair,ORE,WR4+,1,WR4,4,5327431
Hudson Lewis,ORE,WR4+,1,WR4,5,5282366
Braden Atkinson,ORST,QB1,1,QB,1,5212654
Maalik Murphy,ORST,QB2,1,QB,2,4685497
AJ Newberry,ORST,RB1,1,RB,1,4917981
Cornell Hatcher Jr.,ORST,RB2,1,RB,2,5167313
Tre Garrison,ORST,RB3,1,RB,3,5325545
Eric Olsen,ORST,TE1,1,TE,1,5088952
DeCorion Temple,ORST,TE2,1,TE,2,4869821
Jesse Legree,ORST,WR1,1,WR1,1,5289510
Aaron Butler,ORST,WR2,1,WR2,2,5079357
Aeryn Hampton,ORST,WR3,1,WR3,3,5293573
Cynai Thomas,ORST,WR4+,1,WR4,4,5160504
Jameson Powell,ORST,WR4+,1,WR4,5,5209415
Julian Sayin,OSU,QB1,1,QB,1,5079712
Luke Fahey,OSU,QB2,1,QB,2,5214646
Bo Jackson,OSU,RB1,1,RB,1,5141517
Ja'Kobi Jackson,OSU,RB2,1,RB,2,5151892
Isaiah West,OSU,RB3,1,RB,3,5141701
Nate Roberts,OSU,TE1,1,TE,1,5141656
Maxence LeBlanc,OSU,TE2,1,TE,2,5116115
Jeremiah Smith,OSU,WR1,1,WR1,1,5079720
Devin McCuin,OSU,WR2,1,WR2,2,5076952
Brandon Inniss,OSU,WR3,1,WR3,3,4870835
Brock Boyd,OSU,WR4+,1,WR4,4,5161804
Phillip Bell,OSU,WR4+,1,WR4,5,5141384
John Mateer,OU,QB1,1,QB,1,4915980
Lloyd Avant,OU,RB1,1,RB,1,5079298
Jonathan Hatton Jr.,OU,RB2,1,RB,2,5159029
Tory Blaylock,OU,RB3,1,RB,3,5141386
Rocky Beers,OU,TE1,1,TE,1,4907786
Hayden Hansen,OU,TE2,1,TE,2,4878109
Isaiah Sategna III,OU,WR1,1,WR1,1,5080703
Mackenzie Alleyne,OU,WR2,1,WR2,2,5228149
Parker Livingstone,OU,WR3,1,WR3,3,5079556
Elijah Thomas,OU,WR4+,1,WR4,4,5141719
Trell Harris,OU,WR4+,1,WR4,5,4912130
Mason Heintschel,PITT,QB1,1,QB,1,5208095
Holden Geriner,PITT,QB2,1,QB,2,4714300
Ja'Kyrian Turner,PITT,RB1,1,RB,1,5141677
Damon Ferguson Jr.,PITT,RB2,1,RB,2,5158978
La'Vell Wright,PITT,RB3,1,RB,3,4683234
Carson Kent,PITT,TE1,1,TE,1,5083135
Elijah Lagg,PITT,TE2,1,TE,2,5296040
Censere Lee,PITT,WR1,1,WR1,1,5089539
Bryce Yates,PITT,WR2,1,WR2,2,5210164
Cataurus Hicks,PITT,WR3,1,WR3,3,5102556
Tyreek Robinson,PITT,WR4+,1,WR4,4,5196024
Demetrice McCray,PITT,WR4+,1,WR4,5,5281153
Rocco Becht,PSU,QB1,1,QB,1,4801299
Alex Manske,PSU,QB2,1,QB,2,5164316
James Peoples,PSU,RB1,1,RB,1,5110454
Quinton Martin Jr.,PSU,RB2,1,RB,2,5079577
Carson Hansen,PSU,RB3,1,RB,3,5077502
Benjamin Brahmer,PSU,TE1,1,TE,1,4870608
Andrew Rappleyea,PSU,TE2,1,TE,2,4899484
Chase Sowell,PSU,WR1,1,WR1,1,4912067
Brett Eskildsen,PSU,WR2,1,WR2,2,5148535
Zay Robinson,PSU,WR3,1,WR3,3,5296212
Koby Howard,PSU,WR4+,1,WR4,4,5141525
Bobby Mears,PSU,WR4+,1,WR4,5,5160165
Ryan Browne,PUR,QB1,1,QB,1,5104738
Evans Chuba,PUR,QB2,1,QB,2,5149006
Fame Ijeboi,PUR,RB1,1,RB,1,5218961
Antonio Harris,PUR,RB2,1,RB,2,5219089
Jerrick Gibson,PUR,RB3,1,RB,3,5079410
George Burhenn,PUR,TE1,1,TE,1,5075912
Cooper McCutchan,PUR,TE2,1,TE,2,5281268
Xavier Townsend,PUR,WR1,1,WR1,1,4808767
Asaad Waseem,PUR,WR2,1,WR2,2,4871062
Chauncey Magwood,PUR,WR3,1,WR3,3,4431647
Tra'Mar Harris,PUR,WR4+,1,WR4,4,5146739
Bisi Owens,PUR,WR4+,1,WR4,5,5084408
Jacurri Brown,RICE,QB1,1,QB,1,4685291
Tyvonn Byars,RICE,RB1,1,RB,1,5207925
D'Andre Hardeman Jr.,RICE,RB2,1,RB,2,5207930
DAndre Hardeman Jr.,RICE,RB3,1,RB,3,5207930
Jordan Clark,RICE,WR1,1,WR1,1,5265445
Barry Jackson Jr.,RICE,WR2,1,WR2,2,4923288
Ben Grice,RICE,WR3,1,WR3,3,5144288
Braylen Walker,RICE,WR4+,1,WR4,4,4869581
Max Mosey,RICE,WR4+,1,WR4,5,5087069
Dylan Lonergan,RUTG,QB1,1,QB,1,4870900
AJ Surace,RUTG,QB2,1,QB,2,5079717
Antwan Raymond,RUTG,RB1,1,RB,1,5209945
Clay Thevenin,RUTG,RB2,1,RB,2,5296378
Aiden Gibson,RUTG,RB3,1,RB,3,5280123
Kam Anthony,RUTG,TE1,1,TE,1,5193264
Logan Blake,RUTG,TE2,1,TE,2,5074243
KJ Duff,RUTG,WR1,1,WR1,1,5084771
Jourdin Houston,RUTG,WR2,1,WR2,2,5214940
Ben Black III,RUTG,WR3,1,WR3,3,5147046
Dyzier Carter,RUTG,WR4+,1,WR4,4,5158988
Elias Coke,RUTG,WR4+,1,WR4,5,5158944
Jackson Sharman,SAC,QB1,1,QB,1,5158748
Brian Salazar Jr.,SAC,QB2,1,QB,2,5401458
Cincere Rhaney,SAC,RB1,1,RB,1,5084459
Daniel Swinney,SAC,RB2,1,RB,2,5310132
Isaiah Ene,SAC,RB3,1,RB,3,5161820
Jordan Williams,SAC,TE1,1,TE,1,4912040
Kyle Koontz,SAC,TE2,1,TE,2,5225846
Matt Coleman,SAC,WR1,1,WR1,1,5082587
Raiden Brown,SAC,WR2,1,WR2,2,5158759
Onterrio Smith Jr.,SAC,WR3,1,WR3,3,5152796
Khai Taylor,SAC,WR4+,1,WR4,4,5077407
Kenyon Shabazz,SAC,WR4+,1,WR4,5,5401457
LaNorris Sellers,SC,QB1,1,QB,1,4875127
Cutter Woods,SC,QB2,1,QB,2,5164334
Matt Fuller,SC,RB1,1,RB,1,5145737
Jabree Coleman,SC,RB2,1,RB,2,5141742
Isaiah Augustave,SC,RB3,1,RB,3,4921292
Brady Hunt,SC,TE1,1,TE,1,4683210
Maurice Brown II,SC,TE2,1,TE,2,5154341
Mazeo Bennett Jr.,SC,WR1,1,WR1,1,5079329
DJ Black,SC,WR2,1,WR2,2,5081213
Nyck Harbor,SC,WR3,1,WR3,3,4870745
Donovan Murph,SC,WR4+,1,WR4,4,5200374
Vicari Swain,SC,WR4+,1,WR4,5,4921117
Jayden Denegal,SDSU,QB1,1,QB,1,4685311
Draiden Trudeau,SDSU,QB2,1,QB,2,5302259
Josiah Lucas,SDSU,RB1,1,RB,1,5245054
Javion Kinnard,SDSU,RB2,1,RB,2,5254150
Jordin Thomas,SDSU,RB3,1,RB,3,5164340
Jackson Ford,SDSU,TE1,1,TE,1,5143596
Ryan Wolfer,SDSU,TE2,1,TE,2,5175719
Nathan Acevedo,SDSU,WR1,1,WR1,1,5082315
Jordan Napier,SDSU,WR2,1,WR2,2,4918108
Jacob Bostick,SDSU,WR3,1,WR3,3,4827041
Bert Emanuel Jr.,SDSU,WR4+,1,WR4,4,4916888
Jaylon Hawkins,SDSU,WR4+,1,WR4,5,5216639
Landyn Locke,SHSU,QB1,1,QB,1,5148427
Brett Holloway,SHSU,QB2,1,QB,2,5384797
Alton McCaskill,SHSU,RB1,1,RB,1,4680018
Landan Brown,SHSU,RB2,1,RB,2,5160209
Jerrian Parker Jr.,SHSU,RB3,1,RB,3,5227793
Max Whisner,SHSU,TE1,1,TE,1,4695711
Matt Smith,SHSU,TE2,1,TE,2,4568237
Grady O'Neill,SHSU,WR1,1,WR1,1,5104888
Kyan Berry-Johnson,SHSU,WR2,1,WR2,2,5142319
Chris Reed,SHSU,WR3,1,WR3,3,4895711
Darrick Bledsoe III,SHSU,WR4+,1,WR4,4,5220443
Kamari Maxwell,SHSU,WR4+,1,WR4,5,5301576
Luke Weaver,SJSU,QB1,1,QB,1,5295238
Jabari Bates,SJSU,RB1,1,RB,1,4685254
Viliami Teu,SJSU,RB2,1,RB,2,5151338
Isaiah Carlson,SJSU,RB3,1,RB,3,4870662
Kamaehu Kopa-Kaawalauole,SJSU,TE1,1,TE,1,5151350
Carson Clark,SJSU,WR1,1,WR1,1,5161012
Cooper Hoch,SJSU,WR2,1,WR2,2,5151342
Jerry McClure,SJSU,WR3,1,WR3,3,4920229
Jordan Anderson,SJSU,WR4+,1,WR4,4,5079299
Anthony Ivey,SJSU,WR4+,1,WR4,5,4685396
Kevin Jennings,SMU,QB1,1,QB,1,5084084
Kendrick Raphael,SMU,RB1,1,RB,1,4899368
Dramekco Green,SMU,RB2,1,RB,2,5207927
Team,SMU,RB3,1,RB,3,-7347
Randy Pittman Jr.,SMU,TE1,1,TE,1,4870954
Theo Melin Ohrstrom,SMU,TE2,1,TE,2,4870843
Yamir Knight,SMU,WR1,1,WR1,1,5121750
Jalen Cooper,SMU,WR2,1,WR2,2,5207842
Yannick Smith,SMU,WR3,1,WR3,3,5155519
Derrick McFall,SMU,WR4+,1,WR4,4,5079523
Jalen Hale,SMU,WR4+,1,WR4,5,4870776
Davis Warren,STAN,QB1,1,QB,1,4878681
Michael Mitchell Jr.,STAN,QB2,1,QB,2,5211073
Micah Ford,STAN,RB1,1,RB,1,5143191
Sedrick Irvin,STAN,RB2,1,RB,2,4870802
Champ Hampton,STAN,RB3,1,RB,3,5156056
Benji Blackburn,STAN,TE1,1,TE,1,5146764
Chico Holt,STAN,TE2,1,TE,2,5077804
Nico Brown,STAN,WR1,1,WR1,1,5094032
Caden High,STAN,WR2,1,WR2,2,5231354
Atticus Joseph,STAN,WR3,1,WR3,3,5294219
JonAnthony Hall,STAN,WR4+,1,WR4,4,5208218
Jordan Onovughe,STAN,WR4+,1,WR4,5,5114313
Amari Odom,SYR,QB1,1,QB,1,5153782
Steve Angeli,SYR,QB2,1,QB,2,4685694
Tylik Hill,SYR,RB1,1,RB,1,5261613
Ahmad Miller,SYR,RB2,1,RB,2,5154420
Ju'Juan Johnson,SYR,RB3,1,RB,3,5079537
Daunte Bacheyie,SYR,TE1,1,TE,1,5210515
David Clement,SYR,TE2,1,TE,2,5004520
Umari Hatcher,SYR,WR1,1,WR1,1,4691315
Darius Johnson,SYR,WR2,1,WR2,2,5212990
Justus Ross-Simmons,SYR,WR3,1,WR3,3,4910239
Calvin Russell III,SYR,WR4+,1,WR4,4,5159036
Cole Weaver,SYR,WR4+,1,WR4,5,5122076
Marcel Reed,TA&M,QB1,1,QB,1,4870971
Brady Hart,TA&M,QB2,1,QB,2,5295969
Rueben Owens II,TA&M,RB1,1,RB,1,4870934
KJ Edwards,TA&M,RB2,1,RB,2,5158975
Carsyn Baker,TA&M,RB3,1,RB,3,5199850
Houston Thomas,TA&M,TE1,1,TE,1,4801276
Kiotti Armstrong,TA&M,TE2,1,TE,2,5141358
Mario Craver,TA&M,WR1,1,WR1,1,5079345
Isaiah Horton,TA&M,WR2,1,WR2,2,4685383
Ashton Bethel-Roman,TA&M,WR3,1,WR3,3,5139057
TK Norman,TA&M,WR4+,1,WR4,4,5164360
Aaron Gregory,TA&M,WR4+,1,WR4,5,5158998
Jaden Craig,TCU,QB1,1,QB,1,5083569
Jeremy Payne,TCU,RB1,1,RB,1,5079663
Jon Denman,TCU,RB2,1,RB,2,5214401
Joe Pitchford,TCU,RB3,1,RB,3,5219571
Kari Ashley,TCU,TE1,1,TE,1,5391236
Ka'Morreun Pimpton,TCU,TE2,1,TE,2,5084293
Ed Small,TCU,WR1,1,WR1,1,5200482
Jeremy Scott,TCU,WR2,1,WR2,2,5126534
Jacobe Hayes,TCU,WR3,1,WR3,3,5221285
Jordan Dwyer,TCU,WR4+,1,WR4,4,4832804
Major Everhart,TCU,WR4+,1,WR4,5,4832792
Ajani Sheppard,TEM,QB1,1,QB,1,5078166
Jaxon Smolik,TEM,QB2,1,QB,2,5077787
Keveun Mason,TEM,RB1,1,RB,1,5296364
Samuel Brown V,TEM,RB2,1,RB,2,4685695
Hunter Smith,TEM,RB3,1,RB,3,4258419
Joey Schlaffer,TEM,TE1,1,TE,1,4898892
Peter Clarke,TEM,TE2,1,TE,2,5080547
JoJo Bermudez,TEM,WR1,1,WR1,1,4726152
Jayce Freeman,TEM,WR2,1,WR2,2,5087747
Colin Chase,TEM,WR3,1,WR3,3,5089003
Faizon Brandon,TENN,QB1,1,QB,1,5158973
George MacIntyre,TENN,QB2,1,QB,2,5141571
DeSean Bishop,TENN,RB1,1,RB,1,4921108
Daune Morris,TENN,RB2,1,RB,2,5141598
Hunter Barnes,TENN,RB3,1,RB,3,5081378
DaSaahn Brame,TENN,TE1,1,TE,1,5141391
Trent Thomas,TENN,TE2,1,TE,2,5119659
Braylon Staley,TENN,WR1,1,WR1,1,5132629
Mike Matthews,TENN,WR2,1,WR2,2,5079580
Radarious Jackson,TENN,WR3,1,WR3,3,5195481
TK Keys,TENN,WR4+,1,WR4,4,5207604
Travis Smith Jr.,TENN,WR4+,1,WR4,5,5179135
Arch Manning,TEX,QB1,1,QB,1,4870906
Karle Lacey Jr.,TEX,QB2,1,QB,2,5141509
Raleek Brown,TEX,RB1,1,RB,1,4685268
Hollywood Smothers,TEX,RB2,1,RB,2,4871053
Derrek Cooper,TEX,RB3,1,RB,3,5203606
Emaree Winston,TEX,TE1,1,TE,1,5141757
Spencer Shannon,TEX,TE2,1,TE,2,4921318
Ryan Wingo,TEX,WR1,1,WR1,1,5218633
Cam Coleman,TEX,WR2,1,WR2,2,5079376
Emmett Mosley V,TEX,WR3,1,WR3,3,5079613
Jermaine Bishop Jr.,TEX,WR4+,1,WR4,4,5161011
Sterling Berkhalter,TEX,WR4+,1,WR4,5,4882122
Baylor Hayes,TLSA,QB1,1,QB,1,5224011
Dexter Williams II,TLSA,QB2,1,QB,2,4565355
Damari Alston,TLSA,RB1,1,RB,1,4685699
Trequan Jones,TLSA,RB2,1,RB,2,5295930
Seth Davis,TLSA,RB3,1,RB,3,4920162
Chris Gacayan II,TLSA,TE1,1,TE,1,5296086
Jewlyen Roberts,TLSA,TE2,1,TE,2,5146761
Oran Singleton Jr.,TLSA,WR1,1,WR1,1,4710860
David Wells Jr.,TLSA,WR2,1,WR2,2,5157287
Donnell Gee Jr.,TLSA,WR3,1,WR3,3,5223788
Javon Ross,TLSA,WR4+,1,WR4,4,5229589
Jimmy Calloway,TLSA,WR4+,1,WR4,5,4429804
John Alan Richter,TOL,QB1,1,QB,1,5082330
Khamoni Robinson,TOL,QB2,1,QB,2,5394415
Connor Walendzak,TOL,RB1,1,RB,1,5078063
CJ Miller,TOL,RB2,1,RB,2,5092811
Autavius Ison,TOL,RB3,1,RB,3,5164730
Sam Lee,TOL,TE1,1,TE,1,5220133
Jacob Newell,TOL,TE2,1,TE,2,4882061
Adjatay Dabbs,TOL,WR1,1,WR1,1,5153399
Bryson Hammer,TOL,WR2,1,WR2,2,5162858
Daryl Barnett Jr.,TOL,WR3,1,WR3,3,5230932
Rico Bond,TOL,WR4+,1,WR4,4,5225646
Terrell Crosby Jr.,TOL,WR4+,1,WR4,5,4812374
Goose Crowder,TROY,QB1,1,QB,1,4431633
Tucker Kilcrease,TROY,QB2,1,QB,2,4912119
Gavin Griffin,TROY,RB1,1,RB,1,5388754
Jaheim Merriweather,TROY,RB2,1,RB,2,5086097
Jordan Lovett,TROY,RB3,1,RB,3,5120317
Nick Hampton,TROY,TE1,1,TE,1,5388763
Fabian Rogosch,TROY,TE2,1,TE,2,5091753
Howard Kinchen,TROY,WR1,1,WR1,1,5388762
Noreel White,TROY,WR2,1,WR2,2,5079632
Jace Petty,TROY,WR3,1,WR3,3,5150277
TK Keyes,TROY,WR4+,1,WR4,4,5148784
Mojo Dortch,TROY,WR4+,1,WR4,5,4701593
Will Hammond,TTU,QB1,1,QB,1,5126468
Thomas Castellanos,TTU,QB2,1,QB,2,4773919
J'Koby Williams,TTU,RB1,1,RB,1,5086393
Cameron Dickey,TTU,RB2,1,RB,2,5193580
Quinten Joyner,TTU,RB3,1,RB,3,4917949
Terrance Carter Jr.,TTU,TE1,1,TE,1,4867887
Jett Carpenter,TTU,TE2,1,TE,2,4695195
Coy Eakin,TTU,WR1,1,WR1,1,4916941
Kenny Johnson,TTU,WR2,1,WR2,2,4923295
Micah Hudson,TTU,WR3,1,WR3,3,5079492
Donte Lee Jr.,TTU,WR4+,1,WR4,4,5220256
Jalen Jones,TTU,WR4+,1,WR4,5,5227057
Kadin Semonza,TULN,QB1,1,QB,1,5091890
Trace Johnson,TULN,QB2,1,QB,2,5291713
Johnnie Daniels,TULN,RB1,1,RB,1,5218820
Jaylin Lucas,TULN,RB2,1,RB,2,4871148
Maurice Turner,TULN,RB3,1,RB,3,4837391
Dawson Johnson,TULN,TE1,1,TE,1,5222239
Ty Thompson,TULN,TE2,1,TE,2,4432774
Anthony Brown-Stephens,TULN,WR1,1,WR1,1,4870635
Destyn Hill,TULN,WR2,1,WR2,2,5150834
Bredell Richardson,TULN,WR3,1,WR3,3,5079686
Garrett Mmahat,TULN,WR4+,1,WR4,4,5091744
Cash Semonza,TULN,WR4+,1,WR4,5,5294301
Brad Jackson,TXST,QB1,1,QB,1,5148803
Gavin Parkhurst,TXST,QB2,1,QB,2,5202460
Torrance Burgess Jr.,TXST,RB1,1,RB,1,5088888
Davian Jackson,TXST,RB2,1,RB,2,5216509
Jaylen Jenkins,TXST,RB3,1,RB,3,4916885
Ty Stamey,TXST,TE1,1,TE,1,5085497
Arvis Battle Jr.,TXST,TE2,1,TE,2,5217799
Beau Sparks,TXST,WR1,1,WR1,1,5152414
Chris Dawn Jr.,TXST,WR2,1,WR2,2,5077873
Zechariah Sample,TXST,WR3,1,WR3,3,5138042
Kylen Evans,TXST,WR4+,1,WR4,4,5149265
Tucker Cusano,TXST,WR4+,1,WR4,5,5236321
Ryder Burton,UAB,QB1,1,QB,1,5057381
Nate Rogers,UAB,QB2,1,QB,2,5197123
Rod Robinson II,UAB,RB1,1,RB,1,4918110
Bam McReynolds,UAB,RB2,1,RB,2,4897730
Ja'Vin Simpkins,UAB,RB3,1,RB,3,5157261
Scott Isacks,UAB,TE1,1,TE,1,5081640
Gabriel Cline,UAB,TE2,1,TE,2,5203714
Ty Mims,UAB,WR1,1,WR1,1,5092470
EJ Reid,UAB,WR2,1,WR2,2,5219011
CJ Smith,UAB,WR3,1,WR3,3,4711421
KJ Daniels,UAB,WR4+,1,WR4,4,5122390
Keyone Jenkins,UCF,QB1,1,QB,1,5085337
Kaleb Annett,UCF,QB2,1,QB,2,5154248
Duke Watson,UCF,RB1,1,RB,1,5136049
Taevion Swint,UCF,RB2,1,RB,2,5141668
Landen Chambers,UCF,RB3,1,RB,3,5078144
Dylan Wade,UCF,TE1,1,TE,1,4922996
Caden Piening,UCF,TE2,1,TE,2,5148656
Josh Derry,UCF,WR1,1,WR1,1,5153889
Waden Charles,UCF,WR2,1,WR2,2,5142600
Tyren Hornes,UCF,WR3,1,WR3,3,5385726
Caleb Flagg,UCF,WR4+,1,WR4,4,5084793
Ric'Darious Farmer,UCF,WR4+,1,WR4,5,5079386
Nico Iamaleava,UCLA,QB1,1,QB,1,4870799
Madden Iamaleava,UCLA,QB2,1,QB,2,5142594
Wayne Knight,UCLA,RB1,1,RB,1,4912342
Anthony Woods,UCLA,RB2,1,RB,2,5083175
Jaivian Thomas,UCLA,RB3,1,RB,3,5114332
Brayden Loftin,UCLA,TE1,1,TE,1,4869442
Josh Phifer,UCLA,TE2,1,TE,2,5084910
Semaj Morgan,UCLA,WR1,1,WR1,1,4899366
Brian Rowe Jr.,UCLA,WR2,1,WR2,2,5209464
Landon Ellis,UCLA,WR3,1,WR3,3,5153994
Leland Smith,UCLA,WR4+,1,WR4,4,5219086
Aidan Mizell,UCLA,WR4+,1,WR4,5,4917945
Gunner Stockton,UGA,QB1,1,QB,1,4685578
Ryan Puglisi,UGA,QB2,1,QB,2,5079679
Chauncey Bowens,UGA,RB1,1,RB,1,5079335
Dwight Phillips Jr.,UGA,RB2,1,RB,2,5079561
Nate Frazier,UGA,RB3,1,RB,3,5084047
Lawson Luckie,UGA,TE1,1,TE,1,4870874
Elyiss Williams,UGA,TE2,1,TE,2,5141756
Talyn Taylor,UGA,WR1,1,WR1,1,5141671
London Humphreys,UGA,WR2,1,WR2,2,5078453
Craig Dandridge,UGA,WR3,1,WR3,3,5263766
Sacovie White-Helton,UGA,WR4+,1,WR4,4,5105269
Thomas Blackshear,UGA,WR4+,1,WR4,5,5149473
Kenny Minchey,UK,QB1,1,QB,1,4918099
Callum Wither,UK,QB2,1,QB,2,4879824
CJ Baxter,UK,RB1,1,RB,1,4870609
Jason Patterson,UK,RB2,1,RB,2,5123048
Jovantae Barnes,UK,RB3,1,RB,3,4685269
Willie Rodriguez,UK,TE1,1,TE,1,5136838
Henry Boyer,UK,TE2,1,TE,2,4826637
Kenny Darby,UK,WR1,1,WR1,1,5215172
Nic Anderson,UK,WR2,1,WR2,2,4699866
DJ Miller,UK,WR3,1,WR3,3,5294137
Shane Carr,UK,WR4+,1,WR4,4,5224388
Ja'Kayden Ferguson,UK,WR4+,1,WR4,5,5141449
Lunch Winfield,UL,QB1,1,QB,1,4871091
Daniel Beale,UL,QB2,1,QB,2,5146661
Steven Blanco,UL,RB1,1,RB,1,5194804
Anthony Reagan Jr.,UL,RB2,1,RB,2,5227209
JJ Garner,UL,RB3,1,RB,3,5258999
Caden Jensen,UL,TE1,1,TE,1,5156928
Brock Chappell,UL,TE2,1,TE,2,5153377
Landon Strother,UL,WR1,1,WR1,1,5221103
Kristion Brooks,UL,WR2,1,WR2,2,5290570
Russell Babineaux,UL,WR3,1,WR3,3,5141364
Trenton Chaney,UL,WR4+,1,WR4,4,5222654
KeDarius Wade,UL,WR4+,1,WR4,5,5122096
Aidan Armenta,ULM,QB1,1,QB,1,5122054
Austin Carlisle,ULM,QB2,1,QB,2,5207934
Zach Palmer-Smith,ULM,RB1,1,RB,1,5097058
CJ Phillip,ULM,RB2,1,RB,2,5382854
Bryson Roland,ULM,RB3,1,RB,3,5382856
Bryce Anderson,ULM,TE1,1,TE,1,5295371
Cade Callahan,ULM,TE2,1,TE,2,5225330
Marcellus Jackson,ULM,WR1,1,WR1,1,5382869
Parker Fulghum,ULM,WR2,1,WR2,2,5218754
LT Robinson,ULM,WR3,1,WR3,3,5382841
Nic Trujillo,ULM,WR4+,1,WR4,4,5122072
JP Coulter,ULM,WR4+,1,WR4,5,5295735
Billy Edwards Jr.,UNC,QB1,1,QB,1,4592532
Miles O'Neill,UNC,QB2,1,QB,2,5145396
Benjamin Hall,UNC,RB1,1,RB,1,5008017
Demon June,UNC,RB2,1,RB,2,5228607
Jaylen McGill,UNC,RB3,1,RB,3,5161835
Jelani Thurman,UNC,TE1,1,TE,1,4871039
Shamar Easter,UNC,TE2,1,TE,2,4870709
Jordan Shipp,UNC,WR1,1,WR1,1,5079687
C.J. Sadler,UNC,WR2,1,WR2,2,5159039
Trech Kekahuna,UNC,WR3,1,WR3,3,5077266
Mason Humphrey,UNC,WR4+,1,WR4,4,5152717
Zamaurious Robertson,UNC,WR4+,1,WR4,5,5279149
Jackson Arnold,UNLV,QB1,1,QB,1,4870607
Alex Orji,UNLV,QB2,1,QB,2,4685495
Jai'Den Thomas,UNLV,RB1,1,RB,1,5125754
Darrien Jones,UNLV,RB2,1,RB,2,5125730
Jaylon Glover,UNLV,RB3,1,RB,3,4808744
Keyan Burnett,UNLV,TE1,1,TE,1,4685289
Jae Beasley II,UNLV,TE2,1,TE,2,5145523
Taz Reddicks,UNLV,WR1,1,WR1,1,4870965
Kayden McGee,UNLV,WR2,1,WR2,2,5149831
Taeshaun Lyons,UNLV,WR3,1,WR3,3,4940235
Vincent Carner,UNLV,WR4+,1,WR4,4,5291092
Troy Stellato,UNLV,WR4+,1,WR4,5,4587722
Toa Fa'avae,UNM,QB1,1,QB,1,5261479
Luke Moga,UNM,QB2,1,QB,2,5122887
Scottre Humphrey,UNM,RB1,1,RB,1,5166161
Kiefer Sibley,UNM,RB2,1,RB,2,5146726
Cameron Mathews,UNM,RB3,1,RB,3,5295363
Cade Keith,UNM,TE1,1,TE,1,5219572
Trey Moore,UNM,TE2,1,TE,2,5388850
Bailen George,UNM,WR1,1,WR1,1,5326947
DJ Darling,UNM,WR2,1,WR2,2,5282659
Massiah Mingo,UNM,WR3,1,WR3,3,5181311
Miles Williams,UNM,WR4+,1,WR4,4,5084027
Zhaiel Smith,UNM,WR4+,1,WR4,5,5296587
Tayven Jackson,UNT,QB1,1,QB,1,4801307
Chaston Ditta,UNT,QB2,1,QB,2,5215310
Jahiem White,UNT,RB1,1,RB,1,4911971
Brendon Haygood,UNT,RB2,1,RB,2,5238020
Adarion Nettles,UNT,RB3,1,RB,3,5334231
Max Reese,UNT,TE1,1,TE,1,4827049
Brec Long,UNT,TE2,1,TE,2,5295066
Justin Stevenson,UNT,WR1,1,WR1,1,5122082
Corri Milliner,UNT,WR2,1,WR2,2,5125905
Kyle Koch,UNT,WR3,1,WR3,3,5194308
Baron Tipton,UNT,WR4+,1,WR4,4,5149220
Grayson O'Bara,UNT,WR4+,1,WR4,5,5085503
Jared Hollins,USA,QB1,1,QB,1,5148858
PJ Martin,USA,RB1,1,RB,1,5124334
Keenan Phillips,USA,RB2,1,RB,2,5295070
Trae'von Dunbar,USA,RB3,1,RB,3,5079412
Rod Gibbs,USA,TE1,1,TE,1,5220195
Everett Hunter,USA,TE2,1,TE,2,5151609
Jeremiah Jones-Thomas,USA,WR1,1,WR1,1,5295064
Anthony Eager,USA,WR2,1,WR2,2,5075529
Brendan Jenkins,USA,WR3,1,WR3,3,5156183
Micah Woods,USA,WR4+,1,WR4,4,5151368
Noah Toster,USA,WR4+,1,WR4,5,5220194
Jayden Maiava,USC,QB1,1,QB,1,4685454
King Miller,USC,RB1,1,RB,1,5233016
Waymond Jordan,USC,RB2,1,RB,2,5295318
Riley Wormley,USC,RB3,1,RB,3,5144164
Mark Bowman,USC,TE1,1,TE,1,5264686
Carson Tabaracci,USC,TE2,1,TE,2,4905248
Tanook Hines,USC,WR1,1,WR1,1,5141975
Kayden Dixon-Wyatt,USC,WR2,1,WR2,2,5161013
Zacharyus Williams,USC,WR3,1,WR3,3,5146757
Ethan Feaster,USC,WR4+,1,WR4,4,5268018
Corey Simms,USC,WR4+,1,WR4,5,5148664
Michael Van Buren Jr.,USF,QB1,1,QB,1,5079620
Luke Kromenhoek,USF,QB2,1,QB,2,5079542
D.J. Crowther,USF,RB1,1,RB,1,5085507
Jason Collins Jr.,USF,RB2,1,RB,2,5154559
Tray Kinkle,USF,RB3,1,RB,3,5296023
Wyatt Sullivan,USF,TE1,1,TE,1,4869390
Evan Dangler,USF,TE2,1,TE,2,5117848
Joshua Porter,USF,WR1,1,WR1,1,5146576
Bryson Rodgers,USF,WR2,1,WR2,2,4870927
Mudia Reuben,USF,WR3,1,WR3,3,4826505
Cameron Seldon,USF,WR4+,1,WR4,4,4870941
Arhmad Branch,USF,WR4+,1,WR4,5,5125521
Landry Lyddy,USM,QB1,1,QB,1,4833635
Ethan Hampton,USM,QB2,1,QB,2,4618083
Steven Robinson,USM,RB1,1,RB,1,5394596
Jamarice Wilder,USM,RB2,1,RB,2,5156440
Dusty Zimmer,USM,RB3,1,RB,3,5394605
Jeremiah Beck Jr.,USM,TE1,1,TE,1,5293671
Broderick Peters,USM,TE2,1,TE,2,5274304
Mario Sanders,USM,WR1,1,WR1,1,5218891
AJ Little,USM,WR2,1,WR2,2,5153318
MJ Johnson,USM,WR3,1,WR3,3,5151526
Davis Dalton,USM,WR4+,1,WR4,4,4869802
Jaylen Himes,USM,WR4+,1,WR4,5,5394595
Grady Brosterhous,USU,QB1,1,QB,1,5081197
McCae Hillstead,USU,QB2,1,QB,2,4923285
Javen Jacobs,USU,RB1,1,RB,1,4816099
Noah White,USU,RB2,1,RB,2,5297079
Nehemiah Washington,USU,RB3,1,RB,3,5265504
Kache Kaio,USU,TE1,1,TE,1,5297067
Eli Wood,USU,WR1,1,WR1,1,5081209
Nikko Boncore,USU,WR2,1,WR2,2,5243087
Javon Robinson,USU,WR3,1,WR3,3,5158829
Demick Starling,USU,WR4+,1,WR4,4,4613165
Kaina Watson,USU,WR4+,1,WR4,5,5222789
Devon Dampier,UTAH,QB1,1,QB,1,5105849
Byrd Ficklin,UTAH,QB2,1,QB,2,5294263
Wayshawn Parker,UTAH,RB1,1,RB,1,5173431
Daniel Bray,UTAH,RB2,1,RB,2,5203476
Team,UTAH,RB3,1,RB,3,-7771
Noah Bennee,UTAH,TE1,1,TE,1,4900351
Hunter Andrews,UTAH,TE2,1,TE,2,5148821
Braden Pegan,UTAH,WR1,1,WR1,1,4869422
Creed Whittemore,UTAH,WR2,1,WR2,2,4871040
Ricky Johnson,UTAH,WR3,1,WR3,3,5132652
Larry Simmons,UTAH,WR4+,1,WR4,4,4685704
Kyri Shoels,UTAH,WR4+,1,WR4,5,5220596
EJ Colson Jr.,UTEP,QB1,1,QB,1,5141395
Raymond Moore III,UTEP,QB2,1,QB,2,5232049
Tavorus Jones,UTEP,RB1,1,RB,1,4685418
Jaden Moore,UTEP,RB2,1,RB,2,5390015
Kam Thomas,UTEP,RB3,1,RB,3,4879292
Cash Cheeks,UTEP,TE1,1,TE,1,5172260
Jaden Smith,UTEP,WR1,1,WR1,1,4877714
Carver Cheeks,UTEP,WR2,1,WR2,2,5168770
Jeremiah Nash,UTEP,WR3,1,WR3,3,5390023
Marcus Torres,UTEP,WR4+,1,WR4,4,5197115
Nik Henry,UTEP,WR4+,1,WR4,5,5223789
Owen McCown,UTSA,QB1,1,QB,1,4775136
Mark Wiepert,UTSA,QB2,1,QB,2,5296013
Will Henderson III,UTSA,RB1,1,RB,1,5223167
Brandon High Jr.,UTSA,RB2,1,RB,2,5078422
A'Marion Peterson,UTSA,RB3,1,RB,3,4918111
Brandon Young Jr.,UTSA,TE1,1,TE,1,5146987
Miles Campbell,UTSA,TE2,1,TE,2,4683417
David Amador II,UTSA,WR1,1,WR1,1,4917054
DJ Allen Jr.,UTSA,WR2,1,WR2,2,4702790
Mekhi Anderson,UTSA,WR3,1,WR3,3,5194309
AJ Wilson,UTSA,WR4+,1,WR4,4,5084802
Jamel Hardy Jr.,UTSA,WR4+,1,WR4,5,4923281
Beau Pribula,UVA,QB1,1,QB,1,4685696
Eli Holstein,UVA,QB2,1,QB,2,4870819
Jekail Middlebrook,UVA,RB1,1,RB,1,5121721
Xavier Brown,UVA,RB2,1,RB,2,4873442
Xay Davis,UVA,RB3,1,RB,3,5210729
Dakota Twitty,UVA,TE1,1,TE,1,4685594
John Rogers,UVA,TE2,1,TE,2,5143920
Da'Shawn Martin,UVA,WR1,1,WR1,1,5222394
Rico Flores Jr.,UVA,WR2,1,WR2,2,4870713
Kameron Courtney,UVA,WR3,1,WR3,3,5147376
Josiah Abdullah,UVA,WR4+,1,WR4,4,5141351
Isaiah Robinson,UVA,WR4+,1,WR4,5,5141657
Jared Curtis,VAN,QB1,1,QB,1,5158948
Blaze Berlowitz,VAN,QB2,1,QB,2,5121691
Sedrick Alexander,VAN,RB1,1,RB,1,5030333
Makhilyn Young,VAN,RB2,1,RB,2,4912302
Jamezell Lassiter,VAN,RB3,1,RB,3,5218655
Cole Spence,VAN,TE1,1,TE,1,4799991
Jayvontay Conner,VAN,TE2,1,TE,2,5041960
Junior Sherrill,VAN,WR1,1,WR1,1,5078165
Ja'Cory Thomas,VAN,WR2,1,WR2,2,5295920
Tristen Brown,VAN,WR3,1,WR3,3,5149910
Cole Adams,VAN,WR4+,1,WR4,4,4918121
Kayleb Barnett,VAN,WR4+,1,WR4,5,5257993
Ethan Grunkemeyer,VT,QB1,1,QB,1,5144078
Jeffrey Overton Jr.,VT,RB1,1,RB,1,5214409
Marcellous Hawkins Jr.,VT,RB2,1,RB,2,5260847
Team,VT,RB3,1,RB,3,-7798
Luke Reynolds,VT,TE1,1,TE,1,5138451
Benji Gosnell,VT,TE2,1,TE,2,4685366
Que'Sean Brown,VT,WR1,1,WR1,1,5218787
Ayden Greene,VT,WR2,1,WR2,2,4918417
Davion Brown,VT,WR3,1,WR3,3,5158951
Marlion Jackson,VT,WR4+,1,WR4,4,5092787
Tyseer Denmark,VT,WR4+,1,WR4,5,5079402
Gio Lopez,WAKE,QB1,1,QB,1,4920227
Steele Pizzella,WAKE,QB2,1,QB,2,5141634
Ty Clark III,WAKE,RB1,1,RB,1,5186586
Deuce Lawrence,WAKE,RB2,1,RB,2,5382529
Jamar Searcy,WAKE,RB3,1,RB,3,5216505
Kamrean Johnson,WAKE,TE1,1,TE,1,5086448
Will Loerzel,WAKE,TE2,1,TE,2,5155870
Carlos Hernandez,WAKE,WR1,1,WR1,1,5153074
Jack Foley,WAKE,WR2,1,WR2,2,5239156
Drayden Dickmann,WAKE,WR3,1,WR3,3,5151274
Kam Shanks,WAKE,WR4+,1,WR4,4,5121666
Antonio Meeks,WAKE,WR4+,1,WR4,5,5099305
Demond Williams Jr.,WASH,QB1,1,QB,1,5079653
Elijah Brown,WASH,QB2,1,QB,2,5079318
Brian Bonner Jr.,WASH,RB1,1,RB,1,5200430
Trey Cooley,WASH,RB2,1,RB,2,4601283
Ansu Sanoe,WASH,RB3,1,RB,3,5159065
Baron Naone,WASH,TE1,1,TE,1,5164338
Decker DeGraaf,WASH,TE2,1,TE,2,5079373
Dezmen Roebuck,WASH,WR1,1,WR1,1,5166797
Chris Lawson,WASH,WR2,1,WR2,2,5141559
Rashid Williams,WASH,WR3,1,WR3,3,4871068
Mason James,WASH,WR4+,1,WR4,4,5198507
Jordan Clay,WASH,WR4+,1,WR4,5,5158960
Colton Joseph,WIS,QB1,1,QB,1,5125715
Ryan Hopkins,WIS,QB2,1,QB,2,5210475
Darrion Dupree,WIS,RB1,1,RB,1,5079378
Bryan Jackson II,WIS,RB2,1,RB,2,5079500
Nate Palmer,WIS,RB3,1,RB,3,5079552
Jacob Harris,WIS,TE1,1,TE,1,5122018
Emmett Bork,WIS,TE2,1,TE,2,5212589
Tyrell Henry,WIS,WR1,1,WR1,1,4714046
Chris Brooks Jr.,WIS,WR2,1,WR2,2,4917172
Eugene Hilton Jr.,WIS,WR3,1,WR3,3,5141505
Malachi Coleman,WIS,WR4+,1,WR4,4,4917947
Shamar Rigby,WIS,WR4+,1,WR4,5,5146753
Rodney Tisdale Jr.,WKU,QB1,1,QB,1,5196864
Brock Glenn,WKU,QB2,1,QB,2,4920158
Ajay Allen,WKU,RB1,1,RB,1,4878394
Le'Kamren Meadows,WKU,RB2,1,RB,2,5290447
Kalib Hicks,WKU,RB3,1,RB,3,4920135
Lofton Howard,WKU,TE1,1,TE,1,5091828
CC Ezirim,WKU,TE2,1,TE,2,5125726
Jonathan Stafford Jr.,WKU,WR1,1,WR1,1,5290902
Moussa Barry,WKU,WR2,1,WR2,2,5095915
Quincy Burroughs,WKU,WR3,1,WR3,3,4716507
Cameron Flowers,WKU,WR4+,1,WR4,4,5155579
Qua'Vez Humphreys,WKU,WR4+,1,WR4,5,5151200
Broc Lowry,WMU,QB1,1,QB,1,5074245
Trey Petty,WMU,QB2,1,QB,2,5126475
Jalen Buckley,WMU,RB1,1,RB,1,5085006
Lolo Mataele,WMU,RB2,1,RB,2,5296166
Cole Cabana,WMU,RB3,1,RB,3,4917858
Nate Levicki,WMU,TE1,1,TE,1,5157528
Adam Parks,WMU,TE2,1,TE,2,5121636
Aveion Chenault,WMU,WR1,1,WR1,1,5164351
Baylin Brooks,WMU,WR2,1,WR2,2,5075962
Egypt Nelson,WMU,WR3,1,WR3,3,5155273
Keivin Boone-Nelson II,WMU,WR4+,1,WR4,4,5296172
Emazon Littlejohn,WMU,WR4+,1,WR4,5,5218736
Caden Pinnick,WSU,QB1,1,QB,1,5226019
Kirby Vorhees,WSU,RB1,1,RB,1,5154732
Maxwell Woods,WSU,RB2,1,RB,2,5227814
Leo Pulalasi,WSU,RB3,1,RB,3,5076654
Jack Pedersen,WSU,TE1,1,TE,1,4685492
Trey Leckner,WSU,TE2,1,TE,2,5024359
Branden Ganashamoorthy,WSU,WR1,1,WR1,1,5153065
Daniel Blood,WSU,WR2,1,WR2,2,5119307
Darrius Clemons,WSU,WR3,1,WR3,3,4685297
Tank Hawkins Jr.,WSU,WR4+,1,WR4,4,5222221
Michael Hawkins Jr.,WVU,QB1,1,QB,1,5079465
Cam Cook,WVU,RB1,1,RB,1,4918103
Amari Latimer,WVU,RB2,1,RB,2,5161022
Team,WVU,RB3,1,RB,3,-7951
Josh Sapp,WVU,TE1,1,TE,1,4898018
Ryan Ward,WVU,TE2,1,TE,2,5142265
DJ Epps,WVU,WR1,1,WR1,1,5082584
Prince Strachan,WVU,WR2,1,WR2,2,5151353
Jaden Bray,WVU,WR3,1,WR3,3,4683719
John Neider,WVU,WR4+,1,WR4,4,5150460
Cyrus Traugh,WVU,WR4+,1,WR4,5,5154886
Tyler Hughes,WYO,QB1,1,QB,1,4838536
Landon Sims,WYO,QB2,1,QB,2,5296625
Markell Holman,WYO,RB1,1,RB,1,5227257
Samuel Harris,WYO,RB2,1,RB,2,5258056
Nico Hamilton,WYO,RB3,1,RB,3,5196928
Jake Wilson,WYO,TE1,1,TE,1,5193325
Kyle Frendt,WYO,TE2,1,TE,2,5215395
Deion DeBlanc,WYO,WR1,1,WR1,1,5141406
Eric Richardson,WYO,WR2,1,WR2,2,5296622
Charlie Coenen,WYO,WR3,1,WR3,3,4912280
Jackson Holman,WYO,WR4+,1,WR4,4,5078816
Tyson Shamsid-Deen,WYO,WR4+,1,WR4,5,5258492
