season,defense,QB PY avg,P TD avg,QB RY avg,RB1 RY avg,RB2+ RY avg,WR RY avg,RB1 Recep avg,RB1 RecY avg,RB2 Recep avg,RB2 RecY avg,WR1 Recep avg,WR1 RecY avg,WR2 Recep avg,WR2 RecY avg,WR3 Recep avg,WR3 RecY avg,WR4+ Recep avg,WR4+ RecY avg,TE1 Recep avg,TE1 RecY avg,TE2 Recep avg,TE2 RecY avg,QB TD avg,RB1 TD avg,RB2 TD avg,WR1 TD avg,WR2 TD avg,WR3 TD avg,WR4+ TD avg,TE1 TD avg,TE2 TD avg,D/ST TD avg,QB P+R avg,RB R+R avg,QB PY rank,P TD rank,QB RY rank,RB1 RY rank,RB2+ RY rank,WR RY rank,RB1 Recep rank,RB1 RecY rank,RB2 Recep rank,RB2 RecY rank,WR1 Recep rank,WR1 RecY rank,WR2 Recep rank,WR2 RecY rank,WR3 Recep rank,WR3 RecY rank,WR4+ Recep rank,WR4+ RecY rank,TE1 Recep rank,TE1 RecY rank,TE2 Recep rank,TE2 RecY rank,QB TD rank,RB1 TD rank,RB2 TD rank,WR1 TD rank,WR2 TD rank,WR3 TD rank,WR4+ TD rank,TE1 TD rank,TE2 TD rank,D/ST TD rank,QB P+R rank,RB R+R rank,QB *,RB1 *,RB2 *,WR1 *,WR2 *,WR3 *,WR4+ *,TE1 *,TE2 *,D/ST *
2026,AF,162.0,0.75,15.25,39.0,53.5,16.5,1.25,9.75,1.25,11.0,3.5,34.5,1.75,26.5,1.25,38.5,1.25,20.5,1.25,12.25,0.0,0.0,0.5,0.0,1.0,0.0,0.25,0.5,0.0,0.0,0.0,0.0,177.25,113.25,121.0,117.0,96.0,114.0,50.0,4.0,81.5,67.0,89.5,59.0,125.5,132.0,134.0,119.0,124.5,17.0,102.5,80.0,124.5,121.0,135.5,135.5,51.0,128.0,17.5,129.5,53.0,7.5,106.5,110.0,91.0,69.5,125.0,95.0,102.0,97.1,62.2,129.0,102.0,49.67,96.33,118.5,120.67,69.5
2026,AKR,235.8,2.4,48.8,74.8,62.8,2.2,1.6,8.6,0.6,3.2,5.0,100.4,3.2,39.2,2.0,45.4,3.0,28.6,1.0,6.6,0.4,3.8,0.2,1.2,0.6,0.6,0.4,0.6,0.2,0.2,0.0,0.0,284.6,149.4,30.0,7.5,11.0,38.0,31.0,86.5,53.5,80.5,129.0,125.0,60.5,3.0,60.0,72.5,71.5,3.0,22.0,40.0,133.5,133.5,111.0,96.5,103.0,6.0,47.0,39.0,32.5,3.5,48.0,56.0,91.0,69.5,16.0,41.0,33.5,43.8,74.6,34.17,55.0,26.0,36.67,107.67,99.5,69.5
2026,ALA,234.0,1.6,7.2,52.6,18.4,0.0,1.4,5.2,1.4,17.8,6.0,89.6,2.4,40.8,1.4,37.4,1.0,11.0,3.2,22.4,0.8,9.8,0.4,0.4,0.0,1.0,0.0,0.0,0.2,0.0,0.4,0.0,241.2,94.0,33.0,45.0,114.5,89.0,133.0,121.5,71.5,110.5,75.0,27.0,28.5,13.0,113.0,63.5,120.5,22.5,115.0,110.0,11.0,64.5,70.0,45.5,66.5,83.5,127.5,9.0,120.5,109.5,48.0,110.0,4.0,69.5,55.0,118.0,62.8,94.5,96.1,16.83,99.0,84.17,91.0,61.83,39.83,69.5
2026,APP,223.0,1.0,14.5,75.5,30.5,-0.25,1.5,8.5,1.75,10.75,6.0,68.5,3.5,29.75,2.5,28.0,2.75,51.75,2.25,15.0,1.0,10.75,0.25,1.0,0.25,0.25,0.0,0.25,0.5,0.0,0.0,0.0,237.5,125.25,46.0,96.5,100.0,35.0,110.0,128.5,61.0,83.0,44.0,61.0,28.5,56.0,33.5,109.0,26.5,59.5,32.5,9.0,59.5,110.0,49.5,36.0,85.5,16.0,93.0,92.0,120.5,29.5,9.5,110.0,91.0,69.5,65.0,82.0,78.6,55.4,78.0,58.83,87.67,38.5,17.0,93.17,58.83,69.5
2026,ARIZ,213.2,1.0,17.6,50.0,10.4,1.0,2.0,11.4,1.4,8.8,6.2,55.0,3.2,48.2,2.4,17.4,2.8,44.4,1.6,17.6,1.2,10.4,0.6,0.0,0.2,0.4,0.0,0.0,0.6,0.0,0.0,0.0,230.8,80.6,61.5,96.5,88.0,96.0,138.0,101.5,33.0,49.0,75.0,82.0,21.5,86.0,60.0,35.0,35.5,118.5,29.0,15.5,103.0,98.5,31.0,39.5,35.5,128.0,105.5,72.0,120.5,109.5,5.0,110.0,91.0,69.5,75.0,130.0,71.3,87.2,106.1,59.83,71.83,87.83,16.5,103.83,53.83,69.5
2026,ARK,194.0,0.8,48.0,44.4,46.0,7.8,1.8,17.4,1.6,7.0,4.0,38.0,2.2,32.0,1.2,15.0,2.2,24.0,2.2,43.4,1.0,15.0,1.0,1.0,1.2,0.0,0.2,0.0,0.0,0.4,0.0,0.0,242.0,114.8,89.0,111.0,12.0,109.0,64.0,26.0,42.5,13.0,54.5,98.5,103.5,126.5,122.5,100.0,129.5,125.0,56.5,61.5,64.0,4.0,49.5,19.0,4.0,16.0,10.5,129.5,76.0,109.5,106.5,21.5,91.0,69.5,52.0,92.5,53.6,54.6,64.0,119.83,99.5,121.33,74.83,29.83,53.17,69.5
2026,ARMY,191.0,1.0,33.5,45.0,79.0,7.0,0.75,6.75,1.25,42.25,4.25,46.75,3.0,32.25,1.75,19.5,1.5,29.5,2.0,32.5,0.0,0.0,0.75,0.0,1.0,0.25,0.25,0.0,0.25,0.0,0.0,0.0,224.5,173.0,95.0,96.5,39.0,106.0,11.0,30.0,123.0,102.0,89.5,1.0,94.5,110.0,76.5,99.0,104.0,105.0,90.0,38.0,74.0,21.0,135.5,135.5,18.5,128.0,17.5,92.0,53.0,109.5,26.0,110.0,91.0,69.5,84.0,16.0,66.6,95.0,27.0,98.83,76.17,106.17,51.33,68.33,120.67,69.5
2026,ARST,182.17,1.17,32.67,83.5,88.5,7.67,1.67,10.5,1.0,5.0,3.83,57.0,2.0,27.67,1.5,20.33,1.67,22.5,2.67,30.67,1.17,8.5,0.5,1.33,0.67,0.5,0.0,0.0,0.0,0.33,0.33,0.0,214.83,187.5,101.0,85.0,45.0,19.0,8.0,27.0,47.5,60.0,109.0,114.5,107.0,81.0,127.5,115.0,114.0,102.0,79.0,73.5,33.5,27.0,38.5,54.0,51.0,2.0,35.5,53.5,120.5,109.5,106.5,34.5,8.5,69.5,92.0,9.0,74.8,27.5,55.2,80.5,121.0,108.5,86.33,31.67,33.67,69.5
2026,ASU,201.0,2.0,17.75,44.5,92.0,0.0,1.25,5.75,1.5,9.5,4.25,53.5,3.5,51.5,2.0,30.0,2.0,26.5,1.75,15.25,1.25,9.0,0.25,0.25,0.75,0.25,0.5,0.75,0.0,0.25,0.25,0.0,218.75,151.75,78.0,19.0,87.0,108.0,6.0,121.5,81.5,105.0,63.5,73.5,94.5,91.0,33.5,25.0,71.5,53.0,65.0,48.0,94.0,106.5,24.0,50.5,85.5,101.5,31.0,92.0,18.5,2.0,106.5,38.0,12.0,69.5,88.0,38.0,71.5,86.8,42.4,92.5,25.67,42.17,73.17,79.5,28.83,69.5
2026,AUB,198.6,0.8,7.2,106.8,36.2,-1.2,1.2,6.2,1.6,10.8,6.0,90.0,3.8,40.8,2.4,21.6,1.2,7.0,1.8,15.2,1.4,16.6,0.0,1.6,0.2,0.2,0.2,0.2,0.0,0.0,0.0,0.0,205.8,160.0,82.0,111.0,114.5,4.0,95.0,135.0,90.0,103.0,54.5,60.0,28.5,12.0,21.5,63.5,35.5,94.5,106.5,123.5,87.5,108.0,20.0,14.0,129.0,1.0,105.5,107.5,76.0,52.0,106.5,110.0,91.0,69.5,102.5,26.5,107.8,44.9,68.3,49.33,53.67,60.67,112.17,101.83,41.67,69.5
2026,BALL,243.8,2.4,29.2,70.4,127.8,2.4,1.0,7.6,2.6,21.4,6.2,88.8,3.4,43.8,2.6,31.2,2.4,23.4,1.4,15.0,1.2,12.6,0.6,0.4,2.0,0.8,0.2,0.4,0.4,0.0,0.0,0.0,273.0,227.2,25.0,7.5,54.5,45.0,2.0,82.5,107.0,91.0,10.0,18.0,21.5,15.0,42.5,47.0,21.0,47.0,48.5,66.5,117.0,110.0,31.0,27.0,35.5,83.5,1.0,20.5,76.0,17.5,16.0,110.0,91.0,69.5,25.0,2.5,29.5,65.8,6.7,19.0,55.17,28.5,43.67,112.33,49.67,69.5
2026,BAY,218.2,0.6,14.8,29.0,43.4,10.2,1.4,9.8,3.2,22.6,6.4,80.0,4.6,62.8,2.4,24.4,1.6,7.0,3.0,20.0,0.2,1.4,0.2,0.4,0.0,0.4,0.2,0.0,0.0,0.2,0.0,0.0,233.0,104.8,53.5,121.5,99.0,130.0,76.5,15.5,71.5,65.5,3.5,15.0,14.5,29.5,8.0,10.0,35.5,76.0,84.0,123.5,17.0,79.0,127.5,125.0,103.0,83.5,127.5,72.0,76.0,109.5,106.5,56.0,91.0,69.5,71.0,109.0,89.6,91.9,66.3,38.67,31.33,73.67,104.67,50.67,114.5,69.5
2026,BC,163.0,1.8,1.6,106.6,35.8,4.2,1.4,9.2,1.4,8.4,5.6,62.0,3.4,36.2,2.2,26.0,1.8,10.4,2.6,11.8,0.2,0.6,0.8,0.6,0.4,0.6,0.2,0.0,0.2,0.2,0.0,0.0,164.6,160.0,117.0,30.5,129.0,5.0,96.0,59.0,71.5,73.0,75.0,86.5,41.5,69.5,42.5,81.5,51.0,69.5,74.5,112.0,39.0,123.0,127.5,130.5,11.0,57.0,74.5,39.0,76.0,109.5,48.0,56.0,91.0,69.5,130.0,26.5,83.5,46.6,71.7,50.0,66.67,76.67,78.17,72.67,116.33,69.5
2026,BGSU,176.0,1.8,36.4,149.0,44.8,1.2,1.2,13.4,1.6,20.0,4.2,55.4,3.2,29.4,2.0,27.8,2.2,24.0,1.2,11.2,0.0,0.0,0.2,0.8,0.8,0.8,0.6,0.0,0.2,0.0,0.0,0.0,212.4,227.2,105.0,30.5,30.0,1.0,70.0,99.5,90.0,37.5,54.5,23.0,98.0,84.0,60.0,111.0,71.5,61.0,56.5,61.5,129.0,127.5,135.5,135.5,103.0,32.0,26.0,20.5,10.5,109.5,48.0,110.0,91.0,69.5,95.5,2.5,72.8,32.6,35.2,67.5,60.5,80.67,55.33,122.17,120.67,69.5
2026,BOIS,258.2,1.8,12.6,77.8,17.6,6.4,2.2,15.8,1.4,9.8,4.6,60.0,2.6,58.8,1.8,36.0,0.6,7.0,3.2,64.8,0.4,1.8,0.0,0.6,0.2,0.2,0.6,0.4,0.0,0.4,0.0,0.0,270.8,121.0,18.0,30.5,104.0,30.5,134.5,34.5,22.5,23.5,75.0,71.5,74.5,73.5,99.0,14.0,94.0,28.5,130.0,123.5,11.0,1.0,111.0,115.5,129.0,57.0,105.5,107.5,10.5,17.5,106.5,21.5,91.0,69.5,26.5,86.0,61.6,43.9,94.5,85.17,41.17,46.67,120.0,11.17,105.83,69.5
2026,BUF,243.0,1.6,25.2,51.4,74.0,10.2,1.2,8.6,0.6,1.0,4.4,75.2,3.0,42.2,2.4,33.6,2.6,38.0,1.8,25.6,1.4,18.8,0.6,0.6,0.6,0.8,0.4,0.2,0.2,0.0,0.2,0.0,268.2,135.0,26.0,45.0,67.0,91.5,13.0,15.5,90.0,80.5,129.0,135.5,88.0,38.0,76.5,55.0,35.5,39.0,37.5,24.0,87.5,53.5,20.0,9.0,35.5,57.0,47.0,20.5,32.5,52.0,48.0,110.0,26.0,69.5,28.0,67.0,40.3,77.2,78.3,48.83,54.67,42.17,36.5,83.67,18.33,69.5
2026,BYU,174.0,1.0,8.2,55.6,13.2,2.0,2.0,8.6,2.4,13.8,4.0,41.2,3.0,20.6,1.4,9.2,2.6,35.0,2.6,31.8,1.4,13.8,0.2,0.2,0.2,0.2,0.0,0.0,0.0,0.4,0.4,0.0,182.2,91.2,109.5,96.5,111.0,80.0,136.0,88.5,33.0,80.5,15.0,45.0,103.5,119.0,76.5,130.0,120.5,135.5,37.5,29.0,39.0,23.0,20.0,23.0,103.0,111.0,105.5,107.5,120.5,109.5,106.5,21.5,4.0,69.5,119.0,122.0,107.8,85.3,84.7,110.0,109.0,121.83,57.67,27.83,15.67,69.5
2026,CAL,172.4,1.0,40.0,66.2,71.2,9.6,1.4,8.0,0.8,1.2,3.6,49.0,3.4,49.6,2.4,19.0,2.2,20.8,1.6,24.8,0.2,1.4,0.6,1.2,0.4,0.4,0.2,0.0,0.0,0.4,0.0,0.0,212.4,146.6,112.0,96.5,23.5,54.0,17.5,17.0,71.5,89.0,118.5,134.0,119.5,99.5,42.5,33.0,35.5,108.5,56.5,78.0,103.0,57.0,127.5,125.0,35.5,6.0,74.5,72.0,76.0,109.5,106.5,21.5,91.0,69.5,95.5,45.0,72.6,53.1,77.9,97.0,50.5,84.5,80.33,60.5,114.5,69.5
2026,CCU,199.6,2.0,54.8,82.4,44.6,1.6,2.0,9.8,0.6,2.8,4.6,85.6,3.8,41.6,1.2,21.6,1.4,12.6,1.4,25.6,0.0,0.0,0.6,0.8,0.0,1.0,0.2,0.2,0.2,0.2,0.0,0.0,254.4,139.6,80.0,19.0,6.0,23.0,71.5,93.5,33.0,65.5,129.0,130.0,74.5,19.0,21.5,61.0,129.5,94.5,96.5,102.5,117.0,53.5,135.5,135.5,35.5,32.0,127.5,9.0,76.0,52.0,48.0,56.0,91.0,69.5,39.0,56.5,35.9,42.0,102.9,34.17,52.83,92.0,82.33,75.5,120.67,69.5
2026,CIN,260.0,1.0,34.0,37.6,68.4,1.6,1.6,13.6,1.6,5.8,5.0,80.0,2.0,36.2,2.2,27.2,5.6,53.8,4.2,40.0,0.6,3.4,0.6,0.8,0.2,0.4,0.2,0.0,0.2,0.2,0.0,0.0,294.0,125.4,15.5,96.5,36.0,118.5,22.0,93.5,53.5,35.5,54.5,108.0,60.5,29.5,127.5,81.5,51.0,64.0,2.0,8.0,2.0,6.5,91.0,100.5,35.5,32.0,105.5,72.0,76.0,109.5,48.0,56.0,91.0,69.5,10.0,80.0,38.7,63.9,74.0,54.0,95.0,74.83,19.33,21.5,94.17,69.5
2026,CLEM,212.0,1.0,35.8,75.4,43.4,9.2,1.4,12.4,1.0,9.0,6.2,59.2,3.8,58.2,2.4,35.0,0.8,12.6,3.6,29.4,0.2,1.4,0.6,1.0,0.2,0.2,0.4,0.2,0.0,0.0,0.0,0.0,247.8,140.2,65.0,96.5,32.0,36.0,76.5,18.0,71.5,42.0,109.0,79.0,21.5,76.0,21.5,18.0,35.5,36.0,122.5,102.5,4.5,35.0,127.5,125.0,35.5,16.0,105.5,107.5,32.5,52.0,106.5,110.0,91.0,69.5,46.0,53.5,55.0,43.8,84.7,68.33,24.0,41.17,110.5,49.83,114.5,69.5
2026,CLT,263.0,2.2,43.0,77.8,54.8,5.6,1.0,3.4,1.4,12.2,5.4,70.8,3.4,44.6,2.4,30.2,5.4,66.2,1.8,19.2,1.0,13.6,0.8,1.2,1.2,0.2,0.2,0.4,0.8,0.4,0.0,0.0,306.0,148.2,12.0,13.5,17.0,30.5,47.0,42.5,107.0,127.5,75.0,49.5,48.0,51.0,42.5,44.0,35.5,52.0,3.0,1.0,87.5,84.0,49.5,24.5,11.0,6.0,10.5,107.5,76.0,17.5,1.5,21.5,91.0,69.5,5.0,44.0,11.7,63.0,45.2,68.83,54.17,35.0,1.83,64.33,55.0,69.5
2026,CMU,201.4,1.0,33.0,76.0,48.8,2.8,1.6,11.8,1.6,9.4,3.8,51.4,2.6,29.8,2.0,26.2,2.4,29.8,2.4,21.0,1.6,23.4,0.8,0.6,0.4,0.4,0.2,0.0,0.4,0.0,0.0,0.0,234.4,146.0,77.0,96.5,41.0,34.0,58.5,78.0,53.5,45.0,54.5,75.0,109.5,94.5,99.0,107.5,71.5,67.5,48.5,37.0,50.0,73.5,13.0,4.0,11.0,57.0,74.5,72.0,76.0,109.5,16.0,110.0,91.0,69.5,68.0,46.5,58.7,47.2,61.8,92.0,94.17,82.83,33.83,77.83,36.0,69.5
2026,COLO,215.6,1.8,7.0,70.2,48.8,5.2,1.4,11.4,2.2,14.8,5.4,77.2,2.6,40.0,2.0,23.0,1.4,15.4,3.0,26.8,0.4,7.0,0.4,0.0,0.8,0.6,0.4,0.0,0.0,0.2,0.0,0.0,222.6,145.2,57.0,30.5,117.5,46.0,58.5,45.5,71.5,49.0,21.0,36.0,48.0,34.0,99.0,67.0,71.5,82.5,96.5,93.5,17.0,41.0,111.0,71.0,66.5,128.0,26.0,39.0,32.5,109.5,106.5,56.0,91.0,69.5,85.0,49.0,71.3,68.7,38.1,40.33,66.17,87.83,98.83,38.0,91.0,69.5
2026,CONN,288.4,2.0,12.0,63.0,31.0,4.8,1.0,8.2,0.6,-3.2,7.8,80.4,5.2,55.4,3.6,44.8,4.6,55.2,2.0,30.0,2.0,20.0,0.4,0.4,0.6,0.8,0.4,0.0,0.2,0.4,0.2,0.0,300.4,99.0,5.0,19.0,105.5,64.0,108.5,51.0,107.0,86.0,129.0,138.0,1.0,28.0,5.0,21.0,4.0,4.5,4.0,7.0,74.0,30.0,3.5,8.0,66.5,83.5,47.0,20.5,32.5,109.5,48.0,21.5,26.0,69.5,6.0,113.0,40.4,90.7,107.1,16.5,19.5,39.33,19.67,41.83,12.5,69.5
2026,CSU,259.4,1.8,20.2,112.4,82.8,12.8,1.8,9.6,0.8,8.8,4.0,86.2,2.6,53.8,2.0,28.2,1.0,11.4,3.0,38.8,2.4,27.8,0.2,1.2,1.0,1.2,0.2,0.2,0.2,0.4,0.2,0.0,279.6,213.6,17.0,30.5,79.5,3.0,10.0,8.0,42.5,68.5,118.5,82.0,103.5,18.0,99.0,22.0,71.5,57.5,115.0,108.5,17.0,8.0,2.0,2.0,103.0,6.0,17.5,3.5,76.0,52.0,48.0,21.5,26.0,69.5,19.0,5.0,49.8,25.0,46.6,41.67,65.67,60.33,90.5,15.5,10.0,69.5
2026,DEL,255.8,1.6,15.0,55.0,65.4,1.4,1.4,14.4,2.0,14.4,5.4,74.6,3.0,38.0,1.6,31.4,3.8,49.6,2.2,26.6,0.6,6.8,0.6,0.6,0.4,0.4,0.4,0.2,0.4,0.0,0.2,0.0,270.8,149.2,20.0,45.0,97.5,82.0,25.0,97.0,71.5,31.0,26.5,39.5,48.0,40.0,76.5,77.5,109.0,46.0,9.0,11.0,64.0,43.0,91.0,73.0,35.5,57.0,74.5,72.0,32.5,52.0,16.0,110.0,26.0,69.5,26.5,42.0,44.9,56.7,41.5,53.33,62.17,69.0,12.0,72.33,63.33,69.5
2026,DUKE,198.0,1.25,-7.5,47.0,24.25,0.0,1.75,11.5,1.5,16.75,6.0,92.0,2.5,18.75,2.0,19.25,2.5,20.25,1.25,15.25,0.75,4.25,0.0,0.0,0.25,1.0,0.0,0.0,0.0,0.0,0.0,0.0,190.5,99.5,86.0,72.0,137.0,101.0,124.0,121.5,45.5,46.5,63.5,33.0,28.5,9.0,106.0,131.0,71.5,106.0,42.5,81.0,124.5,106.5,79.0,91.0,129.0,128.0,93.0,9.0,120.5,109.5,106.5,110.0,91.0,69.5,113.0,112.0,107.4,86.6,85.1,15.5,119.17,95.67,76.67,113.67,87.0,69.5
2026,ECU,198.5,0.25,46.5,64.75,29.0,2.25,1.0,7.5,1.25,8.25,3.75,63.25,2.25,25.25,2.0,35.25,2.0,31.75,3.0,26.75,0.5,2.0,0.75,0.75,0.75,0.0,0.0,0.25,0.0,0.0,0.0,0.0,245.0,109.5,83.5,137.5,14.0,60.0,114.5,85.0,107.0,92.0,89.5,89.0,113.5,66.0,118.5,122.0,71.5,32.5,65.0,34.0,17.0,42.0,101.0,112.0,18.5,42.5,31.0,129.5,120.5,29.5,106.5,110.0,91.0,69.5,49.0,102.0,60.5,80.7,85.2,103.0,120.33,44.5,68.5,56.33,101.33,69.5
2026,EMU,229.83,1.5,20.0,63.33,52.67,-2.17,0.67,4.33,1.0,5.0,6.33,58.67,3.5,48.17,2.5,41.0,2.0,23.67,2.67,40.0,1.17,9.0,0.17,0.33,0.67,0.17,0.17,0.5,0.33,0.17,0.17,0.0,249.83,125.33,37.0,54.5,81.0,63.0,55.0,137.0,125.0,124.0,109.0,114.5,17.0,77.0,33.5,36.0,26.5,12.0,65.0,65.0,33.5,6.5,38.5,50.5,118.0,95.5,35.5,119.0,99.0,7.5,21.5,77.0,40.5,69.5,43.0,81.0,66.7,97.7,79.0,71.0,56.17,15.33,50.5,39.0,43.17,69.5
2026,FAU,237.6,1.6,41.0,68.0,37.4,16.2,1.0,11.2,0.6,9.2,5.8,77.0,2.6,35.6,2.0,19.0,2.4,50.6,2.4,27.2,1.4,7.8,0.8,0.8,0.4,0.4,0.0,0.2,0.2,0.2,0.4,0.0,278.6,125.8,29.0,45.0,20.0,52.0,93.0,5.0,107.0,52.0,129.0,76.0,36.0,35.0,99.0,83.0,71.5,108.5,48.5,10.0,50.0,38.0,20.0,65.0,11.0,32.0,74.5,72.0,120.5,52.0,48.0,56.0,4.0,69.5,21.0,77.0,25.2,64.0,89.9,47.67,100.83,77.33,35.5,48.0,29.67,69.5
2026,FIU,156.0,0.4,-2.8,46.8,38.4,4.2,1.6,7.0,1.2,5.4,5.0,72.2,3.2,30.2,1.2,9.6,1.2,12.2,1.2,8.4,0.8,11.0,0.0,0.0,0.4,0.4,0.0,0.0,0.0,0.0,0.0,0.0,153.2,97.6,126.0,131.5,132.0,102.0,90.0,59.0,53.5,99.0,98.0,112.0,60.5,48.0,60.0,106.0,129.5,134.0,106.5,105.0,129.0,131.0,70.0,34.0,129.0,128.0,74.5,72.0,120.5,109.5,106.5,110.0,91.0,69.5,136.0,114.0,130.9,99.3,97.7,60.17,95.5,124.33,106.0,123.33,65.0,69.5
2026,FLA,266.6,1.4,22.2,69.2,35.0,0.0,1.2,8.8,2.0,9.0,7.2,92.6,5.0,62.2,2.4,38.4,4.4,35.4,2.2,18.6,0.2,1.6,0.8,1.0,0.0,0.6,0.4,0.2,0.2,0.0,0.0,0.0,288.8,122.0,9.5,64.0,76.0,49.0,97.0,121.5,90.0,77.0,26.5,79.0,6.0,8.0,6.0,11.0,35.5,18.5,5.5,28.0,64.0,87.5,127.5,120.5,11.0,16.0,127.5,39.0,32.5,52.0,48.0,110.0,91.0,69.5,12.0,84.0,34.5,63.2,82.8,17.67,16.5,35.33,27.17,87.17,113.0,69.5
2026,FRES,215.4,1.0,19.8,49.0,50.2,24.4,1.2,5.0,1.8,8.6,3.4,47.6,4.6,74.2,1.8,18.0,3.6,43.6,1.6,12.0,0.8,6.4,0.2,0.0,0.4,0.6,0.0,0.0,0.6,0.0,0.0,0.0,235.2,112.8,58.0,96.5,82.0,99.0,56.0,2.0,90.0,112.5,37.0,84.5,128.0,104.0,8.0,3.0,94.0,114.0,10.5,17.0,103.0,122.0,70.0,78.0,103.0,128.0,74.5,39.0,120.5,109.5,5.0,110.0,91.0,69.5,67.0,98.0,81.3,105.5,70.0,90.33,43.83,105.83,10.83,111.67,79.67,69.5
2026,FSU,244.67,1.5,9.0,83.5,71.67,0.67,1.17,15.67,1.0,10.0,4.5,47.0,4.5,65.17,3.17,44.33,1.67,31.17,2.33,26.5,0.67,4.0,0.5,0.5,0.67,0.17,0.67,0.17,0.17,0.33,0.0,0.0,253.67,180.83,24.0,54.5,109.0,19.0,15.0,106.0,98.0,25.0,109.0,68.5,80.0,108.0,10.0,7.0,9.0,6.0,79.0,36.0,56.5,44.0,83.0,94.0,51.0,71.0,35.5,119.0,4.5,75.5,70.5,34.5,91.0,69.5,40.0,12.0,55.7,45.0,48.0,102.33,7.17,30.17,61.83,45.0,89.33,69.5
2026,GASO,193.4,1.8,24.8,31.6,63.4,1.6,0.6,6.0,0.8,2.6,3.8,55.2,4.0,43.2,2.6,36.6,2.8,25.6,1.4,21.8,0.4,2.2,0.4,0.2,0.2,0.6,0.4,0.2,0.2,0.0,0.2,0.0,218.2,103.6,91.0,30.5,69.0,127.0,27.5,93.5,127.5,104.0,118.5,131.5,109.5,85.0,15.5,49.0,21.0,25.5,29.0,53.0,117.0,69.5,111.0,110.0,66.5,111.0,105.5,39.0,32.5,52.0,48.0,110.0,26.0,69.5,89.0,110.0,69.2,115.9,98.6,77.83,32.33,32.83,43.33,98.83,82.33,69.5
2026,GAST,174.0,0.8,16.2,69.8,40.4,1.4,1.2,5.4,1.4,8.6,4.4,49.4,3.0,39.4,2.2,26.4,1.8,22.0,1.6,21.8,0.6,1.0,0.6,0.6,0.0,0.4,0.0,0.0,0.0,0.4,0.0,0.0,190.2,124.2,109.5,111.0,93.0,48.0,86.0,97.0,90.0,107.5,75.0,84.5,88.0,97.0,76.5,69.5,51.0,66.0,74.5,75.0,103.0,69.5,91.0,128.0,35.5,57.0,127.5,72.0,120.5,109.5,106.5,21.5,91.0,69.5,114.0,83.0,92.6,77.1,91.2,85.67,88.83,75.5,85.33,64.67,103.33,69.5
2026,GT,192.5,1.5,17.25,82.75,85.0,4.0,0.75,4.75,2.0,14.25,3.75,62.5,2.25,20.75,2.0,35.25,1.25,25.0,1.75,20.75,0.25,1.75,0.0,1.0,0.25,0.5,0.0,0.5,0.0,0.5,0.0,0.0,209.75,186.75,92.0,54.5,89.0,22.0,9.0,63.0,123.0,117.5,26.5,42.0,113.5,68.0,118.5,129.0,71.5,32.5,102.5,56.0,94.0,76.0,121.0,117.5,129.0,16.0,93.0,53.5,120.5,7.5,106.5,8.5,91.0,69.5,99.0,10.0,92.7,57.7,36.1,78.33,122.67,37.17,88.33,59.5,109.83,69.5
2026,HAW,226.4,0.8,22.8,97.6,37.6,0.2,2.0,17.6,0.4,3.6,3.2,44.0,2.2,32.8,2.2,26.2,3.4,60.2,2.6,32.2,1.0,9.8,0.4,1.2,0.4,0.6,0.0,0.0,0.0,0.2,0.0,0.0,249.2,156.4,41.0,111.0,73.0,7.0,91.0,114.0,33.0,12.0,137.0,123.0,129.5,116.0,122.5,96.0,51.0,67.5,13.5,6.0,39.0,22.0,49.5,45.5,66.5,6.0,74.5,39.0,120.5,109.5,106.5,56.0,91.0,69.5,45.0,33.0,67.3,18.2,91.7,94.83,113.0,76.0,42.0,39.0,62.0,69.5
2026,HOU,261.6,1.4,-0.6,33.0,31.6,1.4,1.4,10.4,1.4,14.0,4.4,74.4,3.8,41.8,3.2,38.6,3.6,47.2,2.6,19.0,1.2,16.2,0.6,0.4,0.4,0.4,0.2,0.4,0.2,0.2,0.0,0.0,261.0,89.0,13.0,64.0,131.0,123.0,106.0,97.0,71.5,61.5,75.0,44.0,88.0,42.0,21.5,59.5,7.5,16.0,10.5,13.0,39.0,85.5,31.0,15.0,35.5,83.5,74.5,72.0,76.0,17.5,48.0,56.0,91.0,69.5,32.0,123.0,55.1,92.5,84.5,67.33,52.33,13.67,23.83,60.17,45.67,69.5
2026,ILL,247.6,2.0,19.2,66.0,34.0,7.6,2.2,16.2,1.2,14.2,6.0,89.2,3.2,42.6,1.8,30.6,2.0,25.8,2.4,26.2,1.2,10.2,0.4,0.8,0.4,1.0,0.2,0.0,0.2,0.0,0.0,0.0,266.8,130.4,23.0,19.0,85.0,55.0,100.0,28.0,22.5,19.5,98.0,43.0,28.5,14.0,60.0,53.0,94.0,50.5,65.0,52.0,50.0,48.5,31.0,41.5,66.5,32.0,74.5,9.0,76.0,109.5,48.0,110.0,91.0,69.5,29.0,72.0,44.5,40.2,77.5,17.17,63.0,84.67,55.0,69.5,54.5,69.5
2026,IOWA,208.67,1.5,1.83,45.33,33.0,4.5,0.5,1.0,1.33,8.33,5.83,79.0,3.83,64.0,1.83,18.0,2.33,23.33,1.5,11.17,0.83,3.83,0.0,0.0,0.17,0.5,0.67,0.0,0.17,0.17,0.0,0.0,210.5,87.67,69.0,54.5,127.0,104.0,102.0,54.0,132.0,133.5,85.0,88.0,33.0,31.0,17.0,9.0,85.5,114.0,52.0,68.0,111.0,129.0,61.5,95.0,129.0,128.0,114.5,53.5,4.5,109.5,70.5,77.0,91.0,69.5,98.0,124.0,95.5,124.3,102.7,39.17,10.17,103.0,63.5,105.67,82.5,69.5
2026,ISU,198.5,1.17,43.17,83.5,23.5,2.67,2.33,19.0,1.67,10.33,4.5,64.0,2.67,35.17,2.0,21.67,0.5,14.17,1.83,20.17,0.83,14.0,0.67,1.0,0.0,0.5,0.33,0.0,0.17,0.0,0.0,0.0,241.67,136.33,83.5,85.0,16.0,19.0,125.5,80.0,16.0,10.0,47.5,64.5,80.0,65.0,93.5,85.0,71.5,93.0,134.5,96.0,82.5,77.0,61.5,21.5,23.0,16.0,127.5,53.5,46.5,109.5,70.5,110.0,91.0,69.5,53.0,62.0,52.1,24.6,85.4,66.17,75.0,91.33,100.33,89.83,58.0,69.5
2026,IU,173.4,0.6,7.0,27.0,25.2,5.2,2.6,10.8,0.8,2.4,4.4,47.6,1.8,22.2,1.2,23.0,1.4,12.6,2.8,34.4,1.6,20.4,0.2,0.2,0.2,0.4,0.0,0.2,0.0,0.0,0.0,0.0,180.4,65.4,111.0,121.5,117.5,132.0,121.5,45.5,11.0,57.5,118.5,133.0,88.0,104.0,131.0,127.0,129.5,82.5,96.5,102.5,27.0,14.5,13.0,6.0,103.0,111.0,105.5,72.0,120.5,52.0,106.5,110.0,91.0,69.5,121.0,133.0,114.8,88.9,122.3,88.0,126.17,88.0,101.83,50.5,36.67,69.5
2026,JMU,225.4,0.8,4.6,65.4,25.8,2.2,2.0,25.4,3.0,23.4,4.4,62.6,2.4,27.6,2.6,28.4,2.4,24.0,1.8,17.2,0.6,4.4,0.0,0.2,0.4,0.6,0.0,0.0,0.0,0.2,0.0,0.0,230.0,140.0,42.0,111.0,122.0,58.0,120.0,86.5,33.0,6.0,7.0,13.5,88.0,67.0,113.0,116.0,21.0,56.0,48.5,61.5,87.5,102.0,91.0,90.0,129.0,111.0,74.5,39.0,120.5,109.5,106.5,56.0,91.0,69.5,77.0,55.0,96.2,52.6,54.0,64.67,116.5,62.17,72.17,81.83,90.67,69.5
2026,JXST,174.5,1.0,28.67,70.17,62.33,0.67,2.67,17.0,1.83,12.17,5.17,66.33,1.33,14.83,1.67,20.0,2.67,21.5,1.5,14.83,0.5,6.17,0.67,0.0,0.5,0.33,0.17,0.17,0.17,0.17,0.0,0.0,203.17,161.67,107.5,96.5,58.0,47.0,32.0,106.0,9.5,14.5,31.5,51.0,55.5,62.0,137.0,134.0,107.0,104.0,34.5,77.0,111.0,112.0,101.0,83.0,23.0,128.0,59.5,85.5,99.0,75.5,70.5,77.0,91.0,69.5,106.0,25.0,78.2,44.8,39.8,67.67,123.33,95.5,60.67,100.0,91.67,69.5
2026,KENN,219.4,0.6,37.6,51.0,55.2,4.2,1.6,13.0,2.4,18.0,3.6,37.4,3.2,27.8,3.6,59.0,2.8,33.0,1.8,26.2,0.8,5.0,0.8,0.6,0.6,0.0,0.4,0.2,0.0,0.0,0.0,0.0,257.0,137.2,50.0,121.5,29.0,93.0,43.0,59.0,53.5,39.0,15.0,26.0,119.5,130.0,60.0,114.0,4.0,2.0,29.0,32.0,87.5,48.5,70.0,87.0,11.0,57.0,47.0,129.5,32.5,52.0,106.5,110.0,91.0,69.5,34.0,59.0,49.1,60.3,38.0,126.33,68.83,19.33,55.83,82.0,82.67,69.5
2026,KENT,220.0,1.6,11.6,58.6,71.4,0.0,0.6,4.8,1.2,11.2,4.4,60.6,2.4,30.4,1.8,35.2,4.4,63.0,2.0,11.2,0.4,3.6,0.2,0.6,1.4,0.2,0.4,0.2,0.4,0.4,0.0,0.0,231.6,146.0,49.0,45.0,108.0,76.0,16.0,121.5,127.5,116.0,98.0,58.0,88.0,72.0,113.0,104.5,94.0,34.5,5.5,4.0,74.0,127.5,111.0,99.0,103.0,57.0,6.5,107.5,32.5,52.0,16.0,21.5,91.0,69.5,74.0,46.5,75.8,84.6,45.0,89.17,83.33,60.17,8.5,74.33,100.33,69.5
2026,KSU,106.25,0.5,16.0,60.5,63.25,0.0,0.5,-1.25,1.5,12.0,2.25,33.5,1.75,17.0,1.0,22.5,0.75,14.5,1.25,6.5,0.25,1.5,0.25,0.0,1.0,0.0,0.0,0.0,0.25,0.0,0.0,0.0,122.25,134.5,138.0,126.0,94.0,71.0,29.0,121.5,132.0,138.0,63.5,53.5,137.0,134.0,134.0,133.0,135.0,87.0,126.5,95.0,124.5,135.0,121.0,123.0,85.5,128.0,17.5,129.5,120.5,109.5,26.0,110.0,91.0,69.5,138.0,68.5,116.3,107.5,46.4,133.5,129.17,110.5,82.5,123.17,111.67,69.5
2026,KU,144.75,1.0,14.0,63.5,22.5,0.0,0.5,0.75,1.75,4.5,3.5,52.75,3.5,58.25,1.5,14.75,0.5,6.0,1.0,7.75,0.0,0.0,0.25,0.25,0.25,0.25,0.5,0.0,0.0,0.25,0.0,0.0,158.75,91.25,131.0,96.5,102.5,62.0,129.0,121.5,132.0,136.0,44.0,119.0,125.5,93.0,33.5,17.0,114.0,126.0,134.5,130.0,133.5,132.0,135.5,135.5,85.5,101.5,93.0,92.0,18.5,109.5,106.5,38.0,91.0,69.5,134.0,121.0,109.9,110.5,101.2,103.5,23.0,116.5,123.67,101.17,120.67,69.5
2026,LIB,167.5,0.83,29.0,38.5,54.17,0.5,1.0,9.33,1.83,9.17,3.17,32.83,3.17,34.83,2.17,27.33,2.5,37.33,1.17,13.83,0.33,2.83,0.0,0.5,0.17,0.0,0.33,0.0,0.5,0.0,0.0,0.0,196.5,111.17,115.0,106.0,56.5,115.0,48.0,108.5,107.0,71.0,31.5,77.0,131.0,135.0,67.5,86.0,57.5,63.0,42.5,26.0,132.0,114.5,118.5,106.0,129.0,71.0,114.5,129.5,46.5,109.5,9.5,110.0,91.0,69.5,110.0,100.0,103.3,92.8,74.2,131.83,66.67,76.67,26.0,118.83,105.17,69.5
2026,LOU,257.17,1.67,33.17,83.17,39.0,0.17,2.67,31.83,0.83,5.83,5.67,94.5,3.67,39.33,1.5,21.83,1.33,9.67,3.0,37.0,1.67,17.17,0.5,0.83,0.33,1.17,0.0,0.17,0.0,0.17,0.0,0.0,290.33,159.83,19.0,39.0,40.0,21.0,88.0,116.0,9.5,2.0,115.0,106.5,39.0,6.0,26.5,71.0,114.0,92.0,101.0,113.0,17.0,13.0,10.0,11.0,51.0,23.5,86.5,6.0,120.5,75.5,106.5,77.0,91.0,69.5,11.0,28.0,32.0,16.8,84.8,17.0,72.67,93.83,106.83,35.67,37.33,69.5
2026,LSU,162.2,0.8,-9.6,32.4,23.4,12.2,0.8,2.0,0.6,3.2,4.4,53.8,2.6,31.8,2.4,30.6,1.6,13.0,2.0,22.8,1.2,5.0,0.2,0.2,0.2,0.8,0.0,0.2,0.0,0.0,0.0,0.0,152.6,61.0,119.5,111.0,138.0,125.0,127.0,9.0,118.0,130.0,129.0,125.0,88.0,89.5,99.0,101.0,35.5,50.5,84.0,99.5,74.0,61.0,31.0,87.0,103.0,111.0,105.5,20.5,120.5,52.0,106.5,110.0,91.0,69.5,137.0,136.0,121.7,124.0,124.5,66.0,106.83,46.0,96.67,81.67,69.67,69.5
2026,LT,207.0,1.25,39.5,45.0,34.5,46.25,1.25,8.25,2.0,7.0,4.5,48.5,3.0,52.0,1.5,31.75,1.5,27.5,2.0,29.75,0.5,2.25,1.5,0.25,0.0,0.0,0.75,0.5,0.0,0.5,0.0,0.0,246.5,94.75,71.5,72.0,25.0,106.0,99.0,1.0,81.5,84.0,26.5,98.5,80.0,101.0,76.5,24.0,114.0,45.0,90.0,44.0,74.0,32.5,101.0,109.0,2.0,101.5,127.5,129.5,2.5,7.5,106.5,8.5,91.0,69.5,48.0,117.0,43.7,98.0,93.7,103.5,34.33,55.5,80.17,38.33,100.33,69.5
2026,M-OH,290.0,2.6,32.8,24.8,55.2,0.8,1.8,20.2,3.2,35.4,5.6,75.0,4.6,59.6,2.6,28.0,2.2,27.4,2.8,30.8,1.2,13.6,0.4,0.2,1.6,0.6,0.4,0.2,0.2,0.2,0.2,0.0,322.8,135.6,2.0,2.0,43.0,133.0,43.0,103.5,42.5,9.0,3.5,3.0,41.5,39.0,8.0,13.0,21.0,59.5,56.5,45.0,27.0,25.0,31.0,24.5,66.5,111.0,3.0,39.0,32.5,52.0,48.0,56.0,26.0,69.5,2.0,65.0,23.1,72.1,23.5,39.83,17.83,44.17,49.83,36.0,27.17,69.5
2026,MASS,210.6,1.4,2.4,37.2,53.4,5.8,1.0,3.6,3.2,25.8,4.8,71.2,2.8,34.4,2.6,22.6,2.2,28.4,3.0,21.2,0.4,3.4,0.0,0.2,0.6,0.6,0.0,0.2,0.2,0.4,0.0,0.0,213.0,120.0,67.0,64.0,126.0,120.0,51.0,40.5,107.0,126.0,3.5,9.0,69.5,50.0,89.0,88.0,21.0,85.5,56.5,41.0,17.0,72.0,111.0,100.5,129.0,111.0,47.0,39.0,120.5,52.0,48.0,21.5,91.0,69.5,94.0,87.0,96.0,110.2,39.5,52.83,99.17,52.83,48.5,36.83,100.83,69.5
2026,MD,198.4,1.8,28.6,51.4,56.2,0.4,2.2,16.0,2.0,22.0,4.6,57.6,2.0,25.2,1.4,28.2,0.6,2.8,3.8,33.6,1.8,13.0,0.2,0.6,1.2,0.6,0.2,0.2,0.0,0.4,0.2,0.0,227.0,145.6,85.0,30.5,59.0,91.5,41.0,110.5,22.5,21.5,26.5,16.5,74.5,79.0,127.5,123.0,120.5,57.5,130.0,135.0,3.0,16.0,6.0,26.0,103.0,57.0,10.5,39.0,76.0,52.0,106.5,21.5,26.0,69.5,79.0,48.0,71.3,48.1,28.5,64.17,108.83,76.67,123.83,13.5,19.33,69.5
2026,MEM,218.2,1.2,20.2,71.8,76.0,8.2,3.0,37.8,1.0,3.2,3.6,57.2,3.2,58.6,2.2,20.2,1.6,20.6,1.6,12.6,1.2,8.0,0.4,0.6,0.6,0.4,0.4,0.2,0.2,0.0,0.0,0.0,238.4,188.8,53.5,78.5,79.5,42.0,12.0,20.5,4.5,1.0,109.0,125.0,119.5,80.0,60.0,15.0,51.0,103.0,84.0,79.0,103.0,119.5,31.0,63.0,66.5,57.0,47.0,72.0,32.5,52.0,48.0,110.0,91.0,69.5,60.5,8.0,67.7,22.5,60.2,90.5,35.83,68.67,70.33,110.83,61.67,69.5
2026,MIA,207.0,0.6,-3.0,19.8,26.6,-0.8,1.4,10.6,1.6,7.6,6.2,70.4,3.4,41.8,3.2,25.0,3.0,24.0,2.4,18.6,1.0,8.2,0.0,0.2,0.0,0.2,0.2,0.0,0.0,0.2,0.0,0.0,204.0,64.6,71.5,121.5,133.5,137.0,119.0,134.0,71.5,59.0,54.5,95.0,21.5,52.0,42.5,59.5,7.5,74.0,22.0,61.5,50.0,87.5,49.5,59.5,129.0,111.0,127.5,107.5,76.0,109.5,106.5,56.0,91.0,69.5,105.0,134.0,112.1,102.5,106.0,60.33,59.33,63.67,63.33,64.5,66.67,69.5
2026,MICH,146.8,1.2,15.0,41.4,24.8,13.4,2.0,8.8,1.4,8.4,3.6,34.2,3.4,42.8,1.2,8.8,0.6,3.6,2.8,29.6,1.0,10.6,0.0,0.4,0.2,0.0,0.6,0.2,0.0,0.0,0.0,0.0,161.8,83.4,130.0,78.5,97.5,112.0,123.0,7.0,33.0,77.0,75.0,86.5,119.5,133.0,42.5,50.5,129.5,137.0,130.0,133.0,27.0,34.0,49.5,37.5,129.0,83.5,105.5,129.5,10.5,52.0,106.5,110.0,91.0,69.5,132.0,128.0,113.4,86.7,103.6,127.33,34.5,106.17,123.17,57.0,59.33,69.5
2026,MINN,159.8,1.2,30.0,43.4,20.2,0.4,1.4,9.0,1.4,12.0,4.6,50.8,3.0,43.6,1.8,17.4,0.8,7.8,1.4,12.6,0.4,6.6,0.2,0.6,0.4,0.4,0.2,0.2,0.0,0.2,0.0,0.0,189.8,84.6,123.0,78.5,49.0,110.0,131.0,110.5,71.5,74.5,75.0,53.5,74.5,96.0,76.5,48.0,94.0,118.5,122.5,119.0,117.0,119.5,111.0,75.5,103.0,57.0,74.5,72.0,76.0,52.0,106.5,56.0,91.0,69.5,115.0,126.0,93.7,87.8,92.0,80.83,66.83,88.17,116.0,97.5,92.5,69.5
2026,MISS,210.0,1.0,37.75,89.5,57.0,10.5,1.75,14.0,0.75,3.0,3.5,44.75,2.75,26.75,2.75,43.5,2.5,26.25,2.75,44.0,0.75,7.75,0.75,1.0,0.25,0.75,0.25,0.25,0.0,0.0,0.25,0.0,247.75,163.5,68.0,96.5,28.0,11.0,39.0,13.0,45.5,33.5,123.0,128.5,125.5,113.0,92.0,118.0,12.5,7.0,42.5,50.0,32.0,3.0,79.0,66.5,18.5,16.0,93.0,28.5,53.0,29.5,106.5,110.0,12.0,69.5,47.0,22.5,51.6,25.7,81.2,89.0,87.67,16.33,66.33,48.33,52.5,69.5
2026,MIZ,231.2,2.0,7.0,53.0,29.4,-0.6,2.2,16.4,2.4,14.4,4.2,68.2,2.2,38.2,2.6,37.8,3.0,27.6,1.8,20.0,0.6,7.4,0.0,0.6,0.0,0.8,0.6,0.2,0.2,0.0,0.0,0.0,238.2,113.2,36.0,19.0,117.5,88.0,113.0,132.5,22.5,17.5,15.0,39.5,98.0,57.0,122.5,76.0,21.0,20.5,22.0,43.0,87.5,79.0,91.0,69.0,129.0,57.0,127.5,20.5,10.5,52.0,48.0,110.0,91.0,69.5,62.5,96.5,72.8,56.3,78.3,58.5,69.67,31.17,37.67,92.17,83.67,69.5
2026,MOST,253.2,2.0,59.4,75.0,55.2,6.8,1.4,16.2,1.6,25.0,6.4,84.4,4.2,51.4,1.6,14.0,2.4,24.6,2.0,29.2,1.0,10.6,0.6,0.8,0.6,0.8,0.2,0.4,0.2,0.4,0.0,0.0,312.6,171.4,21.0,19.0,5.0,37.0,43.0,31.5,71.5,19.5,54.5,10.5,14.5,24.0,12.5,26.0,109.0,130.5,48.5,57.0,74.0,36.0,49.5,37.5,35.5,32.0,47.0,20.5,76.0,17.5,48.0,21.5,91.0,69.5,4.0,17.0,16.9,35.4,34.4,19.67,38.17,85.67,51.17,43.83,59.33,69.5
2026,MRSH,289.6,3.0,29.0,90.2,60.8,5.6,1.4,7.4,1.2,10.0,6.8,131.4,4.2,46.4,2.6,33.0,3.0,37.6,1.6,20.0,0.8,3.8,0.0,0.6,0.6,1.2,0.8,0.2,0.4,0.2,0.2,0.0,318.6,168.4,4.0,1.0,56.5,10.0,35.0,42.5,71.5,93.0,98.0,68.5,10.5,1.0,12.5,37.0,21.0,42.0,22.0,25.0,103.0,79.0,70.0,96.5,129.0,57.0,47.0,3.5,1.0,52.0,16.0,56.0,26.0,69.5,3.0,19.0,38.7,50.1,53.5,5.0,16.83,38.33,21.0,79.33,64.17,69.5
2026,MSST,260.0,1.8,24.0,49.4,41.6,3.0,2.0,25.6,2.4,25.0,6.2,75.8,3.4,44.2,3.0,36.6,1.6,13.0,2.4,22.0,1.6,17.8,0.4,0.4,0.6,0.4,0.4,0.4,0.0,0.2,0.0,0.0,284.0,141.6,15.5,30.5,71.0,98.0,82.5,75.5,33.0,5.0,15.0,10.5,21.5,36.0,42.5,45.5,10.0,25.5,84.0,99.5,50.0,67.5,13.0,10.0,66.5,83.5,47.0,72.0,32.5,17.5,106.5,56.0,91.0,69.5,17.0,52.0,40.1,54.3,41.4,43.17,40.17,17.67,96.67,57.83,38.0,69.5
2026,MSU,181.0,1.4,40.4,71.8,30.2,2.4,1.2,5.4,1.4,12.2,4.4,86.8,3.0,38.8,1.8,17.6,0.6,6.8,1.4,12.8,0.2,0.6,0.6,0.6,0.6,0.6,0.2,0.0,0.0,0.4,0.0,0.0,221.4,119.6,102.0,64.0,21.0,42.0,111.0,82.5,90.0,107.5,75.0,49.5,88.0,17.0,76.5,74.5,94.0,116.5,130.0,126.0,117.0,117.5,127.5,130.5,35.5,57.0,47.0,39.0,76.0,109.5,106.5,21.5,91.0,69.5,86.0,88.0,61.7,76.9,74.1,48.0,75.67,106.67,120.83,85.33,116.33,69.5
2026,MTSU,195.6,0.6,81.0,61.0,68.6,11.0,1.0,10.4,1.8,17.0,4.8,45.4,3.0,48.8,2.2,37.8,1.4,16.6,0.8,4.4,0.6,15.2,0.8,0.8,1.0,0.0,0.4,0.2,0.2,0.0,0.0,0.0,276.6,157.0,87.0,121.5,1.0,70.0,21.0,12.0,107.0,61.5,37.0,30.5,69.5,112.0,76.5,34.0,51.0,20.5,96.5,91.0,136.0,137.0,91.0,17.5,11.0,32.0,17.5,129.5,32.5,52.0,48.0,110.0,91.0,69.5,22.0,32.0,48.5,60.5,27.6,103.67,47.67,41.17,78.5,127.67,66.5,69.5
2026,NAVY,212.25,2.0,14.0,37.0,32.5,0.25,0.25,0.25,1.0,1.0,4.0,60.0,3.5,83.75,2.75,36.0,1.0,6.75,1.75,18.5,0.75,6.0,0.5,0.0,0.5,0.5,0.75,0.5,0.0,0.25,0.0,0.0,226.25,70.75,63.0,19.0,102.5,121.0,103.0,112.0,137.0,137.0,109.0,135.5,103.5,73.5,33.5,2.0,12.5,28.5,115.0,127.5,94.0,89.5,79.0,84.5,51.0,128.0,59.5,53.5,2.5,7.5,106.5,38.0,91.0,69.5,81.0,132.0,63.3,131.0,107.8,76.83,12.67,16.17,116.33,73.83,84.83,69.5
2026,NCSU,215.8,1.8,40.2,66.4,39.4,-2.6,1.0,8.6,1.2,20.8,5.6,69.2,3.2,50.4,1.8,29.8,1.2,9.6,2.2,21.0,0.6,6.4,0.2,0.6,1.0,0.6,0.2,0.4,0.0,0.0,0.2,0.0,256.0,135.2,56.0,30.5,22.0,53.0,87.0,138.0,107.0,80.5,98.0,21.0,41.5,55.0,60.0,31.0,94.0,54.0,106.5,114.0,64.0,73.5,91.0,78.0,103.0,57.0,17.5,39.0,76.0,17.5,106.5,110.0,26.0,69.5,37.0,66.0,49.7,72.7,57.9,45.17,55.67,55.17,109.0,82.5,65.0,69.5
2026,ND,158.0,1.0,3.4,37.6,17.6,-0.2,0.4,1.2,0.6,5.6,4.0,55.8,2.2,24.8,1.8,18.6,2.8,20.2,2.6,22.4,1.2,9.4,0.2,0.0,0.0,0.2,0.0,0.0,0.2,0.4,0.2,0.0,161.4,62.0,125.0,96.5,124.0,118.5,134.5,127.0,135.5,131.0,129.0,110.0,103.5,83.0,122.5,124.0,94.0,110.5,29.0,82.0,39.0,64.5,31.0,48.0,103.0,128.0,127.5,107.5,120.5,109.5,48.0,21.5,26.0,69.5,133.0,135.0,116.3,129.6,127.2,98.0,122.33,104.67,53.0,41.67,35.0,69.5
2026,NDSU,128.2,0.4,39.4,29.6,31.2,1.8,0.8,3.4,1.2,10.0,3.0,39.2,1.8,21.6,1.8,16.6,1.0,7.0,2.0,26.0,1.0,10.2,0.6,0.0,0.0,0.2,0.4,0.0,0.0,0.0,0.0,0.0,167.6,74.2,134.0,131.5,26.0,128.5,107.0,90.5,118.0,127.5,98.0,68.5,132.0,124.0,131.0,128.0,94.0,121.0,115.0,123.5,74.0,50.5,49.5,41.5,35.5,128.0,127.5,107.5,32.5,109.5,106.5,110.0,91.0,69.5,129.0,131.0,91.2,126.6,106.4,121.17,97.17,108.17,115.0,78.17,60.67,69.5
2026,NEB,165.2,0.8,17.8,27.6,55.0,0.2,0.2,4.6,1.6,9.0,4.6,73.4,1.6,14.0,2.2,22.4,1.0,6.6,2.4,20.8,1.4,14.4,0.2,0.0,0.6,0.4,0.2,0.0,0.0,0.0,0.0,0.0,183.0,96.2,116.0,111.0,86.0,131.0,45.5,114.0,138.0,119.5,54.5,79.0,74.5,46.0,136.0,135.0,51.0,88.0,115.0,129.0,50.0,75.0,20.0,20.0,103.0,128.0,47.0,72.0,76.0,109.5,106.5,110.0,91.0,69.5,118.0,116.0,106.8,126.5,68.4,64.17,115.67,82.83,116.83,78.33,43.67,69.5
2026,NEV,161.75,1.0,69.0,80.25,52.75,6.75,1.5,9.25,1.0,6.5,4.5,39.25,2.5,27.0,1.75,28.75,1.5,19.5,1.75,30.75,0.5,0.75,0.5,1.0,0.25,0.25,0.25,0.25,0.25,0.0,0.0,0.0,230.75,148.75,122.0,96.5,3.0,27.0,54.0,33.0,61.0,72.0,109.0,101.5,80.0,123.0,106.0,117.0,104.0,55.0,90.0,85.0,94.0,26.0,101.0,129.0,51.0,16.0,93.0,92.0,53.0,29.5,26.0,110.0,91.0,69.5,76.0,43.0,69.7,43.8,80.1,98.33,92.0,62.83,67.0,76.67,107.0,69.5
2026,NIU,219.0,2.5,24.75,92.5,32.25,5.0,0.75,4.75,1.5,7.5,6.5,87.5,3.5,33.5,2.0,21.25,3.0,43.5,3.0,16.75,2.0,16.75,0.5,0.75,0.25,1.25,0.25,0.0,0.25,0.5,0.25,0.0,243.75,137.0,51.0,3.0,70.0,8.0,104.0,48.5,123.0,117.5,63.5,96.5,12.0,16.0,33.5,92.0,71.5,97.5,22.0,18.0,17.0,103.0,3.5,13.0,51.0,42.5,93.0,1.0,53.0,109.5,26.0,8.5,12.0,69.5,51.0,60.0,45.2,70.2,83.4,9.67,59.5,92.83,22.0,42.83,9.5,69.5
2026,NMSU,220.5,0.33,12.0,65.17,44.83,3.0,1.5,7.17,2.33,17.33,5.33,74.5,3.5,40.83,2.33,36.17,1.83,22.67,2.33,19.67,0.67,3.33,0.67,1.0,0.67,0.0,0.0,0.0,0.0,0.17,0.17,0.0,232.5,134.5,48.0,136.0,105.5,59.0,69.0,75.5,61.0,96.5,19.0,28.0,51.5,41.0,33.5,62.0,44.5,27.0,70.5,72.0,56.5,81.0,83.0,102.0,23.0,16.0,35.5,129.5,120.5,109.5,106.5,77.0,40.5,69.5,73.0,68.5,77.1,60.2,44.0,74.0,72.0,60.33,83.0,71.5,75.17,69.5
2026,NU,224.25,0.75,14.25,77.25,67.0,3.0,1.0,5.25,1.5,6.25,7.0,84.75,5.25,66.0,2.0,25.5,1.0,6.75,2.25,17.5,1.75,12.25,0.25,0.5,0.25,0.25,0.5,0.0,0.0,0.0,0.0,0.0,238.5,155.75,43.5,117.0,101.0,32.0,23.0,75.5,107.0,109.0,63.5,103.0,8.0,22.0,4.0,6.0,71.5,71.0,115.0,127.5,59.5,100.5,8.5,29.0,85.5,71.0,93.0,92.0,18.5,109.5,106.5,110.0,91.0,69.5,59.0,35.0,81.2,70.8,63.5,40.67,9.5,84.0,116.33,90.0,42.83,69.5
2026,ODU,205.4,2.4,11.8,60.0,71.2,4.8,2.0,13.4,1.8,5.6,4.4,42.6,2.4,30.4,2.0,41.8,2.0,31.8,3.0,33.4,1.6,11.0,0.4,0.0,0.6,0.6,0.2,0.4,0.6,0.6,0.0,0.0,217.2,150.2,73.0,7.5,107.0,72.0,17.5,51.0,33.0,37.5,37.0,110.0,88.0,117.0,113.0,104.5,71.5,10.0,65.0,33.0,17.0,17.0,13.0,34.0,66.5,128.0,47.0,39.0,76.0,17.5,5.0,4.5,91.0,69.5,90.0,39.0,68.8,61.9,50.1,81.33,97.83,33.0,34.33,12.83,46.0,69.5
2026,OHIO,214.8,1.2,29.8,50.0,63.0,1.8,1.6,17.0,2.0,28.6,3.6,38.0,3.8,46.2,1.4,30.8,1.2,9.0,2.4,44.6,0.4,2.0,0.4,0.8,1.4,0.0,0.2,0.0,0.0,0.6,0.0,0.0,244.6,158.6,59.0,78.5,52.0,96.0,30.0,90.5,53.5,14.5,26.5,6.0,119.5,126.5,21.5,38.0,120.5,49.0,106.5,116.0,50.0,2.0,111.0,112.0,66.5,32.0,6.5,129.5,76.0,109.5,106.5,4.5,91.0,69.5,50.0,30.0,61.2,45.2,19.8,125.17,45.17,93.0,109.67,18.83,104.67,69.5
2026,OKST,158.5,0.75,32.75,88.0,37.5,0.5,1.25,7.0,0.75,3.75,3.75,54.5,3.0,42.75,1.75,23.25,2.5,22.5,0.5,3.0,0.25,1.75,0.75,0.5,0.25,0.25,0.5,0.0,0.0,0.0,0.0,0.0,191.25,136.25,124.0,117.0,44.0,13.0,92.0,108.5,81.5,99.0,123.0,122.0,113.5,87.0,76.5,52.0,104.0,80.0,42.5,73.5,138.0,138.0,121.0,117.5,18.5,71.0,93.0,92.0,18.5,109.5,106.5,110.0,91.0,69.5,111.0,63.0,82.9,65.5,98.6,97.5,49.0,97.83,74.17,128.67,109.83,69.5
2026,ORE,231.25,1.75,25.0,61.5,27.75,-1.25,1.5,4.5,0.75,12.25,4.5,90.25,2.5,29.0,2.0,26.5,2.5,39.0,3.25,24.0,0.5,3.0,0.5,0.25,0.25,0.5,0.25,0.25,0.0,0.5,0.0,0.0,256.25,106.0,35.0,38.0,68.0,69.0,117.0,136.0,61.0,121.5,123.0,48.0,80.0,11.0,106.0,113.0,71.5,65.0,42.5,23.0,9.0,60.0,101.0,105.0,51.0,101.5,93.0,53.5,53.0,29.5,106.5,8.5,91.0,69.5,36.0,106.5,45.6,91.9,97.5,48.17,90.67,55.33,57.33,25.83,99.0,69.5
2026,ORST,211.4,1.4,4.4,89.2,55.0,3.2,2.0,9.0,1.0,5.2,7.4,94.0,3.6,39.4,2.2,22.2,1.4,5.4,2.6,30.0,1.0,6.2,0.6,0.6,0.6,0.4,0.4,0.0,0.0,0.2,0.4,0.0,215.8,158.4,66.0,64.0,123.0,12.0,45.5,72.5,33.0,74.5,109.0,113.0,4.0,7.0,28.5,69.5,51.0,90.0,96.5,131.0,39.0,30.0,49.5,81.5,35.5,57.0,47.0,72.0,32.5,109.5,106.5,56.0,4.0,69.5,91.0,31.0,75.9,41.5,69.1,27.67,43.5,83.5,111.33,41.67,45.0,69.5
2026,OSU,162.2,0.4,7.8,32.6,59.0,-0.4,1.6,11.0,2.4,8.0,3.6,37.8,2.8,45.4,2.2,23.6,1.4,12.6,3.2,26.4,0.6,3.2,0.0,0.4,0.4,0.2,0.0,0.0,0.2,0.0,0.0,0.0,170.0,110.6,119.5,131.5,112.0,124.0,36.0,130.5,53.5,55.0,15.0,91.5,119.5,128.5,89.0,41.0,51.0,79.0,96.5,102.5,11.0,46.0,91.0,103.5,129.0,83.5,74.5,107.5,120.5,109.5,48.0,110.0,91.0,69.5,128.0,101.0,124.0,83.4,63.6,118.5,83.5,79.83,82.33,55.67,95.17,69.5
2026,OU,120.5,0.25,42.5,22.25,42.5,6.25,1.0,11.5,1.25,17.0,2.5,47.75,1.75,7.5,0.75,5.0,0.5,2.75,2.0,28.5,0.75,2.5,0.25,0.75,0.25,0.25,0.0,0.0,0.0,0.0,0.0,0.0,163.0,93.25,135.0,137.5,18.0,136.0,80.0,36.0,107.0,46.5,89.5,30.5,136.0,102.0,134.0,138.0,138.0,138.0,134.5,136.0,74.0,37.0,79.0,107.0,85.5,42.5,93.0,92.0,120.5,109.5,106.5,110.0,91.0,69.5,131.0,119.0,101.4,90.2,82.4,110.0,130.83,128.5,125.67,73.67,92.33,69.5
2026,PITT,238.4,1.0,-4.2,24.2,31.0,6.0,2.8,15.8,1.8,10.0,4.4,62.0,3.4,52.6,1.8,20.8,2.8,42.2,2.8,30.0,0.8,5.0,0.2,0.0,0.4,0.4,0.2,0.2,0.2,0.0,0.0,0.0,234.2,81.0,28.0,96.5,135.0,135.0,108.5,37.5,6.5,23.5,37.0,68.5,88.0,69.5,42.5,23.0,94.0,99.5,29.0,19.0,27.0,30.0,70.0,87.0,103.0,128.0,74.5,72.0,76.0,52.0,48.0,110.0,91.0,69.5,69.5,129.0,86.4,84.4,83.5,76.5,47.17,81.83,32.0,55.67,82.67,69.5
2026,PSU,119.6,0.4,34.8,62.8,72.2,3.4,1.6,8.0,1.0,8.8,2.2,20.8,2.2,18.6,1.0,9.2,0.4,3.0,4.6,43.2,0.8,6.8,0.6,0.2,0.6,0.0,0.0,0.2,0.0,0.2,0.0,0.0,154.4,151.8,136.0,131.5,35.0,65.0,14.0,70.5,53.5,89.0,109.0,82.0,138.0,138.0,122.5,132.0,135.0,135.5,137.0,134.0,1.0,5.0,70.0,73.0,35.5,111.0,47.0,129.5,120.5,52.0,106.5,56.0,91.0,69.5,135.0,37.0,94.6,71.1,57.8,135.17,125.0,107.5,125.83,20.67,78.0,69.5
2026,PUR,242.2,2.2,45.0,62.6,64.2,11.8,1.0,8.2,1.4,4.6,5.8,83.0,2.6,56.0,2.0,37.0,2.2,26.6,1.6,25.0,0.2,1.8,0.6,0.8,0.8,0.8,0.2,0.0,0.8,0.2,0.0,0.0,287.2,139.6,27.0,13.5,15.0,66.5,26.0,10.0,107.0,86.0,75.0,118.0,36.0,25.0,99.0,20.0,71.5,24.0,56.5,47.0,103.0,56.0,127.5,115.5,35.5,32.0,26.0,20.5,76.0,109.5,1.5,56.0,91.0,69.5,13.0,56.5,20.8,69.6,60.3,27.17,65.0,68.33,35.0,71.67,111.33,69.5
2026,RICE,186.4,1.6,21.4,86.4,66.6,5.2,0.8,4.4,1.4,4.8,3.8,46.8,3.8,35.2,2.0,18.2,4.0,61.0,1.4,14.0,0.4,2.0,0.2,0.6,0.8,0.8,0.2,0.2,0.2,0.2,0.0,0.0,207.8,162.2,99.0,45.0,78.0,16.0,24.0,45.5,118.0,123.0,75.0,116.5,109.5,109.0,21.5,84.0,71.5,112.0,8.0,5.0,117.0,113.0,111.0,112.0,103.0,57.0,26.0,20.5,76.0,52.0,48.0,56.0,91.0,69.5,101.0,24.0,85.2,67.6,53.1,79.67,60.5,78.5,20.33,95.33,104.67,69.5
2026,RUTG,208.2,2.0,30.2,71.8,90.4,6.4,1.4,9.4,1.2,7.8,5.0,58.6,3.8,68.4,1.8,35.6,1.4,13.6,2.0,11.6,0.6,3.2,0.2,1.0,1.0,0.4,0.6,0.2,0.2,0.0,0.0,0.0,238.4,179.4,70.0,19.0,48.0,42.0,7.0,34.5,71.5,70.0,98.0,93.5,60.5,78.0,21.5,4.0,94.0,30.0,96.5,98.0,74.0,124.5,91.0,103.5,103.0,16.0,17.5,72.0,10.5,52.0,48.0,110.0,91.0,69.5,60.5,13.0,60.1,42.5,45.8,70.17,12.0,58.67,80.83,102.83,95.17,69.5
2026,SAC,192.2,1.2,26.6,58.4,56.8,8.0,1.2,8.8,2.4,12.0,4.8,75.4,3.2,40.0,1.2,24.0,0.8,9.0,2.8,18.2,0.8,4.8,0.8,0.8,0.6,0.2,0.2,0.4,0.2,0.2,0.0,0.0,218.8,136.0,93.0,78.5,63.5,77.0,40.0,23.0,90.0,77.0,15.0,53.5,69.5,37.0,60.0,67.0,129.5,77.5,122.5,116.0,27.0,93.0,70.0,89.0,11.0,32.0,47.0,107.5,76.0,17.5,48.0,56.0,91.0,69.5,87.0,64.0,66.6,68.0,43.9,71.33,67.67,74.83,95.5,58.67,83.33,69.5
2026,SC,229.8,2.4,25.6,41.0,32.0,0.8,1.4,13.6,1.8,9.8,7.2,77.4,2.6,46.0,1.8,26.0,1.4,16.8,2.8,26.4,1.0,15.2,0.2,0.4,0.0,1.0,0.6,0.2,0.2,0.2,0.4,0.0,255.4,96.4,38.0,7.5,66.0,113.0,105.0,103.5,71.5,35.5,37.0,71.5,6.0,33.0,99.0,39.0,94.0,69.5,96.5,89.5,27.0,46.0,49.5,17.5,103.0,83.5,127.5,9.0,10.5,52.0,48.0,56.0,4.0,69.5,38.0,115.0,50.5,83.7,91.2,16.0,49.5,71.83,78.0,43.0,23.67,69.5
2026,SDSU,266.6,1.8,33.6,79.4,63.4,0.2,1.4,8.2,1.4,16.0,5.8,73.2,6.0,92.2,1.4,15.6,1.6,23.2,2.0,30.6,0.8,2.4,0.4,0.8,0.4,0.4,0.6,0.0,0.0,0.6,0.0,0.0,300.2,167.0,9.5,30.5,38.0,29.0,27.5,114.0,71.5,86.0,75.0,34.5,36.0,47.0,1.0,1.0,120.5,124.0,84.0,69.5,74.0,28.0,70.0,108.0,66.5,32.0,74.5,72.0,10.5,109.5,106.5,4.5,91.0,69.5,7.0,20.0,30.3,47.7,46.3,51.67,4.17,118.0,86.67,35.5,89.67,69.5
2026,SHSU,139.0,1.2,35.4,53.2,120.0,3.0,2.0,12.6,0.6,6.0,2.8,41.6,2.4,25.4,1.8,17.6,1.2,16.4,1.4,18.0,0.2,1.2,0.6,0.2,1.2,0.2,0.2,0.2,0.4,0.2,0.0,0.0,174.4,191.8,133.0,78.5,33.0,86.5,4.0,75.5,33.0,40.5,129.0,105.0,134.0,118.0,113.0,121.0,94.0,116.5,106.5,92.0,117.0,94.5,127.5,127.0,35.5,111.0,10.5,107.5,76.0,52.0,16.0,56.0,91.0,69.5,127.0,7.0,81.4,55.6,51.1,119.83,103.33,87.5,71.5,89.17,115.17,69.5
2026,SJSU,234.17,1.17,29.83,57.67,53.17,2.33,1.67,7.17,3.33,26.0,5.33,67.17,3.33,45.83,2.0,35.33,2.0,25.5,3.33,18.0,1.0,9.0,0.17,0.5,0.67,0.5,0.17,0.17,0.17,0.17,0.0,0.0,264.0,144.0,32.0,85.0,50.5,79.0,52.0,84.0,47.5,96.5,1.0,8.0,51.5,61.0,50.0,40.0,71.5,31.0,65.0,54.0,8.0,94.5,49.5,50.5,118.0,71.0,35.5,53.5,99.0,75.5,70.5,77.0,91.0,69.5,30.0,51.0,63.1,69.0,29.5,55.33,63.0,59.33,63.17,59.83,63.67,69.5
2026,SMU,170.4,1.6,29.6,50.2,58.2,3.6,1.2,11.0,1.4,12.4,4.2,44.6,3.0,33.8,2.2,17.2,2.4,27.2,2.2,17.6,0.8,6.6,0.4,0.6,0.8,0.2,0.2,0.0,0.0,0.4,0.2,0.0,200.0,131.8,114.0,45.0,53.0,94.0,37.0,67.5,90.0,55.0,75.0,47.0,98.0,114.0,76.5,91.0,51.0,120.0,48.5,46.0,64.0,98.5,70.0,75.5,66.5,57.0,26.0,107.5,76.0,109.5,106.5,21.5,26.0,69.5,108.0,70.0,77.3,73.2,51.0,106.5,81.17,93.5,67.0,61.33,57.17,69.5
2026,STAN,299.8,2.4,32.2,76.6,47.0,3.2,2.0,5.2,1.8,16.0,6.8,98.2,3.4,51.0,2.4,38.4,4.2,44.4,3.0,37.8,1.2,8.8,0.8,1.2,1.2,0.8,0.4,0.0,0.6,0.2,0.0,0.0,332.0,144.8,1.0,7.5,46.0,33.0,63.0,72.5,33.0,110.5,37.0,34.5,10.5,4.0,42.5,27.0,35.5,18.5,7.0,15.5,17.0,9.0,31.0,53.0,11.0,6.0,10.5,20.5,32.5,109.5,5.0,56.0,91.0,69.5,1.0,50.0,13.3,46.5,39.0,11.67,34.0,54.5,9.17,27.33,58.33,69.5
2026,SYR,180.5,1.25,2.75,90.5,44.25,-0.25,4.0,21.25,0.5,7.5,3.5,31.5,2.5,33.0,1.75,21.25,2.0,25.25,1.25,29.75,1.0,11.0,0.25,0.75,0.75,0.25,0.0,0.25,0.25,0.0,0.25,0.0,183.25,163.5,103.0,72.0,125.0,9.0,73.0,128.5,2.5,8.0,134.5,96.5,125.5,136.0,106.0,94.5,104.0,97.5,65.0,55.0,124.5,32.5,49.5,34.0,85.5,42.5,31.0,92.0,120.5,29.5,26.0,110.0,12.0,69.5,117.0,22.5,100.5,16.9,71.5,117.83,107.0,77.0,48.67,89.0,31.83,69.5
2026,TA&M,191.8,1.4,19.6,55.4,41.2,2.0,2.0,15.2,0.4,0.2,6.0,64.4,3.0,56.8,1.4,35.2,0.0,0.0,1.2,11.6,0.6,8.4,0.4,0.6,0.0,0.2,0.6,0.4,0.0,0.0,0.2,0.0,211.4,112.0,94.0,64.0,83.5,81.0,84.0,88.5,33.0,27.5,137.0,137.0,28.5,64.0,76.5,19.0,120.5,34.5,138.0,138.0,129.0,124.5,91.0,56.0,66.5,57.0,127.5,107.5,10.5,17.5,106.5,110.0,26.0,69.5,97.0,99.0,81.0,59.5,116.9,66.67,35.33,57.5,127.5,121.17,57.67,69.5
2026,TCU,155.4,0.4,23.8,24.6,45.2,6.0,0.6,0.8,1.6,21.0,3.6,37.0,2.8,34.0,1.2,12.0,0.8,7.6,2.6,33.2,1.0,9.8,0.4,0.0,1.0,0.0,0.0,0.0,0.0,0.0,0.2,0.0,179.2,91.6,127.0,131.5,72.0,134.0,67.0,37.5,127.5,135.0,54.5,19.5,119.5,131.0,89.0,89.5,129.5,133.0,122.5,120.0,39.0,18.0,49.5,45.5,66.5,128.0,17.5,129.5,120.5,109.5,106.5,110.0,26.0,69.5,123.0,120.0,104.0,128.9,55.7,126.67,99.67,124.0,116.33,55.67,40.33,69.5
2026,TEM,226.6,1.6,35.2,54.0,44.2,15.6,1.2,10.8,1.2,4.2,5.0,67.2,3.8,44.8,2.4,24.0,2.6,40.4,2.0,27.0,0.8,8.2,0.8,0.8,0.4,0.2,0.2,0.0,0.2,0.4,0.2,0.0,261.8,113.2,40.0,45.0,34.0,84.0,74.0,6.0,90.0,57.5,98.0,120.0,60.5,60.0,21.5,43.0,35.5,77.5,37.5,22.0,74.0,39.5,70.0,59.5,11.0,32.0,74.5,107.5,76.0,109.5,48.0,21.5,26.0,69.5,31.0,96.5,32.2,72.0,92.6,76.0,46.83,74.17,35.83,45.0,51.83,69.5
2026,TENN,162.6,0.4,27.0,58.2,43.0,4.2,2.4,11.4,1.2,5.6,6.2,49.0,2.6,33.4,1.0,14.4,1.8,16.8,2.8,25.2,1.0,6.8,0.2,1.0,0.0,0.0,0.0,0.0,0.0,0.2,0.0,0.0,189.6,118.2,118.0,131.5,61.0,78.0,78.5,59.0,14.0,49.0,98.0,110.0,21.5,99.5,99.0,93.0,135.0,128.0,74.5,89.5,27.0,55.0,49.5,73.0,103.0,16.0,127.5,129.5,120.5,109.5,106.5,56.0,91.0,69.5,116.0,91.0,105.9,49.6,101.0,83.5,104.17,124.17,90.17,46.0,71.17,69.5
2026,TEX,171.75,0.5,8.5,45.0,45.75,0.0,2.25,11.25,1.75,12.75,5.0,64.5,2.5,26.0,1.5,23.0,2.0,9.0,1.75,17.5,0.5,7.75,0.0,0.0,0.5,0.25,0.25,0.0,0.0,0.0,0.0,0.0,180.25,114.75,113.0,126.0,110.0,106.0,65.0,121.5,18.0,51.0,44.0,46.0,60.5,63.0,106.0,120.0,114.0,82.5,65.0,116.0,94.0,100.5,101.0,66.5,129.0,128.0,59.5,92.0,53.0,109.5,106.5,110.0,91.0,69.5,122.0,94.0,120.0,79.4,61.7,71.83,93.0,102.0,95.83,101.5,86.17,69.5
2026,TLSA,272.2,1.6,1.4,87.0,44.6,-0.4,4.2,15.2,1.6,31.8,6.4,85.0,4.2,50.8,2.0,27.6,2.6,24.4,2.4,31.0,0.6,6.4,0.6,0.2,0.2,0.6,0.2,0.2,0.2,0.2,0.0,0.0,273.6,178.6,7.0,45.0,130.0,14.0,71.5,130.5,1.0,27.5,54.5,4.0,14.5,20.5,12.5,28.0,71.5,62.0,37.5,59.0,50.0,24.0,91.0,78.0,35.5,111.0,105.5,39.0,76.0,52.0,48.0,56.0,91.0,69.5,24.0,14.0,48.3,33.5,49.9,24.67,38.83,61.83,48.17,43.33,86.67,69.5
2026,TOL,194.8,1.6,19.6,53.2,47.8,10.4,1.6,7.2,1.2,10.4,4.4,47.6,4.0,44.2,2.8,33.2,1.8,23.4,2.4,18.4,1.2,8.2,0.2,0.4,0.6,0.4,0.4,0.0,0.0,0.2,0.4,0.0,214.4,118.6,88.0,45.0,83.5,86.5,60.0,14.0,53.5,94.5,98.0,62.5,88.0,104.0,15.5,45.5,11.0,41.0,74.5,66.5,50.0,91.5,31.0,59.5,103.0,83.5,47.0,72.0,32.5,109.5,106.5,56.0,4.0,69.5,93.0,89.0,82.5,81.4,71.3,88.0,31.17,53.83,82.5,65.83,31.5,69.5
2026,TROY,217.8,1.8,16.4,74.4,25.2,1.0,2.2,14.0,1.4,8.2,5.4,67.6,4.2,64.4,2.4,37.4,2.2,28.0,0.8,9.0,0.4,1.6,0.0,0.6,0.4,1.2,0.2,0.4,0.2,0.0,0.0,0.0,234.2,121.8,55.0,30.5,91.5,39.0,121.5,101.5,22.5,33.5,75.0,90.0,48.0,58.0,12.5,8.0,35.5,22.5,56.5,42.0,136.0,130.0,111.0,120.5,129.0,57.0,74.5,3.5,76.0,17.5,48.0,110.0,91.0,69.5,69.5,85.0,75.1,47.4,89.2,36.5,32.17,25.17,48.83,125.33,107.5,69.5
2026,TTU,261.2,1.6,22.6,32.2,30.0,6.8,2.8,22.2,3.0,21.0,7.6,105.0,2.4,33.0,2.6,19.2,2.0,31.4,2.8,19.6,1.8,8.4,0.2,0.0,0.0,0.8,0.2,0.2,0.2,0.2,0.0,0.0,283.8,105.4,14.0,45.0,74.0,126.0,112.0,31.5,6.5,7.0,7.0,19.5,3.0,2.0,113.0,94.5,21.0,107.0,65.0,35.0,27.0,82.0,6.0,56.0,103.0,128.0,127.5,20.5,76.0,52.0,48.0,56.0,91.0,69.5,18.0,108.0,50.8,75.1,74.8,8.5,94.5,60.0,49.33,55.0,51.0,69.5
2026,TULN,224.25,1.25,49.75,97.75,40.75,2.75,2.25,14.25,1.75,11.25,6.25,85.0,2.0,30.75,1.25,25.0,1.5,24.5,2.0,18.5,1.75,21.75,0.5,0.75,0.5,0.75,0.0,0.25,0.25,0.0,0.0,0.0,274.0,164.0,43.5,72.0,9.0,6.0,85.0,79.0,18.0,32.0,44.0,57.0,18.0,20.5,127.5,103.0,124.5,74.0,90.0,58.0,74.0,89.5,8.5,5.0,51.0,42.5,59.5,28.5,120.5,29.5,26.0,110.0,91.0,69.5,23.0,21.0,39.7,23.9,53.3,22.33,117.0,76.0,58.0,91.17,34.83,69.5
2026,TXST,289.8,1.8,7.4,62.6,43.0,3.4,4.0,26.0,0.8,4.8,6.4,84.6,5.6,60.0,3.4,42.8,5.8,65.4,1.2,12.8,1.2,8.0,0.0,1.0,1.2,0.4,0.6,0.4,0.0,0.0,0.2,0.0,297.2,136.4,3.0,30.5,113.0,66.5,78.5,70.5,2.5,4.0,118.5,116.5,14.5,23.0,2.0,12.0,6.0,9.0,1.0,2.5,129.0,117.5,31.0,63.0,129.0,16.0,10.5,72.0,10.5,17.5,106.5,110.0,26.0,69.5,8.0,61.0,56.7,30.0,77.0,36.5,8.17,10.83,36.67,118.83,40.0,69.5
2026,UAB,118.4,0.8,72.2,46.6,45.4,18.8,1.2,12.6,1.2,10.2,3.8,37.8,2.4,24.0,1.2,20.8,1.0,7.2,0.8,5.6,0.2,0.2,1.0,0.4,0.4,0.6,0.0,0.2,0.0,0.0,0.0,0.0,190.6,114.8,137.0,111.0,2.0,103.0,66.0,3.0,90.0,40.5,98.0,66.0,109.5,128.5,113.0,125.0,129.5,99.5,115.0,121.0,136.0,136.0,127.5,132.0,4.0,83.5,74.5,39.0,120.5,52.0,106.5,110.0,91.0,69.5,112.0,92.5,73.2,81.9,79.4,92.33,119.5,93.67,114.17,127.33,116.83,69.5
2026,UCF,221.8,0.4,16.4,50.0,49.8,3.8,2.4,16.0,2.4,24.4,4.2,51.4,2.8,42.8,2.0,23.0,1.8,19.0,3.6,34.4,1.0,12.4,0.6,0.4,0.2,0.0,0.4,0.2,0.0,0.0,0.0,0.0,238.2,140.2,47.0,131.5,91.5,96.0,57.0,65.5,14.0,21.5,15.0,12.0,98.0,94.5,89.0,50.5,71.5,82.5,74.5,86.0,4.5,14.5,49.5,28.0,35.5,83.5,105.5,129.5,32.5,52.0,106.5,110.0,91.0,69.5,62.5,53.5,73.6,53.7,48.6,107.33,57.33,68.67,89.0,43.0,56.17,69.5
2026,UCLA,214.0,1.5,-5.5,70.5,22.75,3.5,2.5,15.0,1.25,17.25,5.5,69.25,3.5,67.75,1.5,14.0,0.5,1.5,2.25,37.25,0.75,3.75,0.0,0.75,0.0,0.25,0.5,0.0,0.0,0.75,0.0,0.0,208.5,125.5,60.0,54.5,136.0,44.0,128.0,69.0,12.0,29.0,89.5,29.0,44.5,54.0,33.5,5.0,114.0,130.5,134.5,137.0,59.5,12.0,79.0,98.0,129.0,42.5,127.5,92.0,18.5,109.5,106.5,1.0,91.0,69.5,100.0,79.0,95.9,41.3,90.6,63.5,19.0,118.0,126.0,24.17,89.33,69.5
2026,UGA,188.2,1.0,17.0,19.2,18.6,2.6,0.8,10.0,2.0,8.0,5.8,67.4,2.2,23.8,1.6,16.4,3.0,26.4,3.4,26.4,1.0,8.2,0.4,0.4,0.0,0.2,0.0,0.2,0.0,0.4,0.2,0.0,205.2,55.8,96.0,96.5,90.0,138.0,132.0,81.0,118.0,64.0,26.5,91.5,36.0,59.0,122.5,126.0,109.0,122.0,22.0,49.0,6.5,46.0,49.5,59.5,66.5,83.5,127.5,107.5,120.5,52.0,106.5,21.5,26.0,69.5,104.0,137.0,90.6,108.1,102.9,67.5,123.0,94.33,59.17,24.67,45.0,69.5
2026,UK,232.4,1.4,53.6,59.0,27.2,4.2,2.2,8.0,1.8,7.8,7.2,91.2,3.6,50.6,2.4,33.8,2.2,21.8,1.6,15.0,0.8,4.2,0.2,0.8,0.8,0.4,0.2,0.4,0.0,0.2,0.2,0.0,286.0,102.0,34.0,64.0,8.0,74.0,118.0,59.0,22.5,89.0,37.0,93.5,6.0,10.0,28.5,29.0,35.5,37.0,56.5,76.0,103.0,110.0,70.0,92.5,103.0,32.0,26.0,72.0,76.0,17.5,106.5,56.0,26.0,69.5,14.0,111.0,44.6,65.7,77.1,29.33,44.5,30.0,79.67,89.67,62.83,69.5
2026,UL,175.8,1.2,1.8,52.4,33.2,4.0,0.8,11.0,1.4,10.4,5.0,40.0,3.4,39.2,2.6,25.2,0.6,11.4,2.4,24.6,1.8,14.0,0.2,0.4,0.0,0.2,0.2,0.2,0.2,0.4,0.0,0.0,177.6,107.0,106.0,78.5,128.0,90.0,101.0,63.0,118.0,55.0,75.0,62.5,60.5,121.0,42.5,72.5,21.0,72.0,130.0,108.5,50.0,59.0,6.0,21.5,103.0,83.5,127.5,107.5,76.0,52.0,48.0,21.5,91.0,69.5,124.0,104.0,107.9,90.1,94.0,96.33,63.67,48.33,95.5,43.5,39.5,69.5
2026,ULM,268.2,2.4,26.6,81.8,123.6,8.2,0.6,5.0,1.4,12.0,5.6,73.8,3.0,34.8,3.6,81.8,3.2,40.6,1.6,16.6,0.4,1.6,0.2,0.4,1.6,0.4,0.6,1.0,0.2,0.4,0.0,0.0,294.8,222.4,8.0,7.5,63.5,25.0,3.0,20.5,127.5,112.5,75.0,53.5,41.5,44.5,76.5,87.0,4.0,1.0,17.0,21.0,103.0,104.0,111.0,120.5,103.0,83.5,3.0,72.0,10.5,1.0,48.0,21.5,91.0,69.5,9.0,4.0,38.2,70.5,27.7,52.67,58.0,2.0,28.67,76.17,107.5,69.5
2026,UNC,200.5,1.25,-3.0,85.25,62.25,8.0,2.75,12.0,1.75,14.5,7.75,69.75,3.0,40.0,1.75,14.5,0.75,4.75,2.25,24.75,1.0,20.25,0.25,0.25,0.5,0.5,0.0,0.5,0.0,0.0,0.25,0.0,197.5,174.0,79.0,72.0,133.5,17.0,33.0,23.0,8.0,43.5,44.0,38.0,2.0,53.0,76.5,67.0,104.0,127.0,126.5,132.0,59.5,58.0,49.5,7.0,85.5,101.5,59.5,53.5,120.5,7.5,106.5,110.0,12.0,69.5,109.0,15.0,95.8,37.0,37.9,36.17,88.0,79.5,121.67,75.83,22.83,69.5
2026,UNLV,249.8,1.4,6.8,80.4,45.0,1.6,2.4,18.2,1.6,6.2,4.6,53.8,3.2,38.8,2.4,21.4,3.2,65.4,1.8,21.4,1.0,24.6,0.2,0.8,0.4,0.0,0.2,0.0,0.4,0.2,0.4,0.0,256.6,149.8,22.0,64.0,120.0,26.0,68.0,93.5,14.0,11.0,54.5,104.0,74.5,89.5,60.0,74.5,35.5,96.0,17.0,2.5,87.5,71.0,49.5,3.0,103.0,32.0,74.5,129.5,76.0,109.5,16.0,56.0,4.0,69.5,35.0,40.0,68.8,24.6,68.2,97.83,70.17,80.33,11.83,71.5,18.83,69.5
2026,UNM,153.8,0.8,27.8,38.0,28.0,7.2,0.4,1.0,2.2,19.6,4.2,39.6,1.8,13.6,1.8,20.4,1.0,23.8,2.0,26.0,0.6,9.8,0.2,0.0,0.0,0.2,0.2,0.2,0.2,0.0,0.2,0.0,181.6,86.6,128.0,111.0,60.0,117.0,116.0,29.0,135.5,133.5,21.0,24.0,98.0,122.0,131.0,136.0,94.0,101.0,115.0,64.0,74.0,50.5,91.0,45.5,103.0,128.0,127.5,107.5,76.0,52.0,48.0,110.0,26.0,69.5,120.0,125.0,104.4,127.8,82.7,109.17,114.33,82.33,75.67,78.17,54.17,69.5
2026,UNT,212.2,2.4,29.2,82.2,43.6,5.0,2.0,15.6,1.8,14.6,5.2,80.6,3.0,37.0,2.0,18.0,1.2,15.4,1.6,22.6,0.8,8.4,0.8,0.6,0.8,0.8,0.2,0.6,0.2,0.2,0.2,0.0,241.4,156.0,64.0,7.5,54.5,24.0,75.0,48.5,33.0,26.0,37.0,37.0,53.5,27.0,76.5,80.0,71.5,114.0,106.5,93.5,103.0,62.0,70.0,56.0,11.0,57.0,26.0,20.5,76.0,3.5,48.0,56.0,26.0,69.5,54.0,34.0,38.2,34.8,41.8,33.67,77.5,63.0,82.67,73.67,50.67,69.5
2026,USA,263.67,2.33,15.83,86.5,61.17,0.67,1.0,4.83,1.33,16.83,4.83,74.0,2.67,34.0,2.67,31.17,2.67,41.0,2.83,32.67,2.5,29.17,0.33,0.67,1.5,0.83,0.33,0.0,0.17,0.67,0.17,0.0,279.5,169.33,11.0,12.0,95.0,15.0,34.0,106.0,107.0,114.5,85.0,32.0,66.0,43.0,93.5,89.5,15.0,48.0,34.5,20.0,22.0,20.0,1.0,1.0,79.0,46.0,5.0,12.5,46.5,109.5,70.5,2.0,40.5,69.5,20.0,18.0,43.4,60.1,34.8,40.5,76.5,57.5,41.67,14.67,14.17,69.5
2026,USC,223.17,1.5,29.83,59.17,29.0,0.0,2.0,27.17,0.5,3.0,5.5,61.83,3.33,40.17,1.5,22.0,1.5,23.0,2.5,37.33,0.83,16.17,0.5,0.5,0.5,0.5,0.17,0.17,0.5,0.17,0.33,0.0,253.0,118.33,45.0,54.5,50.5,73.0,114.5,121.5,33.0,3.0,134.5,128.5,44.5,71.0,50.0,65.0,114.0,91.0,90.0,71.0,44.0,11.0,61.5,16.0,51.0,71.0,59.5,53.5,99.0,75.5,9.5,77.0,8.5,69.5,41.5,90.0,48.5,54.0,105.4,56.33,71.33,93.5,56.83,44.0,28.67,69.5
2026,USF,177.5,1.0,48.83,48.33,47.67,11.33,1.0,6.83,1.0,3.17,5.17,47.5,2.83,29.17,2.0,42.83,1.67,18.17,2.0,22.5,1.5,11.5,0.17,0.33,0.5,0.17,0.33,0.17,0.0,0.17,0.0,0.0,226.33,106.0,104.0,96.5,10.0,100.0,61.0,11.0,107.0,101.0,109.0,127.0,55.5,106.0,85.5,112.0,71.5,8.0,79.0,87.0,74.0,63.0,16.5,32.0,118.0,95.5,59.5,119.0,46.5,75.5,106.5,77.0,91.0,69.5,80.0,106.5,81.7,102.0,92.6,93.5,81.33,51.67,90.83,71.33,46.5,69.5
2026,USM,199.2,1.4,53.8,65.8,156.6,-0.6,1.2,14.8,2.2,23.4,3.2,25.6,3.2,38.0,2.0,22.6,3.2,48.6,1.6,19.0,0.4,7.2,1.0,0.2,1.6,0.0,0.2,0.0,0.4,0.2,0.2,0.0,253.0,260.6,81.0,64.0,7.0,56.0,1.0,132.5,90.0,30.0,21.0,13.5,129.5,137.0,60.0,77.5,71.5,85.5,17.0,12.0,103.0,85.5,111.0,70.0,4.0,111.0,3.0,129.5,76.0,109.5,16.0,56.0,26.0,69.5,41.5,1.0,39.5,57.6,7.9,132.0,71.17,88.83,15.0,81.5,69.0,69.5
2026,USU,218.83,1.0,40.0,43.17,53.67,4.0,1.17,4.83,1.5,6.5,6.0,71.67,3.33,31.17,3.67,40.33,3.33,34.83,1.83,19.5,1.5,10.0,0.33,0.33,0.5,0.5,0.17,0.17,0.0,0.17,0.0,0.0,258.83,108.17,52.0,96.5,23.5,111.0,49.0,63.0,98.0,114.5,63.5,101.5,28.5,49.0,50.0,102.0,2.0,13.0,15.0,30.0,82.5,83.0,16.5,43.0,79.0,95.5,59.5,53.5,99.0,75.5,106.5,77.0,91.0,69.5,33.0,103.0,56.8,104.4,75.3,43.67,83.67,30.17,50.5,80.83,50.17,69.5
2026,UTAH,174.5,0.5,26.75,33.75,23.5,0.0,2.25,16.75,1.25,9.5,3.75,41.0,3.25,32.5,2.0,22.25,2.75,29.0,1.5,22.25,0.0,0.0,0.5,0.25,0.0,0.0,0.0,0.25,0.25,0.0,0.0,0.0,201.25,83.5,107.5,126.0,62.0,122.0,125.5,121.5,18.0,16.0,89.5,73.5,113.5,120.0,53.0,97.0,71.5,89.0,32.5,39.0,111.0,66.0,135.5,135.5,51.0,101.5,127.5,129.5,120.5,29.5,26.0,110.0,91.0,69.5,107.0,127.0,90.7,76.9,108.6,121.0,90.17,63.33,32.5,95.67,120.67,69.5
2026,UTEP,227.8,2.4,22.0,68.2,70.0,8.0,1.0,7.2,0.6,6.8,5.0,73.8,3.2,45.0,2.0,33.4,1.6,13.8,2.8,37.4,1.2,10.4,0.4,1.0,0.6,1.2,0.4,0.2,0.2,0.4,0.0,0.0,249.8,152.2,39.0,7.5,77.0,51.0,20.0,23.0,107.0,94.5,129.0,100.0,60.5,44.5,60.0,42.0,71.5,40.0,84.0,97.0,27.0,10.0,31.0,39.5,66.5,16.0,47.0,3.5,32.5,52.0,48.0,21.5,91.0,69.5,44.0,36.0,46.8,60.9,66.4,36.17,44.83,54.5,76.33,19.5,53.83,69.5
2026,UTSA,203.0,1.17,35.83,72.67,71.0,4.67,2.0,10.17,1.0,5.83,4.83,55.83,3.33,42.17,2.67,32.33,2.83,36.33,1.5,11.33,0.5,9.0,0.67,0.33,0.67,0.5,0.33,0.17,0.0,0.0,0.17,0.0,238.83,159.67,76.0,85.0,31.0,40.0,19.0,53.0,33.0,63.0,109.0,106.5,66.0,82.0,50.0,56.5,15.0,43.0,26.0,27.0,111.0,126.0,101.0,50.5,23.0,95.5,35.5,53.5,46.5,75.5,106.5,110.0,40.5,69.5,58.0,29.0,54.6,52.1,59.8,67.17,51.0,44.5,53.17,115.67,64.0,69.5
2026,UVA,140.8,0.4,65.0,58.8,21.4,4.4,1.2,5.6,1.8,20.6,2.6,44.4,2.4,29.8,1.8,16.0,0.8,11.6,1.2,6.6,0.6,6.2,1.8,0.0,0.0,0.4,0.0,0.0,0.0,0.0,0.0,0.0,205.8,106.4,132.0,131.5,4.0,75.0,130.0,55.0,90.0,106.0,37.0,22.0,135.0,115.0,113.0,107.5,94.0,123.0,122.5,107.0,129.0,133.5,91.0,81.5,1.0,128.0,127.5,72.0,120.5,109.5,106.5,110.0,91.0,69.5,102.5,105.0,74.2,100.8,84.3,107.33,113.67,108.83,112.0,124.17,87.83,69.5
2026,VAN,213.2,1.8,25.8,54.8,41.6,5.8,1.4,7.0,2.8,35.8,5.2,49.2,3.2,50.4,2.0,13.2,1.8,23.2,1.8,18.4,1.0,17.0,0.4,0.2,0.4,0.8,0.2,0.0,0.4,0.2,0.2,0.0,239.0,139.2,61.5,30.5,65.0,83.0,82.5,40.5,71.5,99.0,9.0,2.0,53.5,98.0,60.0,31.0,71.5,132.0,74.5,69.5,87.5,91.5,49.5,12.0,66.5,111.0,74.5,20.5,76.0,109.5,16.0,56.0,26.0,69.5,57.0,58.0,56.1,84.5,45.2,57.33,55.67,104.33,53.33,78.33,29.17,69.5
2026,VT,187.0,1.2,41.6,29.6,12.2,3.6,1.6,9.6,0.4,2.6,4.8,45.6,2.4,50.4,2.4,41.4,1.6,18.0,2.0,17.8,0.2,1.6,0.6,0.4,0.4,0.4,0.4,0.0,0.0,0.4,0.0,0.0,228.6,54.0,98.0,78.5,19.0,128.5,137.0,67.5,53.5,68.5,137.0,131.5,69.5,111.0,113.0,31.0,35.5,11.0,84.0,88.0,74.0,96.5,127.5,120.5,35.5,83.5,74.5,72.0,32.5,109.5,106.5,21.5,91.0,69.5,78.0,138.0,61.8,94.4,123.6,84.17,58.83,52.0,92.83,64.0,113.0,69.5
2026,WAKE,235.4,1.4,5.4,62.0,38.8,5.2,3.0,16.4,1.6,11.6,6.0,59.4,5.4,42.4,4.2,44.8,3.0,19.8,3.4,33.0,1.0,8.0,0.4,0.8,0.0,0.2,0.0,0.0,0.6,0.6,0.0,0.0,240.8,128.8,31.0,64.0,121.0,68.0,89.0,45.5,4.5,17.5,54.5,56.0,28.5,75.0,3.0,54.0,1.0,4.5,22.0,84.0,6.5,19.0,49.5,63.0,66.5,32.0,127.5,107.5,120.5,109.5,5.0,4.5,91.0,69.5,56.0,75.0,67.7,39.4,80.4,70.33,59.17,38.33,37.0,10.0,67.83,69.5
2026,WASH,193.67,1.5,31.5,64.5,36.33,4.33,1.5,11.17,2.5,18.17,4.0,38.33,3.33,58.5,1.83,25.0,1.17,10.83,1.33,22.0,1.33,7.67,0.33,0.33,0.17,0.33,0.5,0.17,0.17,0.33,0.0,0.0,225.17,130.17,90.0,54.5,47.0,61.0,94.0,56.0,61.0,53.0,11.0,25.0,103.5,125.0,50.0,16.0,85.5,74.0,110.0,111.0,121.5,67.5,23.0,68.0,79.0,95.5,114.5,85.5,18.5,75.5,70.5,34.5,91.0,69.5,83.0,74.0,70.7,68.9,63.7,104.67,28.17,78.33,97.17,74.5,60.67,69.5
2026,WIS,152.6,0.6,22.4,38.2,52.8,1.2,0.8,4.6,3.2,30.0,3.6,53.2,1.2,12.2,2.2,14.2,0.8,8.4,2.6,17.8,1.6,12.2,0.2,0.4,0.2,0.2,0.0,0.0,0.0,0.0,0.2,0.0,175.0,125.6,129.0,121.5,75.0,116.0,53.0,99.5,118.0,119.5,3.5,5.0,119.5,92.0,138.0,137.0,51.0,129.0,122.5,118.0,39.0,96.5,13.0,30.0,103.0,83.5,105.5,107.5,120.5,109.5,106.5,110.0,26.0,69.5,126.0,78.0,110.9,103.0,49.0,106.33,131.83,96.5,115.67,81.83,23.0,69.5
2026,WKU,204.0,2.0,33.83,65.5,96.83,7.83,0.5,4.5,3.0,26.83,2.83,47.17,3.67,42.17,2.33,31.83,2.5,34.0,1.5,16.33,0.33,1.83,0.33,0.83,0.83,0.67,0.17,0.33,0.5,0.33,0.17,0.0,237.83,193.67,75.0,19.0,37.0,57.0,5.0,25.0,132.0,121.5,7.0,7.0,133.0,107.0,26.5,56.5,44.5,44.0,42.5,31.0,111.0,105.0,118.5,114.0,79.0,23.5,22.0,30.0,99.0,25.0,9.5,34.5,40.5,69.5,64.0,6.0,54.8,68.0,9.4,90.0,60.67,37.83,27.67,83.5,91.0,69.5
2026,WMU,187.6,1.4,37.8,80.0,34.6,3.8,1.8,12.0,0.8,4.0,5.4,81.6,3.0,29.6,0.8,18.6,1.0,11.8,2.4,25.8,0.4,4.2,0.4,0.4,0.4,0.6,0.0,0.2,0.2,0.4,0.0,0.0,225.4,130.6,97.0,64.0,27.0,28.0,98.0,65.5,42.5,43.5,118.5,121.0,48.0,26.0,76.5,110.0,137.0,110.5,115.0,106.0,50.0,52.0,111.0,92.5,66.5,83.5,74.5,39.0,120.5,52.0,48.0,21.5,91.0,69.5,82.0,71.0,67.3,53.7,96.6,37.67,102.33,99.83,89.67,41.17,98.17,69.5
2026,WSU,204.5,1.5,32.83,53.5,57.83,5.83,0.5,1.17,1.67,14.33,6.83,78.0,2.83,32.33,2.67,39.0,1.83,20.0,1.67,13.33,0.83,6.33,0.33,0.5,0.33,0.83,0.33,0.17,0.17,0.0,0.0,0.0,237.33,126.83,74.0,54.5,42.0,85.0,38.0,39.0,132.0,132.0,47.5,41.0,9.0,32.0,85.5,98.0,15.0,14.5,70.5,83.0,97.0,116.0,61.5,80.0,79.0,71.0,86.5,12.5,46.5,75.5,70.5,110.0,91.0,69.5,66.0,76.0,63.1,99.2,57.8,17.83,76.67,35.0,74.67,107.67,77.5,69.5
2026,WVU,278.6,1.8,7.0,114.4,42.2,4.8,0.8,2.6,2.0,22.0,5.8,98.0,2.8,42.0,2.4,39.0,3.4,45.6,2.6,27.0,1.2,12.0,0.0,1.2,0.2,0.8,0.4,0.4,0.0,0.2,0.2,0.0,285.6,181.2,6.0,30.5,117.5,2.0,81.0,51.0,118.0,129.0,26.5,16.5,36.0,5.0,89.0,58.0,35.5,14.5,13.5,14.0,39.0,39.5,31.0,31.0,129.0,6.0,105.5,20.5,32.5,17.5,106.5,56.0,26.0,69.5,15.0,11.0,59.6,53.2,48.1,20.5,59.83,22.5,44.67,44.83,29.33,69.5
2026,WYO,186.0,1.17,46.67,68.67,47.17,9.0,1.17,4.17,1.33,10.33,4.83,54.33,3.17,37.5,2.17,33.67,3.5,26.17,1.33,13.83,0.67,6.0,0.67,0.33,0.17,0.5,0.17,0.0,0.33,0.0,0.17,0.0,232.67,130.33,100.0,85.0,13.0,50.0,62.0,19.0,98.0,125.0,85.0,64.5,66.0,88.0,67.5,79.0,57.5,38.0,12.0,51.0,121.5,114.5,83.0,84.5,23.0,95.5,114.5,53.5,99.0,109.5,21.5,110.0,40.5,69.5,72.0,73.0,58.6,88.3,79.8,69.17,81.83,68.33,28.17,115.33,69.33,69.5
