week,date,vis,home,boxscore,kick_utc,neutral,season_type,vis_pts,home_pts,completed,time_tbd
0,2025-08-23,ISU,KSU,401756846,2025-08-23T16:00:00.000Z,1,regular,24,21,1,0
0,2025-08-23,IDST,UNLV,401760371,2025-08-23T20:00:00.000Z,0,regular,31,38,1,0
0,2025-08-23,FRES,KU,401756847,2025-08-23T22:30:00.000Z,0,regular,7,31,1,0
0,2025-08-23,SHSU,WKU,401757218,2025-08-23T23:00:00.000Z,0,regular,24,41,1,0
0,2025-08-23,STAN,HAW,401754516,2025-08-23T23:30:00.000Z,0,regular,20,23,1,0
1,2025-08-28,BOIS,USF,401762522,2025-08-28T21:30:00.000Z,0,regular,7,34,1,0
1,2025-08-28,OHIO,RUTG,401752794,2025-08-28T22:00:00.000Z,0,regular,31,34,1,0
1,2025-08-28,LAF,BGSU,401762790,2025-08-28T22:00:00.000Z,0,regular,7,26,1,0
1,2025-08-28,WYO,AKR,401762789,2025-08-28T23:00:00.000Z,0,regular,10,0,1,0
1,2025-08-28,JXST,UCF,401756848,2025-08-28T23:00:00.000Z,0,regular,10,17,1,0
1,2025-08-28,SFPA,ULM,401761588,2025-08-28T23:00:00.000Z,0,regular,0,29,1,0
1,2025-08-28,ECU,NCSU,401754373,2025-08-28T23:00:00.000Z,0,regular,17,24,1,0
1,2025-08-28,DSU,DEL,401757219,2025-08-28T23:00:00.000Z,0,regular,17,35,1,0
1,2025-08-28,ELON,DUKE,401754517,2025-08-28T23:30:00.000Z,0,regular,17,45,1,0
1,2025-08-28,UTM,OKST,401756876,2025-08-28T23:30:00.000Z,0,regular,7,27,1,0
1,2025-08-28,CARK,MIZ,401752674,2025-08-28T23:30:00.000Z,0,regular,6,61,1,0
1,2025-08-28,SFA,HOU,401756852,2025-08-29T00:00:00.000Z,0,regular,0,27,1,0
1,2025-08-28,BUF,MINN,401752793,2025-08-29T00:00:00.000Z,0,regular,10,23,1,0
1,2025-08-28,ALST,UAB,401762430,2025-08-29T00:30:00.000Z,0,regular,42,52,1,0
1,2025-08-28,M-OH,WIS,401762791,2025-08-29T01:00:00.000Z,0,regular,0,17,1,0
1,2025-08-28,NEB,CIN,401752796,2025-08-29T01:00:00.000Z,1,regular,20,17,1,0
1,2025-08-28,STBK,SDSU,401760357,2025-08-29T02:00:00.000Z,0,regular,0,42,1,0
1,2025-08-29,TAR,ARMY,401762432,2025-08-29T22:00:00.000Z,0,regular,30,27,1,0
1,2025-08-29,KENN,WAKE,401754374,2025-08-29T23:00:00.000Z,0,regular,9,10,1,0
1,2025-08-29,WMU,MSU,401752802,2025-08-29T23:00:00.000Z,0,regular,6,23,1,0
1,2025-08-29,BCU,FIU,401766898,2025-08-29T23:00:00.000Z,0,regular,9,42,1,0
1,2025-08-29,APP,CLT,401761589,2025-08-29T23:00:00.000Z,1,regular,34,11,1,0
1,2025-08-29,WAG,KU,401756854,2025-08-29T23:30:00.000Z,0,regular,7,46,1,0
1,2025-08-29,WIU,ILL,401752795,2025-08-29T23:30:00.000Z,0,regular,3,52,1,0
1,2025-08-29,AUB,BAY,401752667,2025-08-30T00:00:00.000Z,0,regular,38,24,1,0
1,2025-08-29,GT,COLO,401754375,2025-08-30T00:00:00.000Z,0,regular,27,20,1,0
1,2025-08-29,UNLV,SHSU,401757224,2025-08-30T01:30:00.000Z,1,regular,38,21,1,0
1,2025-08-29,CMU,SJSU,401760358,2025-08-30T02:30:00.000Z,0,regular,16,14,1,0
1,2025-08-30,MSST,USM,401752673,2025-08-30T16:00:00.000Z,0,regular,34,17,1,0
1,2025-08-30,VMI,NAVY,401762434,2025-08-30T16:00:00.000Z,0,regular,7,52,1,0
1,2025-08-30,DUQ,PITT,401754520,2025-08-30T16:00:00.000Z,0,regular,9,61,1,0
1,2025-08-30,SYR,TENN,401752676,2025-08-30T16:00:00.000Z,1,regular,26,45,1,0
1,2025-08-30,BALL,PUR,401752801,2025-08-30T16:00:00.000Z,0,regular,0,31,1,0
1,2025-08-30,MRMK,KENT,401762792,2025-08-30T16:00:00.000Z,0,regular,17,21,1,0
1,2025-08-30,FAU,MD,401752797,2025-08-30T16:00:00.000Z,0,regular,7,39,1,0
1,2025-08-30,TEX,OSU,401752677,2025-08-30T16:00:00.000Z,0,regular,7,14,1,0
1,2025-08-30,NU,TULN,401752803,2025-08-30T16:00:00.000Z,0,regular,3,23,1,0
1,2025-08-30,TOL,UK,401752670,2025-08-30T16:45:00.000Z,0,regular,16,24,1,0
1,2025-08-30,RMU,WVU,401756878,2025-08-30T18:00:00.000Z,0,regular,3,45,1,0
1,2025-08-30,FOR,BC,401754518,2025-08-30T18:00:00.000Z,0,regular,10,66,1,0
1,2025-08-30,CCSU,CONN,401757167,2025-08-30T18:00:00.000Z,0,regular,13,59,1,0
1,2025-08-30,ODU,IU,401752806,2025-08-30T18:30:00.000Z,0,regular,14,27,1,0
1,2025-08-30,EKU,LOU,401754519,2025-08-30T19:00:00.000Z,0,regular,17,51,1,0
1,2025-08-30,BUCK,AF,401760359,2025-08-30T19:30:00.000Z,0,regular,13,49,1,0
1,2025-08-30,SDAK,ISU,401756853,2025-08-30T19:30:00.000Z,0,regular,7,55,1,0
1,2025-08-30,ALA,FSU,401752665,2025-08-30T19:30:00.000Z,0,regular,17,31,1,0
1,2025-08-30,HC,NIU,401762793,2025-08-30T19:30:00.000Z,0,regular,17,19,1,0
1,2025-08-30,NEV,PSU,401752807,2025-08-30T19:30:00.000Z,0,regular,11,46,1,0
1,2025-08-30,TEM,MASS,401762456,2025-08-30T19:30:00.000Z,0,regular,42,10,1,0
1,2025-08-30,MRSH,UGA,401752669,2025-08-30T19:30:00.000Z,0,regular,7,45,1,0
1,2025-08-30,ME,LIB,401757220,2025-08-30T20:00:00.000Z,0,regular,7,28,1,0
1,2025-08-30,MTST,ORE,401752804,2025-08-30T20:00:00.000Z,0,regular,13,59,1,0
1,2025-08-30,AAMU,ARK,401752666,2025-08-30T20:15:00.000Z,0,regular,7,52,1,0
1,2025-08-30,UTC,MEM,401762433,2025-08-30T20:30:00.000Z,0,regular,10,45,1,0
1,2025-08-30,UALB,IOWA,401752799,2025-08-30T22:00:00.000Z,0,regular,7,34,1,0
1,2025-08-30,WEB,JMU,401761590,2025-08-30T22:00:00.000Z,0,regular,10,45,1,0
1,2025-08-30,CCU,UVA,401754616,2025-08-30T22:00:00.000Z,0,regular,7,48,1,0
1,2025-08-30,ILST,OU,401752675,2025-08-30T22:00:00.000Z,0,regular,3,35,1,0
1,2025-08-30,SEMO,ARST,401761591,2025-08-30T23:00:00.000Z,0,regular,24,42,1,0
1,2025-08-30,UNA,WKU,401757226,2025-08-30T23:00:00.000Z,0,regular,6,55,1,0
1,2025-08-30,LIU,FLA,401752668,2025-08-30T23:00:00.000Z,0,regular,0,55,1,0
1,2025-08-30,APSU,MTSU,401757222,2025-08-30T23:00:00.000Z,0,regular,34,14,1,0
1,2025-08-30,UTSA,TA&M,401752678,2025-08-30T23:00:00.000Z,0,regular,24,42,1,0
1,2025-08-30,CHSO,VAN,401752679,2025-08-30T23:00:00.000Z,0,regular,3,45,1,0
1,2025-08-30,MORG,USA,401761593,2025-08-30T23:00:00.000Z,0,regular,21,38,1,0
1,2025-08-30,NICH,TROY,401761595,2025-08-30T23:00:00.000Z,0,regular,20,38,1,0
1,2025-08-30,UND,KSU,401756855,2025-08-30T23:00:00.000Z,0,regular,35,38,1,0
1,2025-08-30,UAPB,TTU,401756877,2025-08-30T23:30:00.000Z,0,regular,7,67,1,0
1,2025-08-30,UTEP,USU,401757225,2025-08-30T23:30:00.000Z,0,regular,16,28,1,0
1,2025-08-30,UNM,MICH,401752808,2025-08-30T23:30:00.000Z,0,regular,17,34,1,0
1,2025-08-30,MOST,USC,401752798,2025-08-30T23:30:00.000Z,0,regular,13,73,1,0
1,2025-08-30,SELA,LT,401757221,2025-08-30T23:30:00.000Z,0,regular,0,24,1,0
1,2025-08-30,LSU,CLEM,401752671,2025-08-30T23:30:00.000Z,0,regular,17,10,1,0
1,2025-08-30,GAST,MISS,401752672,2025-08-30T23:45:00.000Z,0,regular,7,63,1,0
1,2025-08-30,LAM,UNT,401762435,2025-08-31T00:00:00.000Z,0,regular,0,51,1,0
1,2025-08-30,EMU,TXST,401761594,2025-08-31T00:00:00.000Z,0,regular,27,52,1,0
1,2025-08-30,ACU,TLSA,401762457,2025-08-31T00:00:00.000Z,0,regular,7,35,1,0
1,2025-08-30,RICE,UL,401761592,2025-08-31T00:00:00.000Z,0,regular,14,12,1,0
1,2025-08-30,PRST,BYU,401756851,2025-08-31T00:00:00.000Z,0,regular,0,69,1,0
1,2025-08-30,BRY,NMSU,401757223,2025-08-31T01:00:00.000Z,0,regular,3,19,1,0
1,2025-08-30,ETAM,SMU,401754521,2025-08-31T01:00:00.000Z,0,regular,13,42,1,0
1,2025-08-30,GASO,FRES,401760361,2025-08-31T01:30:00.000Z,0,regular,14,42,1,0
1,2025-08-30,NAU,ASU,401756850,2025-08-31T02:00:00.000Z,0,regular,19,38,1,0
1,2025-08-30,IDHO,WSU,401752947,2025-08-31T02:00:00.000Z,0,regular,10,13,1,0
1,2025-08-30,HAW,ARIZ,401756849,2025-08-31T02:30:00.000Z,0,regular,6,40,1,0
1,2025-08-30,CAL,ORST,401752936,2025-08-31T02:30:00.000Z,0,regular,34,15,1,0
1,2025-08-30,UTAH,UCLA,401752800,2025-08-31T03:00:00.000Z,0,regular,43,10,1,0
1,2025-08-30,CSU,WASH,401752805,2025-08-31T03:00:00.000Z,0,regular,21,38,1,0
1,2025-08-31,VT,SC,401752680,2025-08-31T19:00:00.000Z,1,regular,11,24,1,0
1,2025-08-31,ND,MIA,401754522,2025-08-31T23:30:00.000Z,0,regular,24,27,1,0
1,2025-09-01,TCU,UNC,401754523,2025-09-02T00:00:00.000Z,0,regular,48,14,1,0
2,2025-09-05,JMU,LOU,401754528,2025-09-05T23:00:00.000Z,0,regular,14,28,1,0
2,2025-09-05,WIU,NU,401752817,2025-09-05T23:30:00.000Z,0,regular,7,42,1,0
2,2025-09-05,NIU,MD,401752826,2025-09-05T23:30:00.000Z,0,regular,9,20,1,0
2,2025-09-05,EWU,BOIS,401760363,2025-09-06T01:00:00.000Z,0,regular,14,51,1,0
2,2025-09-06,IOWA,ISU,401752822,2025-09-06T16:00:00.000Z,0,regular,13,16,1,0
2,2025-09-06,UVA,NCSU,401754524,2025-09-06T16:00:00.000Z,0,regular,31,35,1,0
2,2025-09-06,SJSU,TEX,401752693,2025-09-06T16:00:00.000Z,0,regular,7,38,1,0
2,2025-09-06,FIU,PSU,401752811,2025-09-06T16:00:00.000Z,0,regular,0,34,1,0
2,2025-09-06,KENN,IU,401752812,2025-09-06T16:00:00.000Z,0,regular,9,56,1,0
2,2025-09-06,ILL,DUKE,401752825,2025-09-06T16:00:00.000Z,0,regular,45,19,1,0
2,2025-09-06,ETAM,FSU,401754621,2025-09-06T16:00:00.000Z,0,regular,3,77,1,0
2,2025-09-06,LIB,JXST,401757227,2025-09-06T16:00:00.000Z,0,regular,24,34,1,0
2,2025-09-06,KENT,TTU,401756885,2025-09-06T16:00:00.000Z,0,regular,14,62,1,0
2,2025-09-06,CONN,SYR,401754618,2025-09-06T16:00:00.000Z,0,regular,20,27,1,0
2,2025-09-06,NWST,MINN,401752813,2025-09-06T16:00:00.000Z,0,regular,0,66,1,0
2,2025-09-06,CMU,PITT,401754529,2025-09-06T16:00:00.000Z,0,regular,17,45,1,0
2,2025-09-06,BAY,SMU,401754525,2025-09-06T16:00:00.000Z,0,regular,48,45,1,0
2,2025-09-06,USU,TA&M,401752694,2025-09-06T16:45:00.000Z,0,regular,22,44,1,0
2,2025-09-06,WCU,WAKE,401754620,2025-09-06T18:00:00.000Z,0,regular,10,42,1,0
2,2025-09-06,HOW,TEM,401762462,2025-09-06T18:00:00.000Z,0,regular,7,55,1,0
2,2025-09-06,IDST,UNM,401760366,2025-09-06T19:00:00.000Z,0,regular,22,32,1,0
2,2025-09-06,UNT,WMU,401762461,2025-09-06T19:30:00.000Z,0,regular,33,30,1,0
2,2025-09-06,BRY,MASS,401762816,2025-09-06T19:30:00.000Z,0,regular,27,26,1,0
2,2025-09-06,LIN,APP,401761596,2025-09-06T19:30:00.000Z,0,regular,13,20,1,0
2,2025-09-06,SFPA,BUF,401762794,2025-09-06T19:30:00.000Z,0,regular,6,45,1,0
2,2025-09-06,DEL,COLO,401756881,2025-09-06T19:30:00.000Z,0,regular,7,31,1,0
2,2025-09-06,TROY,CLEM,401754637,2025-09-06T19:30:00.000Z,0,regular,16,27,1,0
2,2025-09-06,MISS,UK,401752686,2025-09-06T19:30:00.000Z,0,regular,30,23,1,0
2,2025-09-06,KU,MIZ,401752689,2025-09-06T19:30:00.000Z,0,regular,31,42,1,0
2,2025-09-06,OKST,ORE,401752824,2025-09-06T19:30:00.000Z,0,regular,3,69,1,0
2,2025-09-06,BGSU,CIN,401756880,2025-09-06T19:30:00.000Z,0,regular,20,34,1,0
2,2025-09-06,TXST,UTSA,401761603,2025-09-06T19:30:00.000Z,0,regular,43,36,1,0
2,2025-09-06,GRAM,OSU,401752815,2025-09-06T19:30:00.000Z,0,regular,0,70,1,0
2,2025-09-06,UAB,NAVY,401762458,2025-09-06T19:30:00.000Z,0,regular,24,38,1,0
2,2025-09-06,FRES,ORST,401752937,2025-09-06T19:30:00.000Z,0,regular,36,27,1,0
2,2025-09-06,ETSU,TENN,401752692,2025-09-06T19:30:00.000Z,0,regular,17,72,1,0
2,2025-09-06,APSU,UGA,401752685,2025-09-06T19:30:00.000Z,0,regular,6,28,1,0
2,2025-09-06,M-OH,RUTG,401752818,2025-09-06T19:30:00.000Z,0,regular,17,45,1,0
2,2025-09-06,GWEB,GT,401754622,2025-09-06T19:30:00.000Z,0,regular,12,59,1,0
2,2025-09-06,WVU,OHIO,401756883,2025-09-06T20:00:00.000Z,0,regular,10,17,1,0
2,2025-09-06,MTSU,WIS,401752820,2025-09-06T20:00:00.000Z,0,regular,10,42,1,0
2,2025-09-06,UNI,WYO,401760367,2025-09-06T20:00:00.000Z,0,regular,7,31,1,0
2,2025-09-06,USF,FLA,401752684,2025-09-06T20:15:00.000Z,0,regular,18,16,1,0
2,2025-09-06,JKST,USM,401761602,2025-09-06T21:00:00.000Z,0,regular,20,38,1,0
2,2025-09-06,SAC,NEV,401760365,2025-09-06T21:00:00.000Z,0,regular,17,20,1,0
2,2025-09-06,ARST,ARK,401752682,2025-09-06T21:00:00.000Z,1,regular,14,56,1,0
2,2025-09-06,CAM,ECU,401762459,2025-09-06T22:00:00.000Z,0,regular,3,56,1,0
2,2025-09-06,NCCU,ODU,401761599,2025-09-06T22:00:00.000Z,0,regular,6,54,1,0
2,2025-09-06,FAMU,FAU,401762460,2025-09-06T22:00:00.000Z,0,regular,14,56,1,0
2,2025-09-06,MOST,MRSH,401757228,2025-09-06T22:00:00.000Z,0,regular,21,20,1,0
2,2025-09-06,TXSO,CAL,401754530,2025-09-06T22:00:00.000Z,0,regular,3,35,1,0
2,2025-09-06,CP,UTAH,401756887,2025-09-06T22:00:00.000Z,0,regular,9,63,1,0
2,2025-09-06,BCU,MIA,401754641,2025-09-06T23:00:00.000Z,0,regular,3,45,1,0
2,2025-09-06,TULN,USA,401761601,2025-09-06T23:00:00.000Z,0,regular,33,31,1,0
2,2025-09-06,ARMY,KSU,401756882,2025-09-06T23:00:00.000Z,0,regular,24,21,1,0
2,2025-09-06,MEM,GAST,401761598,2025-09-06T23:00:00.000Z,0,regular,38,16,1,0
2,2025-09-06,WKU,TOL,401757232,2025-09-06T23:00:00.000Z,0,regular,21,45,1,0
2,2025-09-06,UNCO,CSU,401760364,2025-09-06T23:00:00.000Z,0,regular,17,21,1,0
2,2025-09-06,SCST,SC,401752691,2025-09-06T23:00:00.000Z,0,regular,10,38,1,0
2,2025-09-06,UNC,CLT,401754527,2025-09-06T23:00:00.000Z,0,regular,20,3,1,0
2,2025-09-06,NCAT,UCF,401756886,2025-09-06T23:00:00.000Z,0,regular,7,68,1,0
2,2025-09-06,HOU,RICE,401756884,2025-09-06T23:00:00.000Z,0,regular,35,9,1,0
2,2025-09-06,LIU,EMU,401762795,2025-09-06T23:00:00.000Z,0,regular,28,23,1,0
2,2025-09-06,GASO,USC,401752814,2025-09-06T23:30:00.000Z,0,regular,20,59,1,0
2,2025-09-06,CHSO,CCU,401761597,2025-09-06T23:30:00.000Z,0,regular,0,13,1,0
2,2025-09-06,BC,MSU,401752816,2025-09-06T23:30:00.000Z,0,regular,40,42,1,0
2,2025-09-06,AKR,NEB,401752810,2025-09-06T23:30:00.000Z,0,regular,0,68,1,0
2,2025-09-06,SIU,PUR,401752819,2025-09-06T23:30:00.000Z,0,regular,17,34,1,0
2,2025-09-06,ASU,MSST,401752688,2025-09-06T23:30:00.000Z,0,regular,20,24,1,0
2,2025-09-06,BALL,AUB,401752683,2025-09-06T23:30:00.000Z,0,regular,3,42,1,0
2,2025-09-06,LT,LSU,401752687,2025-09-06T23:30:00.000Z,0,regular,7,23,1,0
2,2025-09-06,VAN,VT,401752695,2025-09-06T23:30:00.000Z,0,regular,44,20,1,0
2,2025-09-06,MICH,OU,401752690,2025-09-06T23:30:00.000Z,0,regular,13,24,1,0
2,2025-09-06,ULM,ALA,401752681,2025-09-06T23:45:00.000Z,0,regular,0,73,1,0
2,2025-09-06,MCN,UL,401761600,2025-09-07T00:00:00.000Z,0,regular,10,34,1,0
2,2025-09-06,UCLA,UNLV,401752823,2025-09-07T00:00:00.000Z,0,regular,23,30,1,0
2,2025-09-06,UTM,UTEP,401757231,2025-09-07T01:00:00.000Z,0,regular,17,42,1,0
2,2025-09-06,TLSA,NMSU,401757229,2025-09-07T01:00:00.000Z,0,regular,14,21,1,0
2,2025-09-06,WEB,ARIZ,401756879,2025-09-07T02:00:00.000Z,0,regular,3,48,1,0
2,2025-09-06,STAN,BYU,401754526,2025-09-07T02:15:00.000Z,0,regular,3,27,1,0
2,2025-09-06,SDSU,WSU,401752948,2025-09-07T02:15:00.000Z,0,regular,13,36,1,0
2,2025-09-06,UCD,WASH,401752821,2025-09-07T03:00:00.000Z,0,regular,10,70,1,0
2,2025-09-06,SHSU,HAW,401757230,2025-09-07T03:59:00.000Z,0,regular,20,37,1,0
3,2025-09-11,NCSU,WAKE,401754531,2025-09-11T23:30:00.000Z,0,regular,34,24,1,0
3,2025-09-12,INST,IU,401752836,2025-09-12T22:30:00.000Z,0,regular,0,73,1,0
3,2025-09-12,COLG,SYR,401754532,2025-09-12T23:00:00.000Z,0,regular,24,66,1,0
3,2025-09-12,COLO,HOU,401756893,2025-09-12T23:30:00.000Z,0,regular,20,36,1,0
3,2025-09-12,KSU,ARIZ,401756888,2025-09-13T01:00:00.000Z,0,regular,17,23,1,0
3,2025-09-12,UNM,UCLA,401752837,2025-09-13T02:00:00.000Z,0,regular,35,10,1,0
3,2025-09-13,BUF,KENT,401762817,2025-09-13T16:00:00.000Z,0,regular,31,28,1,0
3,2025-09-13,SAM,BAY,401756891,2025-09-13T16:00:00.000Z,0,regular,7,42,1,0
3,2025-09-13,WIS,ALA,401752696,2025-09-13T16:00:00.000Z,0,regular,14,38,1,0
3,2025-09-13,ORE,NU,401752831,2025-09-13T16:00:00.000Z,0,regular,34,14,1,0
3,2025-09-13,TOW,MD,401752838,2025-09-13T16:00:00.000Z,0,regular,17,44,1,0
3,2025-09-13,MEM,TROY,401761608,2025-09-13T16:00:00.000Z,0,regular,28,7,1,0
3,2025-09-13,CMU,MICH,401752839,2025-09-13T16:00:00.000Z,0,regular,3,63,1,0
3,2025-09-13,OU,TEM,401752703,2025-09-13T16:00:00.000Z,0,regular,42,3,1,0
3,2025-09-13,HCU,NEB,401752828,2025-09-13T16:00:00.000Z,0,regular,7,59,1,0
3,2025-09-13,W&M,UVA,401754619,2025-09-13T16:00:00.000Z,0,regular,16,55,1,0
3,2025-09-13,CLEM,GT,401754623,2025-09-13T16:00:00.000Z,0,regular,21,24,1,0
3,2025-09-13,USA,AUB,401752697,2025-09-13T16:45:00.000Z,0,regular,15,31,1,0
3,2025-09-13,UL,MIZ,401752702,2025-09-13T17:00:00.000Z,0,regular,10,52,1,0
3,2025-09-13,UNH,BALL,401762818,2025-09-13T18:00:00.000Z,0,regular,29,34,1,0
3,2025-09-13,CONN,DEL,401757168,2025-09-13T19:00:00.000Z,0,regular,41,44,1,0
3,2025-09-13,VILL,PSU,401752835,2025-09-13T19:30:00.000Z,0,regular,6,52,1,0
3,2025-09-13,RICH,UNC,401754639,2025-09-13T19:30:00.000Z,0,regular,6,41,1,0
3,2025-09-13,MORG,TOL,401762819,2025-09-13T19:30:00.000Z,0,regular,0,60,1,0
3,2025-09-13,SMU,MOST,401754615,2025-09-13T19:30:00.000Z,0,regular,28,10,1,0
3,2025-09-13,NORF,RUTG,401752833,2025-09-13T19:30:00.000Z,0,regular,10,60,1,0
3,2025-09-13,USC,PUR,401752832,2025-09-13T19:30:00.000Z,0,regular,33,17,1,0
3,2025-09-13,UGA,TENN,401752705,2025-09-13T19:30:00.000Z,0,regular,44,41,1,0
3,2025-09-13,PITT,WVU,401754638,2025-09-13T19:30:00.000Z,0,regular,24,31,1,0
3,2025-09-13,YSU,MSU,401752834,2025-09-13T19:30:00.000Z,0,regular,24,41,1,0
3,2025-09-13,NWST,CIN,401756892,2025-09-13T19:30:00.000Z,0,regular,0,70,1,0
3,2025-09-13,ORST,TTU,401752938,2025-09-13T19:30:00.000Z,0,regular,14,45,1,0
3,2025-09-13,UIW,UTSA,401762467,2025-09-13T19:30:00.000Z,0,regular,20,48,1,0
3,2025-09-13,WSU,UNT,401752949,2025-09-13T19:30:00.000Z,0,regular,10,59,1,0
3,2025-09-13,ISU,ARST,401756890,2025-09-13T20:00:00.000Z,0,regular,24,16,1,0
3,2025-09-13,UTEP,TEX,401752706,2025-09-13T20:15:00.000Z,0,regular,10,27,1,0
3,2025-09-13,USF,MIA,401754535,2025-09-13T20:30:00.000Z,0,regular,12,49,1,0
3,2025-09-13,MTSU,NEV,401757258,2025-09-13T21:00:00.000Z,0,regular,14,13,1,0
3,2025-09-13,LIB,BGSU,401757256,2025-09-13T21:00:00.000Z,0,regular,13,23,1,0
3,2025-09-13,MRMK,KENN,401757235,2025-09-13T22:00:00.000Z,0,regular,13,27,1,0
3,2025-09-13,MONM,CLT,401762464,2025-09-13T22:00:00.000Z,0,regular,35,42,1,0
3,2025-09-13,EKU,MRSH,401761606,2025-09-13T22:00:00.000Z,0,regular,7,38,1,0
3,2025-09-13,FAU,FIU,401757233,2025-09-13T22:00:00.000Z,0,regular,28,38,1,0
3,2025-09-13,ALCN,MSST,401752701,2025-09-13T22:00:00.000Z,0,regular,0,63,1,0
3,2025-09-13,JXST,GASO,401757234,2025-09-13T23:00:00.000Z,0,regular,34,41,1,0
3,2025-09-13,ODU,VT,401754536,2025-09-13T23:00:00.000Z,0,regular,45,26,1,0
3,2025-09-13,APP,USM,401761607,2025-09-13T23:00:00.000Z,0,regular,22,38,1,0
3,2025-09-13,ARK,MISS,401752700,2025-09-13T23:00:00.000Z,0,regular,35,41,1,0
3,2025-09-13,WMU,ILL,401752829,2025-09-13T23:00:00.000Z,0,regular,0,38,1,0
3,2025-09-13,PV,RICE,401762466,2025-09-13T23:00:00.000Z,0,regular,17,38,1,0
3,2025-09-13,OHIO,OSU,401752827,2025-09-13T23:00:00.000Z,0,regular,9,37,1,0
3,2025-09-13,MUR,GAST,401761605,2025-09-13T23:00:00.000Z,0,regular,21,37,1,0
3,2025-09-13,ECU,CCU,401761604,2025-09-13T23:30:00.000Z,0,regular,38,0,1,0
3,2025-09-13,MASS,IOWA,401752830,2025-09-13T23:30:00.000Z,0,regular,7,47,1,0
3,2025-09-13,FLA,LSU,401752699,2025-09-13T23:30:00.000Z,0,regular,10,20,1,0
3,2025-09-13,NMSU,LT,401757257,2025-09-13T23:30:00.000Z,0,regular,14,49,1,0
3,2025-09-13,EMU,UK,401752698,2025-09-13T23:30:00.000Z,0,regular,23,48,1,0
3,2025-09-13,TA&M,ND,401752707,2025-09-13T23:30:00.000Z,0,regular,41,40,1,0
3,2025-09-13,VAN,SC,401752704,2025-09-13T23:45:00.000Z,0,regular,31,7,1,0
3,2025-09-13,NAVY,TLSA,401762465,2025-09-14T00:00:00.000Z,0,regular,42,23,1,0
3,2025-09-13,ACU,TCU,401756894,2025-09-14T00:00:00.000Z,0,regular,21,42,1,0
3,2025-09-13,DUKE,TULN,401754534,2025-09-14T00:00:00.000Z,0,regular,27,34,1,0
3,2025-09-13,UTAH,WYO,401756895,2025-09-14T00:00:00.000Z,0,regular,31,6,1,0
3,2025-09-13,AKR,UAB,401762463,2025-09-14T00:30:00.000Z,0,regular,28,31,1,0
3,2025-09-13,AF,USU,401760368,2025-09-14T01:45:00.000Z,0,regular,30,49,1,0
3,2025-09-13,SOU,FRES,401760369,2025-09-14T02:00:00.000Z,0,regular,7,56,1,0
3,2025-09-13,MINN,CAL,401752840,2025-09-14T02:30:00.000Z,0,regular,14,27,1,0
3,2025-09-13,BC,STAN,401754533,2025-09-14T02:30:00.000Z,0,regular,20,30,1,0
3,2025-09-13,TXST,ASU,401756889,2025-09-14T02:30:00.000Z,0,regular,15,34,1,0
3,2025-09-13,PRST,HAW,401760370,2025-09-14T03:59:00.000Z,0,regular,3,23,1,0
4,2025-09-18,RICE,CLT,401762468,2025-09-18T23:30:00.000Z,0,regular,28,17,1,0
4,2025-09-19,TLSA,OKST,401756900,2025-09-19T23:30:00.000Z,0,regular,19,12,1,0
4,2025-09-19,IOWA,RUTG,401752844,2025-09-20T00:00:00.000Z,0,regular,38,28,1,0
4,2025-09-20,UNLV,M-OH,401760376,2025-09-20T16:00:00.000Z,0,regular,41,38,1,0
4,2025-09-20,SCST,USF,401762470,2025-09-20T16:00:00.000Z,0,regular,14,63,1,0
4,2025-09-20,ARK,MEM,401752708,2025-09-20T16:00:00.000Z,0,regular,31,32,1,0
4,2025-09-20,MD,WIS,401752845,2025-09-20T16:00:00.000Z,0,regular,27,10,1,0
4,2025-09-20,UNT,ARMY,401762469,2025-09-20T16:00:00.000Z,0,regular,45,38,1,0
4,2025-09-20,WOF,VT,401754617,2025-09-20T16:00:00.000Z,0,regular,6,38,1,0
4,2025-09-20,BGSU,LOU,401754642,2025-09-20T16:00:00.000Z,0,regular,17,40,1,0
4,2025-09-20,TTU,UTAH,401756901,2025-09-20T16:00:00.000Z,0,regular,34,10,1,0
4,2025-09-20,SYR,CLEM,401754537,2025-09-20T16:00:00.000Z,0,regular,34,21,1,0
4,2025-09-20,SMU,TCU,401754636,2025-09-20T16:00:00.000Z,0,regular,24,35,1,0
4,2025-09-20,UAB,TENN,401752715,2025-09-20T16:45:00.000Z,0,regular,24,56,1,0
4,2025-09-20,WAG,CMU,401762822,2025-09-20T17:00:00.000Z,0,regular,10,49,1,0
4,2025-09-20,ORST,ORE,401752841,2025-09-20T19:00:00.000Z,0,regular,7,41,1,0
4,2025-09-20,PUR,ND,401752848,2025-09-20T19:30:00.000Z,0,regular,30,56,1,0
4,2025-09-20,GWEB,OHIO,401762823,2025-09-20T19:30:00.000Z,0,regular,35,52,1,0
4,2025-09-20,AUB,OU,401752714,2025-09-20T19:30:00.000Z,0,regular,17,24,1,0
4,2025-09-20,TULN,MISS,401752711,2025-09-20T19:30:00.000Z,0,regular,10,45,1,0
4,2025-09-20,BALL,CONN,401757169,2025-09-20T19:30:00.000Z,0,regular,25,31,1,0
4,2025-09-20,MICH,NEB,401752846,2025-09-20T19:30:00.000Z,0,regular,30,27,1,0
4,2025-09-20,UL,EMU,401761610,2025-09-20T19:30:00.000Z,0,regular,31,34,1,0
4,2025-09-20,UNC,UCF,401754640,2025-09-20T19:30:00.000Z,0,regular,9,34,1,0
4,2025-09-20,KENT,FSU,401754541,2025-09-20T19:30:00.000Z,0,regular,10,66,1,0
4,2025-09-20,TOL,WMU,401762820,2025-09-20T19:30:00.000Z,0,regular,13,14,1,0
4,2025-09-20,JMU,LIB,401757262,2025-09-20T19:30:00.000Z,0,regular,31,13,1,0
4,2025-09-20,TROY,BUF,401761613,2025-09-20T19:30:00.000Z,0,regular,21,17,1,0
4,2025-09-20,NCSU,DUKE,401754538,2025-09-20T20:00:00.000Z,0,regular,33,45,1,0
4,2025-09-20,NIU,MSST,401752712,2025-09-20T20:15:00.000Z,0,regular,10,38,1,0
4,2025-09-20,TEM,GT,401754542,2025-09-20T20:30:00.000Z,0,regular,24,45,1,0
4,2025-09-20,IDHO,SJSU,401760375,2025-09-20T21:00:00.000Z,0,regular,28,31,1,0
4,2025-09-20,ARST,KENN,401757261,2025-09-20T22:00:00.000Z,0,regular,21,28,1,0
4,2025-09-20,DEL,FIU,401757259,2025-09-20T22:00:00.000Z,0,regular,38,16,1,0
4,2025-09-20,WVU,KU,401756899,2025-09-20T22:00:00.000Z,0,regular,10,41,1,0
4,2025-09-20,DUQ,AKR,401762821,2025-09-20T22:00:00.000Z,0,regular,7,51,1,0
4,2025-09-20,CCU,USA,401761611,2025-09-20T23:00:00.000Z,0,regular,38,20,1,0
4,2025-09-20,ME,GASO,401761609,2025-09-20T23:00:00.000Z,0,regular,17,45,1,0
4,2025-09-20,BOIS,AF,401760372,2025-09-20T23:00:00.000Z,0,regular,49,37,1,0
4,2025-09-20,MUR,JXST,401757260,2025-09-20T23:00:00.000Z,0,regular,10,45,1,0
4,2025-09-20,NEV,WKU,401757268,2025-09-20T23:00:00.000Z,0,regular,16,31,1,0
4,2025-09-20,SC,MIZ,401752713,2025-09-20T23:00:00.000Z,0,regular,20,29,1,0
4,2025-09-20,MRSH,MTSU,401757264,2025-09-20T23:00:00.000Z,0,regular,42,28,1,0
4,2025-09-20,UTM,MOST,401757265,2025-09-20T23:00:00.000Z,0,regular,10,42,1,0
4,2025-09-20,FLA,MIA,401752709,2025-09-20T23:30:00.000Z,0,regular,7,26,1,0
4,2025-09-20,ILL,IU,401752843,2025-09-20T23:30:00.000Z,0,regular,10,63,1,0
4,2025-09-20,ASU,BAY,401756896,2025-09-20T23:30:00.000Z,0,regular,27,24,1,0
4,2025-09-20,WASH,WSU,401752842,2025-09-20T23:30:00.000Z,0,regular,59,24,1,0
4,2025-09-20,BYU,ECU,401756898,2025-09-20T23:30:00.000Z,0,regular,34,13,1,0
4,2025-09-20,USM,LT,401757263,2025-09-20T23:30:00.000Z,0,regular,20,30,1,0
4,2025-09-20,GAST,VAN,401752716,2025-09-20T23:30:00.000Z,0,regular,21,70,1,0
4,2025-09-20,STAN,UVA,401754539,2025-09-20T23:30:00.000Z,0,regular,20,48,1,0
4,2025-09-20,SELA,LSU,401752710,2025-09-20T23:45:00.000Z,0,regular,10,56,1,0
4,2025-09-20,SHSU,TEX,401752723,2025-09-21T00:00:00.000Z,0,regular,0,55,1,0
4,2025-09-20,MCN,USU,401760377,2025-09-21T00:00:00.000Z,0,regular,7,48,1,0
4,2025-09-20,NICH,TXST,401761612,2025-09-21T00:00:00.000Z,0,regular,3,35,1,0
4,2025-09-20,ULM,UTEP,401757267,2025-09-21T01:00:00.000Z,0,regular,31,25,1,0
4,2025-09-20,UTSA,CSU,401760373,2025-09-21T01:30:00.000Z,0,regular,17,16,1,0
4,2025-09-20,WYO,COLO,401756897,2025-09-21T02:15:00.000Z,0,regular,20,37,1,0
4,2025-09-20,CAL,SDSU,401754540,2025-09-21T02:30:00.000Z,0,regular,0,34,1,0
4,2025-09-20,MSU,USC,401752847,2025-09-21T03:00:00.000Z,0,regular,31,45,1,0
4,2025-09-20,FRES,HAW,401760374,2025-09-21T03:59:00.000Z,0,regular,23,21,1,0
5,2025-09-25,ARMY,ECU,401762471,2025-09-25T23:30:00.000Z,0,regular,6,28,1,0
5,2025-09-26,FSU,UVA,401754543,2025-09-26T23:00:00.000Z,0,regular,38,46,1,0
5,2025-09-26,TCU,ASU,401756902,2025-09-27T01:00:00.000Z,0,regular,24,27,1,0
5,2025-09-26,HOU,ORST,401752939,2025-09-27T02:30:00.000Z,0,regular,27,24,1,0
5,2025-09-27,DUKE,SYR,401754545,2025-09-27T16:00:00.000Z,0,regular,38,3,1,0
5,2025-09-27,CIN,KU,401756905,2025-09-27T16:00:00.000Z,0,regular,37,34,1,0
5,2025-09-27,GT,WAKE,401754546,2025-09-27T16:00:00.000Z,0,regular,30,29,1,0
5,2025-09-27,USC,ILL,401752850,2025-09-27T16:00:00.000Z,0,regular,32,34,1,0
5,2025-09-27,UCF,KSU,401756906,2025-09-27T16:00:00.000Z,0,regular,20,34,1,0
5,2025-09-27,RUTG,MINN,401752849,2025-09-27T16:00:00.000Z,0,regular,28,31,1,0
5,2025-09-27,BGSU,OHIO,401762825,2025-09-27T16:00:00.000Z,0,regular,20,35,1,0
5,2025-09-27,LOU,PITT,401754547,2025-09-27T16:00:00.000Z,0,regular,34,27,1,0
5,2025-09-27,ND,ARK,401752717,2025-09-27T16:00:00.000Z,0,regular,56,13,1,0
5,2025-09-27,USA,UNT,401761617,2025-09-27T16:00:00.000Z,0,regular,22,36,1,0
5,2025-09-27,USU,VAN,401752725,2025-09-27T16:45:00.000Z,0,regular,35,55,1,0
5,2025-09-27,EMU,CMU,401762826,2025-09-27T17:00:00.000Z,0,regular,13,24,1,0
5,2025-09-27,GASO,JMU,401761614,2025-09-27T17:30:00.000Z,0,regular,10,35,1,0
5,2025-09-27,ARST,ULM,401761616,2025-09-27T19:00:00.000Z,0,regular,16,28,1,0
5,2025-09-27,CONN,BUF,401757170,2025-09-27T19:30:00.000Z,0,regular,20,17,1,0
5,2025-09-27,UTAH,WVU,401756908,2025-09-27T19:30:00.000Z,0,regular,48,14,1,0
5,2025-09-27,IU,IOWA,401752853,2025-09-27T19:30:00.000Z,0,regular,20,15,1,0
5,2025-09-27,CAL,BC,401754544,2025-09-27T19:30:00.000Z,0,regular,28,24,1,0
5,2025-09-27,LSU,MISS,401752719,2025-09-27T19:30:00.000Z,0,regular,19,24,1,0
5,2025-09-27,AKR,TOL,401762824,2025-09-27T19:30:00.000Z,0,regular,3,45,1,0
5,2025-09-27,AUB,TA&M,401752724,2025-09-27T19:30:00.000Z,0,regular,10,16,1,0
5,2025-09-27,RICE,NAVY,401762473,2025-09-27T19:30:00.000Z,0,regular,13,21,1,0
5,2025-09-27,OSU,WASH,401752852,2025-09-27T19:30:00.000Z,0,regular,24,6,1,0
5,2025-09-27,UCLA,NU,401752851,2025-09-27T19:30:00.000Z,0,regular,14,17,1,0
5,2025-09-27,SDSU,NIU,401760380,2025-09-27T19:30:00.000Z,0,regular,6,3,1,0
5,2025-09-27,BAY,OKST,401756907,2025-09-27T19:30:00.000Z,0,regular,45,27,1,0
5,2025-09-27,LIN,M-OH,401762827,2025-09-27T19:30:00.000Z,0,regular,0,38,1,0
5,2025-09-27,TULN,TLSA,401762474,2025-09-27T20:00:00.000Z,0,regular,31,14,1,0
5,2025-09-27,NMSU,UNM,401757274,2025-09-27T20:00:00.000Z,0,regular,20,38,1,0
5,2025-09-27,HAW,AF,401760378,2025-09-27T20:00:00.000Z,0,regular,44,35,1,0
5,2025-09-27,TENN,MSST,401752720,2025-09-27T20:15:00.000Z,0,regular,41,34,1,0
5,2025-09-27,LIB,ODU,401757271,2025-09-27T22:00:00.000Z,0,regular,7,21,1,0
5,2025-09-27,MTSU,KENN,401757270,2025-09-27T22:00:00.000Z,0,regular,16,24,1,0
5,2025-09-27,URI,WMU,401762828,2025-09-27T22:30:00.000Z,0,regular,14,47,1,0
5,2025-09-27,ARIZ,ISU,401756904,2025-09-27T23:00:00.000Z,0,regular,14,39,1,0
5,2025-09-27,MEM,FAU,401762472,2025-09-27T23:00:00.000Z,0,regular,55,26,1,0
5,2025-09-27,VT,NCSU,401754548,2025-09-27T23:00:00.000Z,0,regular,23,21,1,0
5,2025-09-27,JXST,USM,401757269,2025-09-27T23:00:00.000Z,0,regular,25,42,1,0
5,2025-09-27,WKU,MOST,401757273,2025-09-27T23:00:00.000Z,0,regular,27,22,1,0
5,2025-09-27,APP,BOIS,401760379,2025-09-27T23:30:00.000Z,0,regular,14,47,1,0
5,2025-09-27,MASS,MIZ,401752721,2025-09-27T23:30:00.000Z,0,regular,6,42,1,0
5,2025-09-27,ALA,UGA,401752718,2025-09-27T23:30:00.000Z,0,regular,24,21,1,0
5,2025-09-27,SJSU,STAN,401754549,2025-09-27T23:30:00.000Z,0,regular,29,30,1,0
5,2025-09-27,ORE,PSU,401752854,2025-09-27T23:30:00.000Z,0,regular,30,24,1,0
5,2025-09-27,WSU,CSU,401752950,2025-09-27T23:30:00.000Z,0,regular,20,3,1,0
5,2025-09-27,UK,SC,401752722,2025-09-27T23:45:00.000Z,0,regular,13,35,1,0
5,2025-09-27,MRSH,UL,401761615,2025-09-28T00:00:00.000Z,0,regular,51,54,1,0
5,2025-09-27,LT,UTEP,401757272,2025-09-28T01:00:00.000Z,0,regular,30,11,1,0
5,2025-09-27,BYU,COLO,401756903,2025-09-28T02:15:00.000Z,0,regular,24,21,1,0
6,2025-10-02,SHSU,NMSU,401757275,2025-10-03T01:00:00.000Z,0,regular,10,37,1,0
6,2025-10-03,CLT,USF,401762475,2025-10-03T23:00:00.000Z,0,regular,26,54,1,0
6,2025-10-03,WKU,DEL,401757276,2025-10-03T23:00:00.000Z,0,regular,27,24,1,0
6,2025-10-03,UNM,SJSU,401760384,2025-10-04T02:00:00.000Z,0,regular,28,35,1,0
6,2025-10-03,CSU,SDSU,401760382,2025-10-04T02:30:00.000Z,0,regular,24,45,1,0
6,2025-10-03,WVU,BYU,401756909,2025-10-04T02:30:00.000Z,0,regular,24,38,1,0
6,2025-10-04,UK,UGA,401752728,2025-10-04T16:00:00.000Z,0,regular,14,35,1,0
6,2025-10-04,OHIO,BALL,401762830,2025-10-04T16:00:00.000Z,0,regular,14,20,1,0
6,2025-10-04,ISU,CIN,401756912,2025-10-04T16:00:00.000Z,0,regular,30,38,1,0
6,2025-10-04,ILL,PUR,401752861,2025-10-04T16:00:00.000Z,0,regular,43,27,1,0
6,2025-10-04,KSU,BAY,401756911,2025-10-04T16:00:00.000Z,0,regular,34,35,1,0
6,2025-10-04,AF,NAVY,401760381,2025-10-04T16:00:00.000Z,0,regular,31,34,1,0
6,2025-10-04,WIS,MICH,401752856,2025-10-04T16:00:00.000Z,0,regular,10,24,1,0
6,2025-10-04,ARMY,UAB,401762476,2025-10-04T16:00:00.000Z,0,regular,31,13,1,0
6,2025-10-04,CLEM,UNC,401754552,2025-10-04T16:00:00.000Z,0,regular,38,10,1,0
6,2025-10-04,BC,PITT,401754550,2025-10-04T16:00:00.000Z,0,regular,7,48,1,0
6,2025-10-04,WAKE,VT,401754556,2025-10-04T17:00:00.000Z,0,regular,30,23,1,0
6,2025-10-04,UTSA,TEM,401762479,2025-10-04T17:00:00.000Z,0,regular,21,27,1,0
6,2025-10-04,CAM,NCSU,401754557,2025-10-04T18:00:00.000Z,0,regular,10,56,1,0
6,2025-10-04,WMU,MASS,401762832,2025-10-04T18:30:00.000Z,0,regular,21,3,1,0
6,2025-10-04,OKST,ARIZ,401756910,2025-10-04T19:00:00.000Z,0,regular,13,41,1,0
6,2025-10-04,M-OH,NIU,401762873,2025-10-04T19:30:00.000Z,0,regular,25,14,1,0
6,2025-10-04,WASH,MD,401752857,2025-10-04T19:30:00.000Z,0,regular,24,20,1,0
6,2025-10-04,SYR,SMU,401754555,2025-10-04T19:30:00.000Z,0,regular,18,31,1,0
6,2025-10-04,ULM,NU,401752858,2025-10-04T19:30:00.000Z,0,regular,7,42,1,0
6,2025-10-04,EMU,BUF,401762831,2025-10-04T19:30:00.000Z,0,regular,30,31,1,0
6,2025-10-04,ORST,APP,401752940,2025-10-04T19:30:00.000Z,0,regular,23,27,1,0
6,2025-10-04,TEX,FLA,401752727,2025-10-04T19:30:00.000Z,0,regular,21,29,1,0
6,2025-10-04,FIU,CONN,401757171,2025-10-04T19:30:00.000Z,0,regular,10,51,1,0
6,2025-10-04,BOIS,ND,401757165,2025-10-04T19:30:00.000Z,0,regular,7,28,1,0
6,2025-10-04,CMU,AKR,401762829,2025-10-04T19:30:00.000Z,0,regular,22,28,1,0
6,2025-10-04,PSU,UCLA,401752855,2025-10-04T19:30:00.000Z,0,regular,37,42,1,0
6,2025-10-04,UVA,LOU,401754554,2025-10-04T19:30:00.000Z,0,regular,30,27,1,0
6,2025-10-04,VAN,ALA,401752726,2025-10-04T19:30:00.000Z,0,regular,14,30,1,0
6,2025-10-04,JMU,GAST,401761618,2025-10-04T19:30:00.000Z,0,regular,14,7,1,0
6,2025-10-04,KENT,OU,401752729,2025-10-04T20:00:00.000Z,0,regular,0,44,1,0
6,2025-10-04,MSU,NEB,401752860,2025-10-04T20:00:00.000Z,0,regular,27,38,1,0
6,2025-10-04,TXST,ARST,401761620,2025-10-04T20:00:00.000Z,0,regular,30,31,1,0
6,2025-10-04,CCU,ODU,401761619,2025-10-04T22:00:00.000Z,0,regular,7,47,1,0
6,2025-10-04,UNLV,WYO,401760385,2025-10-04T23:00:00.000Z,0,regular,31,17,1,0
6,2025-10-04,USA,TROY,401761621,2025-10-04T23:00:00.000Z,0,regular,24,31,1,0
6,2025-10-04,TTU,HOU,401756913,2025-10-04T23:00:00.000Z,0,regular,35,11,1,0
6,2025-10-04,FAU,RICE,401762477,2025-10-04T23:00:00.000Z,0,regular,27,21,1,0
6,2025-10-04,MIA,FSU,401754553,2025-10-04T23:30:00.000Z,0,regular,28,22,1,0
6,2025-10-04,MSST,TA&M,401752730,2025-10-04T23:30:00.000Z,0,regular,9,31,1,0
6,2025-10-04,KU,UCF,401756915,2025-10-04T23:30:00.000Z,0,regular,27,20,1,0
6,2025-10-04,MINN,OSU,401752859,2025-10-04T23:30:00.000Z,0,regular,3,42,1,0
6,2025-10-04,COLO,TCU,401756914,2025-10-04T23:30:00.000Z,0,regular,21,35,1,0
6,2025-10-04,TLSA,MEM,401762478,2025-10-05T00:00:00.000Z,0,regular,7,45,1,0
6,2025-10-04,NEV,FRES,401760383,2025-10-05T02:30:00.000Z,0,regular,17,20,1,0
6,2025-10-04,DUKE,CAL,401754551,2025-10-05T02:30:00.000Z,0,regular,45,21,1,0
7,2025-10-08,MOST,MTSU,401757278,2025-10-08T23:30:00.000Z,0,regular,22,20,1,0
7,2025-10-08,LIB,UTEP,401757277,2025-10-09T00:00:00.000Z,0,regular,19,8,1,0
7,2025-10-09,LT,KENN,401757280,2025-10-09T23:00:00.000Z,0,regular,7,35,1,0
7,2025-10-09,ECU,TULN,401762480,2025-10-09T23:30:00.000Z,0,regular,19,26,1,0
7,2025-10-09,USM,GASO,401761622,2025-10-10T00:00:00.000Z,0,regular,38,35,1,0
7,2025-10-09,JXST,SHSU,401757279,2025-10-10T00:00:00.000Z,1,regular,29,27,1,0
7,2025-10-10,USF,UNT,401762481,2025-10-10T23:30:00.000Z,0,regular,63,36,1,0
7,2025-10-10,RUTG,WASH,401752862,2025-10-11T01:00:00.000Z,0,regular,19,38,1,0
7,2025-10-10,FRES,CSU,401760388,2025-10-11T01:00:00.000Z,0,regular,21,49,1,0
7,2025-10-11,TOL,BGSU,401762835,2025-10-11T16:00:00.000Z,0,regular,23,28,1,0
7,2025-10-11,UCLA,MSU,401752863,2025-10-11T16:00:00.000Z,0,regular,38,13,1,0
7,2025-10-11,M-OH,AKR,401762833,2025-10-11T16:00:00.000Z,0,regular,20,7,1,0
7,2025-10-11,PITT,FSU,401754559,2025-10-11T16:00:00.000Z,0,regular,34,31,1,0
7,2025-10-11,STAN,SMU,401754561,2025-10-11T16:00:00.000Z,0,regular,10,34,1,0
7,2025-10-11,ALA,MIZ,401752734,2025-10-11T16:00:00.000Z,0,regular,27,24,1,0
7,2025-10-11,HOU,OKST,401756920,2025-10-11T16:00:00.000Z,0,regular,39,17,1,0
7,2025-10-11,CLT,ARMY,401762483,2025-10-11T16:00:00.000Z,0,regular,7,24,1,0
7,2025-10-11,UCF,CIN,401756917,2025-10-11T16:00:00.000Z,0,regular,11,20,1,0
7,2025-10-11,OSU,ILL,401752865,2025-10-11T16:00:00.000Z,0,regular,34,16,1,0
7,2025-10-11,UL,JMU,401761625,2025-10-11T16:00:00.000Z,0,regular,14,24,1,0
7,2025-10-11,WSU,MISS,401752733,2025-10-11T16:45:00.000Z,0,regular,21,24,1,0
7,2025-10-11,NIU,EMU,401762836,2025-10-11T17:00:00.000Z,0,regular,10,16,1,0
7,2025-10-11,MASS,KENT,401762837,2025-10-11T18:30:00.000Z,0,regular,6,42,1,0
7,2025-10-11,IU,ORE,401752870,2025-10-11T19:30:00.000Z,0,regular,30,20,1,0
7,2025-10-11,BALL,WMU,401762834,2025-10-11T19:30:00.000Z,0,regular,0,42,1,0
7,2025-10-11,TCU,KSU,401756919,2025-10-11T19:30:00.000Z,0,regular,28,41,1,0
7,2025-10-11,AF,UNLV,401760386,2025-10-11T19:30:00.000Z,0,regular,48,51,1,0
7,2025-10-11,WAKE,ORST,401754563,2025-10-11T19:30:00.000Z,0,regular,39,14,1,0
7,2025-10-11,ISU,COLO,401756918,2025-10-11T19:30:00.000Z,0,regular,17,24,1,0
7,2025-10-11,VT,GT,401754560,2025-10-11T19:30:00.000Z,0,regular,20,35,1,0
7,2025-10-11,OU,TEX,401752736,2025-10-11T19:30:00.000Z,1,regular,6,23,1,0
7,2025-10-11,ODU,MRSH,401761626,2025-10-11T19:30:00.000Z,0,regular,24,48,1,0
7,2025-10-11,NEB,MD,401752867,2025-10-11T19:30:00.000Z,0,regular,34,31,1,0
7,2025-10-11,NU,PSU,401752866,2025-10-11T19:30:00.000Z,0,regular,22,21,1,0
7,2025-10-11,APP,GAST,401761624,2025-10-11T19:30:00.000Z,0,regular,41,20,1,0
7,2025-10-11,NCSU,ND,401754562,2025-10-11T19:30:00.000Z,0,regular,7,36,1,0
7,2025-10-11,NAVY,TEM,401762484,2025-10-11T20:00:00.000Z,0,regular,32,31,1,0
7,2025-10-11,ARK,TENN,401752735,2025-10-11T20:15:00.000Z,0,regular,31,34,1,0
7,2025-10-11,UAB,FAU,401762482,2025-10-11T22:00:00.000Z,0,regular,33,53,1,0
7,2025-10-11,FLA,TA&M,401752737,2025-10-11T23:00:00.000Z,0,regular,17,34,1,0
7,2025-10-11,SJSU,WYO,401760391,2025-10-11T23:00:00.000Z,0,regular,28,35,1,0
7,2025-10-11,ULM,CCU,401761623,2025-10-11T23:00:00.000Z,0,regular,8,23,1,0
7,2025-10-11,IOWA,WIS,401752869,2025-10-11T23:00:00.000Z,0,regular,37,0,1,0
7,2025-10-11,KU,TTU,401756921,2025-10-11T23:30:00.000Z,0,regular,17,42,1,0
7,2025-10-11,MICH,USC,401752868,2025-10-11T23:30:00.000Z,0,regular,13,31,1,0
7,2025-10-11,PUR,MINN,401752864,2025-10-11T23:30:00.000Z,0,regular,20,27,1,0
7,2025-10-11,RICE,UTSA,401762485,2025-10-11T23:30:00.000Z,0,regular,13,61,1,0
7,2025-10-11,CLEM,BC,401754558,2025-10-11T23:30:00.000Z,0,regular,41,10,1,0
7,2025-10-11,UGA,AUB,401752731,2025-10-11T23:30:00.000Z,0,regular,20,10,1,0
7,2025-10-11,SC,LSU,401752732,2025-10-11T23:45:00.000Z,0,regular,10,20,1,0
7,2025-10-11,TROY,TXST,401761627,2025-10-12T00:00:00.000Z,0,regular,48,41,1,0
7,2025-10-11,BYU,ARIZ,401756916,2025-10-12T00:00:00.000Z,0,regular,33,27,1,0
7,2025-10-11,UNM,BOIS,401760387,2025-10-12T01:45:00.000Z,0,regular,25,41,1,0
7,2025-10-11,ASU,UTAH,401756922,2025-10-12T02:15:00.000Z,0,regular,10,42,1,0
7,2025-10-11,SDSU,NEV,401760390,2025-10-12T02:30:00.000Z,0,regular,44,10,1,0
7,2025-10-11,USU,HAW,401760389,2025-10-12T03:59:00.000Z,0,regular,26,44,1,0
8,2025-10-14,NMSU,LIB,401757282,2025-10-14T23:00:00.000Z,0,regular,27,30,1,0
8,2025-10-14,ARST,USA,401761628,2025-10-14T23:30:00.000Z,0,regular,15,14,1,0
8,2025-10-14,FIU,WKU,401757281,2025-10-15T00:00:00.000Z,0,regular,25,6,1,0
8,2025-10-15,UTEP,SHSU,401757284,2025-10-15T23:00:00.000Z,1,regular,35,17,1,0
8,2025-10-15,DEL,JXST,401757283,2025-10-15T23:00:00.000Z,0,regular,25,38,1,0
8,2025-10-16,TLSA,ECU,401762486,2025-10-16T23:30:00.000Z,0,regular,27,41,1,0
8,2025-10-17,LOU,MIA,401754564,2025-10-17T23:00:00.000Z,0,regular,24,21,1,0
8,2025-10-17,NEB,MINN,401752872,2025-10-18T00:00:00.000Z,0,regular,6,24,1,0
8,2025-10-17,SJSU,USU,401760396,2025-10-18T01:00:00.000Z,0,regular,25,30,1,0
8,2025-10-17,UNC,CAL,401754371,2025-10-18T02:30:00.000Z,0,regular,18,21,1,0
8,2025-10-18,ARIZ,HOU,401756925,2025-10-18T16:00:00.000Z,0,regular,28,31,1,0
8,2025-10-18,CMU,BGSU,401762839,2025-10-18T16:00:00.000Z,0,regular,27,6,1,0
8,2025-10-18,BAY,TCU,401756927,2025-10-18T16:00:00.000Z,0,regular,36,42,1,0
8,2025-10-18,LSU,VAN,401752745,2025-10-18T16:00:00.000Z,0,regular,24,31,1,0
8,2025-10-18,CONN,BC,401754569,2025-10-18T16:00:00.000Z,0,regular,38,23,1,0
8,2025-10-18,WASH,MICH,401752873,2025-10-18T16:00:00.000Z,0,regular,7,24,1,0
8,2025-10-18,ARMY,TULN,401762488,2025-10-18T16:00:00.000Z,0,regular,17,24,1,0
8,2025-10-18,EMU,M-OH,401762841,2025-10-18T16:00:00.000Z,0,regular,30,44,1,0
8,2025-10-18,GT,DUKE,401754566,2025-10-18T16:00:00.000Z,0,regular,27,18,1,0
8,2025-10-18,OU,SC,401752744,2025-10-18T16:45:00.000Z,0,regular,26,7,1,0
8,2025-10-18,WVU,UCF,401756928,2025-10-18T17:00:00.000Z,0,regular,13,45,1,0
8,2025-10-18,KENT,TOL,401762842,2025-10-18T18:00:00.000Z,0,regular,10,45,1,0
8,2025-10-18,BUF,MASS,401762840,2025-10-18T18:30:00.000Z,0,regular,28,21,1,0
8,2025-10-18,TROY,ULM,401761633,2025-10-18T19:00:00.000Z,0,regular,37,14,1,0
8,2025-10-18,PUR,NU,401752874,2025-10-18T19:00:00.000Z,0,regular,0,19,1,0
8,2025-10-18,ODU,JMU,401761631,2025-10-18T19:30:00.000Z,0,regular,27,63,1,0
8,2025-10-18,TA&M,ARK,401752739,2025-10-18T19:30:00.000Z,0,regular,45,42,1,0
8,2025-10-18,MISS,UGA,401752742,2025-10-18T19:30:00.000Z,0,regular,35,43,1,0
8,2025-10-18,OSU,WIS,401752877,2025-10-18T19:30:00.000Z,0,regular,34,0,1,0
8,2025-10-18,AKR,BALL,401762838,2025-10-18T19:30:00.000Z,0,regular,28,42,1,0
8,2025-10-18,MSU,IU,401752878,2025-10-18T19:30:00.000Z,0,regular,13,38,1,0
8,2025-10-18,CCU,APP,401761629,2025-10-18T19:30:00.000Z,0,regular,45,37,1,0
8,2025-10-18,SMU,CLEM,401754565,2025-10-18T19:30:00.000Z,0,regular,35,24,1,0
8,2025-10-18,UNLV,BOIS,401760393,2025-10-18T19:30:00.000Z,0,regular,31,56,1,0
8,2025-10-18,UTSA,UNT,401762491,2025-10-18T19:30:00.000Z,0,regular,17,55,1,0
8,2025-10-18,NIU,OHIO,401762843,2025-10-18T19:30:00.000Z,0,regular,21,48,1,0
8,2025-10-18,TXST,MRSH,401761632,2025-10-18T19:30:00.000Z,0,regular,37,40,1,0
8,2025-10-18,WYO,AF,401760392,2025-10-18T19:30:00.000Z,0,regular,21,24,1,0
8,2025-10-18,TEM,CLT,401762489,2025-10-18T19:30:00.000Z,0,regular,49,14,1,0
8,2025-10-18,MEM,UAB,401762487,2025-10-18T20:00:00.000Z,0,regular,24,31,1,0
8,2025-10-18,TTU,ASU,401756923,2025-10-18T20:00:00.000Z,0,regular,22,26,1,0
8,2025-10-18,MSST,FLA,401752741,2025-10-18T20:15:00.000Z,0,regular,21,23,1,0
8,2025-10-18,USM,UL,401761668,2025-10-18T21:00:00.000Z,0,regular,22,10,1,0
8,2025-10-18,ORE,RUTG,401752876,2025-10-18T22:30:00.000Z,0,regular,56,10,1,0
8,2025-10-18,WSU,UVA,401752951,2025-10-18T22:30:00.000Z,0,regular,20,22,1,0
8,2025-10-18,TEX,UK,401752743,2025-10-18T23:00:00.000Z,0,regular,16,13,1,0
8,2025-10-18,GAST,GASO,401761630,2025-10-18T23:00:00.000Z,0,regular,24,41,1,0
8,2025-10-18,MD,UCLA,401752879,2025-10-18T23:00:00.000Z,0,regular,17,20,1,0
8,2025-10-18,HAW,CSU,401760394,2025-10-18T23:00:00.000Z,0,regular,31,19,1,0
8,2025-10-18,PSU,IOWA,401752875,2025-10-18T23:00:00.000Z,0,regular,24,25,1,0
8,2025-10-18,PITT,SYR,401754568,2025-10-18T23:30:00.000Z,0,regular,30,13,1,0
8,2025-10-18,FAU,USF,401762490,2025-10-18T23:30:00.000Z,0,regular,13,48,1,0
8,2025-10-18,TENN,ALA,401752738,2025-10-18T23:30:00.000Z,0,regular,20,37,1,0
8,2025-10-18,USC,ND,401752871,2025-10-18T23:30:00.000Z,0,regular,24,34,1,0
8,2025-10-18,MIZ,AUB,401752740,2025-10-18T23:45:00.000Z,0,regular,23,17,1,0
8,2025-10-18,UTAH,BYU,401756924,2025-10-19T00:00:00.000Z,0,regular,21,24,1,0
8,2025-10-18,CIN,OKST,401756926,2025-10-19T00:00:00.000Z,0,regular,49,17,1,0
8,2025-10-18,NEV,UNM,401760395,2025-10-19T01:45:00.000Z,0,regular,22,24,1,0
8,2025-10-18,LAF,ORST,401752941,2025-10-19T02:00:00.000Z,0,regular,13,45,1,0
8,2025-10-18,FSU,STAN,401754567,2025-10-19T02:30:00.000Z,0,regular,13,20,1,0
9,2025-10-21,KENN,FIU,401757285,2025-10-21T23:00:00.000Z,0,regular,45,26,1,0
9,2025-10-21,WKU,LT,401757286,2025-10-21T23:30:00.000Z,0,regular,28,27,1,0
9,2025-10-22,MTSU,DEL,401757287,2025-10-22T23:30:00.000Z,0,regular,28,31,1,0
9,2025-10-22,MOST,NMSU,401757288,2025-10-23T01:00:00.000Z,0,regular,24,17,1,0
9,2025-10-23,USA,GAST,401761634,2025-10-23T23:30:00.000Z,0,regular,38,31,1,0
9,2025-10-24,UNT,CLT,401762492,2025-10-24T23:00:00.000Z,0,regular,54,20,1,0
9,2025-10-24,CAL,VT,401754372,2025-10-24T23:30:00.000Z,0,regular,34,42,1,0
9,2025-10-24,BOIS,NEV,401760397,2025-10-25T02:00:00.000Z,0,regular,24,3,1,0
9,2025-10-25,USF,MEM,401762494,2025-10-25T16:00:00.000Z,0,regular,31,34,1,0
9,2025-10-25,OHIO,EMU,401762848,2025-10-25T16:00:00.000Z,0,regular,28,21,1,0
9,2025-10-25,SYR,GT,401754571,2025-10-25T16:00:00.000Z,0,regular,16,41,1,0
9,2025-10-25,BGSU,KENT,401762846,2025-10-25T16:00:00.000Z,0,regular,21,24,1,0
9,2025-10-25,MISS,OU,401752750,2025-10-25T16:00:00.000Z,0,regular,34,26,1,0
9,2025-10-25,NU,NEB,401752883,2025-10-25T16:00:00.000Z,0,regular,21,28,1,0
9,2025-10-25,APP,ODU,401761635,2025-10-25T16:00:00.000Z,0,regular,21,24,1,0
9,2025-10-25,SMU,WAKE,401752942,2025-10-25T16:00:00.000Z,0,regular,12,13,1,0
9,2025-10-25,UVA,UNC,401754573,2025-10-25T16:00:00.000Z,0,regular,17,16,1,0
9,2025-10-25,RUTG,PUR,401752884,2025-10-25T16:00:00.000Z,0,regular,27,24,1,0
9,2025-10-25,KSU,KU,401756932,2025-10-25T16:00:00.000Z,0,regular,42,17,1,0
9,2025-10-25,UCLA,IU,401752885,2025-10-25T16:00:00.000Z,0,regular,6,56,1,0
9,2025-10-25,AUB,ARK,401752746,2025-10-25T16:45:00.000Z,0,regular,33,24,1,0
9,2025-10-25,AKR,BUF,401762844,2025-10-25T17:00:00.000Z,0,regular,24,16,1,0
9,2025-10-25,USU,UNM,401760400,2025-10-25T19:00:00.000Z,0,regular,14,33,1,0
9,2025-10-25,CONN,RICE,401757172,2025-10-25T19:00:00.000Z,0,regular,34,37,1,0
9,2025-10-25,ILL,WASH,401752880,2025-10-25T19:30:00.000Z,0,regular,25,42,1,0
9,2025-10-25,TOL,WSU,401752952,2025-10-25T19:30:00.000Z,0,regular,7,28,1,0
9,2025-10-25,NCSU,PITT,401754574,2025-10-25T19:30:00.000Z,0,regular,34,53,1,0
9,2025-10-25,SDSU,FRES,401760399,2025-10-25T19:30:00.000Z,0,regular,23,0,1,0
9,2025-10-25,ALA,SC,401752751,2025-10-25T19:30:00.000Z,0,regular,29,22,1,0
9,2025-10-25,BALL,NIU,401762845,2025-10-25T19:30:00.000Z,0,regular,7,21,1,0
9,2025-10-25,TEM,TLSA,401762495,2025-10-25T19:30:00.000Z,0,regular,38,37,1,0
9,2025-10-25,MIZ,VAN,401752752,2025-10-25T19:30:00.000Z,0,regular,10,17,1,0
9,2025-10-25,MASS,CMU,401762847,2025-10-25T19:30:00.000Z,0,regular,13,38,1,0
9,2025-10-25,WMU,M-OH,401762874,2025-10-25T19:30:00.000Z,0,regular,17,26,1,0
9,2025-10-25,BYU,ISU,401756931,2025-10-25T19:30:00.000Z,0,regular,41,27,1,0
9,2025-10-25,FAU,NAVY,401762493,2025-10-25T19:30:00.000Z,0,regular,32,42,1,0
9,2025-10-25,MINN,IOWA,401752882,2025-10-25T19:30:00.000Z,0,regular,3,41,1,0
9,2025-10-25,ULM,USM,401761637,2025-10-25T19:30:00.000Z,0,regular,21,49,1,0
9,2025-10-25,BAY,CIN,401756930,2025-10-25T20:00:00.000Z,0,regular,20,41,1,0
9,2025-10-25,OKST,TTU,401756933,2025-10-25T20:00:00.000Z,0,regular,0,42,1,0
9,2025-10-25,TEX,MSST,401752749,2025-10-25T20:15:00.000Z,0,regular,45,38,1,0
9,2025-10-25,TCU,WVU,401756935,2025-10-25T22:00:00.000Z,0,regular,23,17,1,0
9,2025-10-25,STAN,MIA,401754572,2025-10-25T23:00:00.000Z,0,regular,7,42,1,0
9,2025-10-25,UL,TROY,401761638,2025-10-25T23:00:00.000Z,0,regular,23,35,1,0
9,2025-10-25,GASO,ARST,401761636,2025-10-25T23:00:00.000Z,0,regular,24,34,1,0
9,2025-10-25,WIS,ORE,401752886,2025-10-25T23:00:00.000Z,0,regular,7,21,1,0
9,2025-10-25,MICH,MSU,401752881,2025-10-25T23:30:00.000Z,0,regular,31,20,1,0
9,2025-10-25,BC,LOU,401754570,2025-10-25T23:30:00.000Z,0,regular,24,38,1,0
9,2025-10-25,CSU,WYO,401760398,2025-10-25T23:30:00.000Z,0,regular,0,28,1,0
9,2025-10-25,TA&M,LSU,401752748,2025-10-25T23:30:00.000Z,0,regular,49,25,1,0
9,2025-10-25,TENN,UK,401752747,2025-10-25T23:45:00.000Z,0,regular,56,34,1,0
9,2025-10-25,HOU,ASU,401756929,2025-10-26T00:00:00.000Z,0,regular,24,16,1,0
9,2025-10-25,COLO,UTAH,401756934,2025-10-26T02:15:00.000Z,0,regular,7,53,1,0
10,2025-10-28,JMU,TXST,401761639,2025-10-29T00:00:00.000Z,0,regular,52,20,1,0
10,2025-10-28,UTEP,KENN,401757289,2025-10-29T00:00:00.000Z,0,regular,20,33,1,0
10,2025-10-29,JXST,MTSU,401757292,2025-10-29T23:30:00.000Z,0,regular,24,21,1,0
10,2025-10-29,FIU,MOST,401757291,2025-10-30T00:00:00.000Z,0,regular,21,28,1,0
10,2025-10-30,TULN,UTSA,401762443,2025-10-30T23:30:00.000Z,0,regular,26,48,1,0
10,2025-10-30,MRSH,CCU,401761640,2025-10-30T23:30:00.000Z,0,regular,27,44,1,0
10,2025-10-31,MEM,RICE,401762497,2025-10-31T23:00:00.000Z,0,regular,38,14,1,0
10,2025-10-31,UNC,SYR,401754575,2025-10-31T23:30:00.000Z,0,regular,27,10,1,0
10,2025-10-31,SHSU,LT,401757290,2025-11-01T00:00:00.000Z,0,regular,14,55,1,0
10,2025-11-01,NAVY,UNT,401762499,2025-11-01T16:00:00.000Z,0,regular,17,31,1,0
10,2025-11-01,MIA,SMU,401754581,2025-11-01T16:00:00.000Z,0,regular,20,26,1,0
10,2025-11-01,ARMY,AF,401760401,2025-11-01T16:00:00.000Z,0,regular,20,17,1,0
10,2025-11-01,UAB,CONN,401757173,2025-11-01T16:00:00.000Z,0,regular,19,38,1,0
10,2025-11-01,PSU,OSU,401752889,2025-11-01T16:00:00.000Z,0,regular,14,38,1,0
10,2025-11-01,RUTG,ILL,401752891,2025-11-01T16:00:00.000Z,0,regular,13,35,1,0
10,2025-11-01,WVU,HOU,401756938,2025-11-01T16:00:00.000Z,0,regular,45,35,1,0
10,2025-11-01,UCF,BAY,401756936,2025-11-01T16:00:00.000Z,0,regular,3,30,1,0
10,2025-11-01,BUF,BGSU,401762849,2025-11-01T16:00:00.000Z,0,regular,28,3,1,0
10,2025-11-01,VAN,TEX,401752758,2025-11-01T16:00:00.000Z,0,regular,31,34,1,0
10,2025-11-01,DUKE,CLEM,401754577,2025-11-01T16:00:00.000Z,0,regular,46,45,1,0
10,2025-11-01,ASU,ISU,401756939,2025-11-01T17:00:00.000Z,0,regular,24,19,1,0
10,2025-11-01,ECU,TEM,401762498,2025-11-01T18:00:00.000Z,0,regular,45,14,1,0
10,2025-11-01,UNM,UNLV,401760404,2025-11-01T19:00:00.000Z,0,regular,40,35,1,0
10,2025-11-01,LOU,VT,401754580,2025-11-01T19:00:00.000Z,0,regular,28,16,1,0
10,2025-11-01,PITT,STAN,401754582,2025-11-01T19:30:00.000Z,0,regular,35,20,1,0
10,2025-11-01,ND,BC,401754583,2025-11-01T19:30:00.000Z,0,regular,25,10,1,0
10,2025-11-01,NMSU,WKU,401757294,2025-11-01T19:30:00.000Z,0,regular,16,35,1,0
10,2025-11-01,ODU,ULM,401761641,2025-11-01T19:30:00.000Z,0,regular,31,6,1,0
10,2025-11-01,UL,USA,401761642,2025-11-01T19:30:00.000Z,0,regular,31,22,1,0
10,2025-11-01,MSU,MINN,401752888,2025-11-01T19:30:00.000Z,0,regular,20,23,1,0
10,2025-11-01,IU,MD,401752887,2025-11-01T19:30:00.000Z,0,regular,55,10,1,0
10,2025-11-01,FRES,BOIS,401760402,2025-11-01T19:30:00.000Z,0,regular,30,7,1,0
10,2025-11-01,TTU,KSU,401756941,2025-11-01T19:30:00.000Z,0,regular,43,20,1,0
10,2025-11-01,DEL,LIB,401757293,2025-11-01T19:30:00.000Z,0,regular,30,59,1,0
10,2025-11-01,UGA,FLA,401752755,2025-11-01T19:30:00.000Z,1,regular,24,20,1,0
10,2025-11-01,UVA,CAL,401754576,2025-11-01T19:45:00.000Z,0,regular,31,21,1,0
10,2025-11-01,OKST,KU,401756940,2025-11-01T20:00:00.000Z,0,regular,21,38,1,0
10,2025-11-01,CMU,WMU,401762850,2025-11-01T20:00:00.000Z,0,regular,21,24,1,0
10,2025-11-01,MSST,ARK,401752753,2025-11-01T20:00:00.000Z,0,regular,38,35,1,0
10,2025-11-01,WYO,SDSU,401760405,2025-11-01T23:00:00.000Z,0,regular,7,24,1,0
10,2025-11-01,SC,MISS,401752756,2025-11-01T23:00:00.000Z,0,regular,14,30,1,0
10,2025-11-01,ARIZ,COLO,401756937,2025-11-01T23:00:00.000Z,0,regular,52,17,1,0
10,2025-11-01,PUR,MICH,401752890,2025-11-01T23:00:00.000Z,0,regular,16,21,1,0
10,2025-11-01,OU,TENN,401752757,2025-11-01T23:30:00.000Z,0,regular,33,27,1,0
10,2025-11-01,GT,NCSU,401754579,2025-11-01T23:30:00.000Z,0,regular,36,48,1,0
10,2025-11-01,USC,NEB,401752892,2025-11-01T23:30:00.000Z,0,regular,21,17,1,0
10,2025-11-01,WAKE,FSU,401754578,2025-11-01T23:30:00.000Z,0,regular,7,42,1,0
10,2025-11-01,WSU,ORST,401752943,2025-11-01T23:30:00.000Z,0,regular,7,10,1,0
10,2025-11-01,UK,AUB,401752754,2025-11-01T23:30:00.000Z,0,regular,10,3,1,0
10,2025-11-01,ARST,TROY,401761643,2025-11-02T00:00:00.000Z,0,regular,23,10,1,0
10,2025-11-01,CIN,UTAH,401756942,2025-11-02T02:15:00.000Z,0,regular,14,45,1,0
10,2025-11-01,HAW,SJSU,401760403,2025-11-02T02:30:00.000Z,0,regular,38,45,1,0
11,2025-11-04,M-OH,OHIO,401762852,2025-11-05T00:00:00.000Z,0,regular,20,24,1,0
11,2025-11-04,MASS,AKR,401762851,2025-11-05T00:00:00.000Z,0,regular,10,44,1,0
11,2025-11-05,KENT,BALL,401762853,2025-11-06T00:00:00.000Z,0,regular,13,17,1,0
11,2025-11-05,NIU,TOL,401762854,2025-11-06T00:00:00.000Z,0,regular,3,42,1,0
11,2025-11-06,UTSA,USF,401762500,2025-11-07T00:30:00.000Z,0,regular,23,55,1,0
11,2025-11-06,GASO,APP,401761644,2025-11-07T00:30:00.000Z,0,regular,25,23,1,0
11,2025-11-07,HOU,UCF,401756946,2025-11-08T01:00:00.000Z,0,regular,30,27,1,0
11,2025-11-07,TULN,MEM,401762501,2025-11-08T02:00:00.000Z,0,regular,38,32,1,0
11,2025-11-07,NU,USC,401752896,2025-11-08T02:00:00.000Z,0,regular,17,38,1,0
11,2025-11-08,USM,ARST,401761647,2025-11-08T17:00:00.000Z,0,regular,27,21,1,0
11,2025-11-08,COLO,WVU,401756947,2025-11-08T17:00:00.000Z,0,regular,22,29,1,0
11,2025-11-08,JMU,MRSH,401761646,2025-11-08T17:00:00.000Z,0,regular,35,23,1,0
11,2025-11-08,BYU,TTU,401756945,2025-11-08T17:00:00.000Z,0,regular,7,29,1,0
11,2025-11-08,SMU,BC,401754584,2025-11-08T17:00:00.000Z,0,regular,45,13,1,0
11,2025-11-08,TEM,ARMY,401762503,2025-11-08T17:00:00.000Z,0,regular,13,14,1,0
11,2025-11-08,UGA,MSST,401752762,2025-11-08T17:00:00.000Z,0,regular,41,21,1,0
11,2025-11-08,IU,PSU,401752893,2025-11-08T17:00:00.000Z,0,regular,27,24,1,0
11,2025-11-08,MOST,LIB,401757299,2025-11-08T18:00:00.000Z,0,regular,21,17,1,0
11,2025-11-08,BGSU,EMU,401762855,2025-11-08T18:00:00.000Z,0,regular,21,27,1,0
11,2025-11-08,OSU,PUR,401752897,2025-11-08T18:00:00.000Z,0,regular,34,10,1,0
11,2025-11-08,CIT,MISS,401752761,2025-11-08T18:00:00.000Z,0,regular,0,49,1,0
11,2025-11-08,UAB,RICE,401762502,2025-11-08T19:00:00.000Z,0,regular,17,24,1,0
11,2025-11-08,MD,RUTG,401752894,2025-11-08T19:30:00.000Z,0,regular,20,35,1,0
11,2025-11-08,CLT,ECU,401762504,2025-11-08T20:00:00.000Z,0,regular,22,48,1,0
11,2025-11-08,TLSA,FAU,401762505,2025-11-08T20:00:00.000Z,0,regular,21,40,1,0
11,2025-11-08,LT,DEL,401757295,2025-11-08T20:00:00.000Z,0,regular,24,25,1,0
11,2025-11-08,FIU,MTSU,401757296,2025-11-08T20:00:00.000Z,0,regular,56,30,1,0
11,2025-11-08,JXST,UTEP,401757297,2025-11-08T20:00:00.000Z,0,regular,30,27,1,0
11,2025-11-08,SYR,MIA,401754587,2025-11-08T20:30:00.000Z,0,regular,10,38,1,0
11,2025-11-08,ISU,TCU,401756944,2025-11-08T20:30:00.000Z,0,regular,20,17,1,0
11,2025-11-08,KU,ARIZ,401756943,2025-11-08T20:30:00.000Z,0,regular,20,24,1,0
11,2025-11-08,DUKE,CONN,401754590,2025-11-08T20:30:00.000Z,0,regular,34,37,1,0
11,2025-11-08,ORE,IOWA,401752898,2025-11-08T20:30:00.000Z,0,regular,18,16,1,0
11,2025-11-08,TA&M,MIZ,401752763,2025-11-08T20:30:00.000Z,0,regular,38,17,1,0
11,2025-11-08,AUB,VAN,401752764,2025-11-08T21:00:00.000Z,0,regular,38,45,1,0
11,2025-11-08,GAST,CCU,401761645,2025-11-08T21:00:00.000Z,0,regular,27,40,1,0
11,2025-11-08,KENN,NMSU,401757298,2025-11-08T21:00:00.000Z,0,regular,24,21,1,0
11,2025-11-08,STAN,UNC,401754588,2025-11-08T21:30:00.000Z,0,regular,15,20,1,0
11,2025-11-08,WASH,WIS,401752899,2025-11-08T21:30:00.000Z,0,regular,10,13,1,0
11,2025-11-08,TXST,UL,401761648,2025-11-08T22:00:00.000Z,0,regular,39,42,1,0
11,2025-11-08,AF,SJSU,401760406,2025-11-08T23:00:00.000Z,0,regular,26,16,1,0
11,2025-11-08,WAKE,UVA,401754589,2025-11-09T00:00:00.000Z,0,regular,16,9,1,0
11,2025-11-08,CAL,LOU,401754585,2025-11-09T00:00:00.000Z,0,regular,29,26,1,0
11,2025-11-08,FSU,CLEM,401754586,2025-11-09T00:00:00.000Z,0,regular,10,24,1,0
11,2025-11-08,FLA,UK,401752760,2025-11-09T00:30:00.000Z,0,regular,7,38,1,0
11,2025-11-08,NAVY,ND,401757166,2025-11-09T00:30:00.000Z,0,regular,10,49,1,0
11,2025-11-08,NEV,USU,401760409,2025-11-09T00:30:00.000Z,0,regular,14,51,1,0
11,2025-11-08,LSU,ALA,401752759,2025-11-09T00:30:00.000Z,0,regular,9,20,1,0
11,2025-11-08,NEB,UCLA,401752895,2025-11-09T02:00:00.000Z,0,regular,28,21,1,0
11,2025-11-08,UNLV,CSU,401760407,2025-11-09T02:30:00.000Z,0,regular,42,10,1,0
11,2025-11-08,SHSU,ORST,401752944,2025-11-09T03:00:00.000Z,0,regular,21,17,1,0
11,2025-11-09,SDSU,HAW,401760408,2025-11-09T04:00:00.000Z,0,regular,6,38,1,0
12,2025-11-11,KENT,AKR,401762856,2025-11-12T00:30:00.000Z,0,regular,42,35,1,0
12,2025-11-11,OHIO,WMU,401762857,2025-11-12T01:00:00.000Z,0,regular,13,17,1,0
12,2025-11-12,NIU,MASS,401762859,2025-11-13T00:00:00.000Z,0,regular,45,3,1,0
12,2025-11-12,TOL,M-OH,401762860,2025-11-13T00:00:00.000Z,0,regular,24,3,1,0
12,2025-11-12,BUF,CMU,401762858,2025-11-13T00:00:00.000Z,0,regular,19,38,1,0
12,2025-11-13,TROY,ODU,401761649,2025-11-14T00:30:00.000Z,0,regular,0,33,1,0
12,2025-11-14,CLEM,LOU,401754591,2025-11-15T00:30:00.000Z,0,regular,20,19,1,0
12,2025-11-14,MINN,ORE,401752904,2025-11-15T02:00:00.000Z,0,regular,13,42,1,0
12,2025-11-15,KSU,OKST,401756952,2025-11-15T17:00:00.000Z,0,regular,14,6,1,0
12,2025-11-15,ARIZ,CIN,401756951,2025-11-15T17:00:00.000Z,0,regular,30,24,1,0
12,2025-11-15,MICH,NU,401752905,2025-11-15T17:00:00.000Z,1,regular,24,22,1,0
12,2025-11-15,SC,TA&M,401752772,2025-11-15T17:00:00.000Z,0,regular,30,31,1,0
12,2025-11-15,WIS,IU,401752901,2025-11-15T17:00:00.000Z,0,regular,7,31,1,0
12,2025-11-15,AF,CONN,401757174,2025-11-15T17:00:00.000Z,0,regular,16,26,1,0
12,2025-11-15,ND,PITT,401754597,2025-11-15T17:00:00.000Z,0,regular,37,15,1,0
12,2025-11-15,UTSA,CLT,401762507,2025-11-15T17:00:00.000Z,0,regular,28,7,1,0
12,2025-11-15,USF,NAVY,401762510,2025-11-15T17:00:00.000Z,0,regular,38,41,1,0
12,2025-11-15,EMU,BALL,401762861,2025-11-15T17:00:00.000Z,0,regular,24,9,1,0
12,2025-11-15,ARK,LSU,401752768,2025-11-15T17:45:00.000Z,0,regular,22,23,1,0
12,2025-11-15,WVU,ASU,401756948,2025-11-15T18:00:00.000Z,0,regular,23,25,1,0
12,2025-11-15,ORST,TLSA,401752945,2025-11-15T18:00:00.000Z,0,regular,14,31,1,0
12,2025-11-15,TNTC,UK,401752767,2025-11-15T18:30:00.000Z,0,regular,10,42,1,0
12,2025-11-15,MRSH,GAST,401761651,2025-11-15T19:00:00.000Z,0,regular,30,18,1,0
12,2025-11-15,UNT,UAB,401762506,2025-11-15T19:00:00.000Z,0,regular,53,24,1,0
12,2025-11-15,UTEP,MOST,401757304,2025-11-15T20:00:00.000Z,0,regular,24,38,1,0
12,2025-11-15,CSU,UNM,401760411,2025-11-15T20:00:00.000Z,0,regular,17,20,1,0
12,2025-11-15,PSU,MSU,401752903,2025-11-15T20:30:00.000Z,0,regular,28,10,1,0
12,2025-11-15,TXST,USM,401761654,2025-11-15T20:30:00.000Z,0,regular,41,14,1,0
12,2025-11-15,USA,ULM,401761653,2025-11-15T20:30:00.000Z,0,regular,26,14,1,0
12,2025-11-15,SJSU,NEV,401760413,2025-11-15T20:30:00.000Z,0,regular,10,55,1,0
12,2025-11-15,OU,ALA,401752765,2025-11-15T20:30:00.000Z,0,regular,23,21,1,0
12,2025-11-15,NCSU,MIA,401754595,2025-11-15T20:30:00.000Z,0,regular,7,41,1,0
12,2025-11-15,IOWA,USC,401752907,2025-11-15T20:30:00.000Z,0,regular,21,26,1,0
12,2025-11-15,GT,BC,401754592,2025-11-15T20:30:00.000Z,0,regular,36,34,1,0
12,2025-11-15,APP,JMU,401761652,2025-11-15T20:30:00.000Z,0,regular,10,58,1,0
12,2025-11-15,UVA,DUKE,401754593,2025-11-15T20:30:00.000Z,0,regular,34,17,1,0
12,2025-11-15,MTSU,WKU,401757303,2025-11-15T20:30:00.000Z,0,regular,26,42,1,0
12,2025-11-15,MD,ILL,401752906,2025-11-15T20:30:00.000Z,0,regular,6,24,1,0
12,2025-11-15,UCF,TTU,401756953,2025-11-15T20:30:00.000Z,0,regular,9,48,1,0
12,2025-11-15,FAU,TULN,401762509,2025-11-15T21:00:00.000Z,0,regular,24,35,1,0
12,2025-11-15,MEM,ECU,401762508,2025-11-15T21:00:00.000Z,0,regular,27,31,1,0
12,2025-11-15,NMSU,TENN,401752771,2025-11-15T21:15:00.000Z,0,regular,9,42,1,0
12,2025-11-15,UNC,WAKE,401754596,2025-11-15T21:30:00.000Z,0,regular,12,28,1,0
12,2025-11-15,LIB,FIU,401757301,2025-11-15T22:00:00.000Z,0,regular,27,34,1,0
12,2025-11-15,CCU,GASO,401761650,2025-11-15T23:00:00.000Z,0,regular,40,45,1,0
12,2025-11-15,DEL,SHSU,401757300,2025-11-16T00:00:00.000Z,1,regular,23,26,1,0
12,2025-11-15,FLA,MISS,401752769,2025-11-16T00:00:00.000Z,0,regular,24,34,1,0
12,2025-11-15,PUR,WASH,401752902,2025-11-16T00:00:00.000Z,0,regular,13,49,1,0
12,2025-11-15,USU,UNLV,401760414,2025-11-16T00:00:00.000Z,0,regular,26,29,1,0
12,2025-11-15,UTAH,BAY,401756949,2025-11-16T00:00:00.000Z,0,regular,55,28,1,0
12,2025-11-15,TEX,UGA,401752766,2025-11-16T00:30:00.000Z,0,regular,10,35,1,0
12,2025-11-15,VT,FSU,401754594,2025-11-16T00:30:00.000Z,0,regular,14,34,1,0
12,2025-11-15,UCLA,OSU,401752900,2025-11-16T00:30:00.000Z,0,regular,10,48,1,0
12,2025-11-15,MSST,MIZ,401752770,2025-11-16T00:45:00.000Z,0,regular,27,49,1,0
12,2025-11-15,KENN,JXST,401757302,2025-11-16T01:00:00.000Z,0,regular,26,35,1,0
12,2025-11-15,LT,WSU,401752953,2025-11-16T03:00:00.000Z,0,regular,3,28,1,0
12,2025-11-15,TCU,BYU,401756950,2025-11-16T03:15:00.000Z,0,regular,13,44,1,0
12,2025-11-15,BOIS,SDSU,401760410,2025-11-16T03:30:00.000Z,0,regular,7,17,1,0
12,2025-11-15,WYO,FRES,401760412,2025-11-16T03:30:00.000Z,0,regular,3,24,1,0
13,2025-11-18,WMU,NIU,401762864,2025-11-19T00:00:00.000Z,0,regular,35,19,1,0
13,2025-11-18,MASS,OHIO,401762863,2025-11-19T00:00:00.000Z,0,regular,14,42,1,0
13,2025-11-18,AKR,BGSU,401762862,2025-11-19T00:00:00.000Z,0,regular,19,16,1,0
13,2025-11-19,M-OH,BUF,401762865,2025-11-20T00:00:00.000Z,0,regular,37,20,1,0
13,2025-11-19,CMU,KENT,401762866,2025-11-20T00:00:00.000Z,0,regular,28,16,1,0
13,2025-11-20,UL,ARST,401761655,2025-11-21T00:30:00.000Z,0,regular,34,30,1,0
13,2025-11-21,FSU,NCSU,401754598,2025-11-22T01:00:00.000Z,0,regular,11,21,1,0
13,2025-11-21,HAW,UNLV,401760418,2025-11-22T03:30:00.000Z,0,regular,10,38,1,0
13,2025-11-22,TLSA,ARMY,401762512,2025-11-22T17:00:00.000Z,0,regular,26,25,1,0
13,2025-11-22,DEL,WAKE,401754606,2025-11-22T17:00:00.000Z,0,regular,14,52,1,0
13,2025-11-22,KU,ISU,401756958,2025-11-22T17:00:00.000Z,0,regular,14,38,1,0
13,2025-11-22,RUTG,OSU,401752912,2025-11-22T17:00:00.000Z,0,regular,9,42,1,0
13,2025-11-22,SAM,TA&M,401752781,2025-11-22T17:00:00.000Z,0,regular,0,48,1,0
13,2025-11-22,MIZ,OU,401752778,2025-11-22T17:00:00.000Z,0,regular,6,17,1,0
13,2025-11-22,LOU,SMU,401754602,2025-11-22T17:00:00.000Z,0,regular,6,38,1,0
13,2025-11-22,MIA,VT,401754603,2025-11-22T17:00:00.000Z,0,regular,34,17,1,0
13,2025-11-22,MINN,NU,401752909,2025-11-22T17:00:00.000Z,1,regular,35,38,1,0
13,2025-11-22,CLT,UGA,401752776,2025-11-22T17:45:00.000Z,0,regular,3,35,1,0
13,2025-11-22,WSU,JMU,401752954,2025-11-22T18:00:00.000Z,0,regular,20,24,1,0
13,2025-11-22,BAY,ARIZ,401756954,2025-11-22T18:00:00.000Z,0,regular,17,41,1,0
13,2025-11-22,ODU,GASO,401761657,2025-11-22T18:00:00.000Z,0,regular,45,10,1,0
13,2025-11-22,MOST,KENN,401757306,2025-11-22T19:00:00.000Z,0,regular,34,41,1,0
13,2025-11-22,EIU,ALA,401752773,2025-11-22T19:00:00.000Z,0,regular,0,56,1,0
13,2025-11-22,NEV,WYO,401760419,2025-11-22T19:00:00.000Z,0,regular,13,7,1,0
13,2025-11-22,BALL,TOL,401762867,2025-11-22T19:00:00.000Z,0,regular,9,38,1,0
13,2025-11-22,MER,AUB,401752774,2025-11-22T19:00:00.000Z,0,regular,17,62,1,0
13,2025-11-22,MRSH,APP,401761656,2025-11-22T19:30:00.000Z,0,regular,24,26,1,0
13,2025-11-22,USF,UAB,401762511,2025-11-22T20:00:00.000Z,0,regular,48,18,1,0
13,2025-11-22,LIB,LT,401757307,2025-11-22T20:00:00.000Z,0,regular,28,34,1,0
13,2025-11-22,CONN,FAU,401757175,2025-11-22T20:00:00.000Z,0,regular,48,45,1,0
13,2025-11-22,SHSU,MTSU,401757308,2025-11-22T20:00:00.000Z,0,regular,17,31,1,0
13,2025-11-22,NMSU,UTEP,401757309,2025-11-22T20:00:00.000Z,0,regular,34,31,1,0
13,2025-11-22,SYR,ND,401754604,2025-11-22T20:30:00.000Z,0,regular,7,70,1,0
13,2025-11-22,USC,ORE,401752911,2025-11-22T20:30:00.000Z,0,regular,27,42,1,0
13,2025-11-22,ARK,TEX,401752780,2025-11-22T20:30:00.000Z,0,regular,37,52,1,0
13,2025-11-22,ECU,UTSA,401762513,2025-11-22T20:30:00.000Z,0,regular,24,58,1,0
13,2025-11-22,JXST,FIU,401757305,2025-11-22T20:30:00.000Z,0,regular,21,27,1,0
13,2025-11-22,UK,VAN,401752782,2025-11-22T20:30:00.000Z,0,regular,17,45,1,0
13,2025-11-22,MSU,IOWA,401752913,2025-11-22T20:30:00.000Z,0,regular,17,20,1,0
13,2025-11-22,USM,USA,401761658,2025-11-22T20:30:00.000Z,0,regular,35,42,1,0
13,2025-11-22,DUKE,UNC,401754600,2025-11-22T20:30:00.000Z,0,regular,32,25,1,0
13,2025-11-22,TULN,TEM,401762515,2025-11-22T20:45:00.000Z,0,regular,37,13,1,0
13,2025-11-22,OKST,UCF,401756959,2025-11-22T21:00:00.000Z,0,regular,14,17,1,0
13,2025-11-22,TCU,HOU,401756957,2025-11-22T21:00:00.000Z,0,regular,17,14,1,0
13,2025-11-22,MICH,MD,401752914,2025-11-22T21:00:00.000Z,0,regular,45,20,1,0
13,2025-11-22,KSU,UTAH,401756960,2025-11-22T21:00:00.000Z,0,regular,47,51,1,0
13,2025-11-22,GAST,TROY,401761660,2025-11-22T21:00:00.000Z,0,regular,19,31,1,0
13,2025-11-22,CCU,SC,401752779,2025-11-22T21:15:00.000Z,0,regular,7,51,1,0
13,2025-11-22,FUR,CLEM,401754605,2025-11-22T21:30:00.000Z,0,regular,10,45,1,0
13,2025-11-22,ULM,TXST,401761659,2025-11-22T22:00:00.000Z,0,regular,14,31,1,0
13,2025-11-22,NEB,PSU,401752908,2025-11-23T00:00:00.000Z,0,regular,10,37,1,0
13,2025-11-22,UNM,AF,401760415,2025-11-23T00:00:00.000Z,0,regular,20,3,1,0
13,2025-11-22,CSU,BOIS,401760416,2025-11-23T00:00:00.000Z,0,regular,21,49,1,0
13,2025-11-22,PITT,GT,401754601,2025-11-23T00:00:00.000Z,0,regular,42,28,1,0
13,2025-11-22,CAL,STAN,401754599,2025-11-23T00:30:00.000Z,0,regular,10,31,1,0
13,2025-11-22,UNT,RICE,401762514,2025-11-23T00:30:00.000Z,0,regular,56,24,1,0
13,2025-11-22,TENN,FLA,401752775,2025-11-23T00:30:00.000Z,0,regular,31,11,1,0
13,2025-11-22,ILL,WIS,401752915,2025-11-23T00:30:00.000Z,0,regular,10,27,1,0
13,2025-11-22,WKU,LSU,401752777,2025-11-23T00:45:00.000Z,0,regular,10,13,1,0
13,2025-11-22,BYU,CIN,401756955,2025-11-23T01:00:00.000Z,0,regular,26,14,1,0
13,2025-11-22,ASU,COLO,401756956,2025-11-23T01:00:00.000Z,0,regular,42,17,1,0
13,2025-11-22,USU,FRES,401760417,2025-11-23T03:30:00.000Z,0,regular,28,17,1,0
13,2025-11-22,WASH,UCLA,401752910,2025-11-23T03:30:00.000Z,0,regular,48,14,1,0
13,2025-11-22,SJSU,SDSU,401760420,2025-11-23T03:30:00.000Z,0,regular,3,25,1,0
14,2025-11-25,BGSU,MASS,401762868,2025-11-25T21:30:00.000Z,0,regular,45,14,1,0
14,2025-11-25,WMU,EMU,401762869,2025-11-26T00:30:00.000Z,0,regular,31,21,1,0
14,2025-11-27,NAVY,MEM,401762516,2025-11-28T00:30:00.000Z,0,regular,28,17,1,0
14,2025-11-28,OHIO,BUF,401762870,2025-11-28T17:00:00.000Z,0,regular,31,26,1,0
14,2025-11-28,KENT,NIU,401762871,2025-11-28T17:00:00.000Z,0,regular,35,31,1,0
14,2025-11-28,MISS,MSST,401752788,2025-11-28T17:00:00.000Z,0,regular,38,19,1,0
14,2025-11-28,IOWA,NEB,401752916,2025-11-28T17:00:00.000Z,0,regular,40,16,1,0
14,2025-11-28,UTAH,KU,401756964,2025-11-28T17:00:00.000Z,0,regular,31,21,1,0
14,2025-11-28,AF,CSU,401760421,2025-11-28T20:00:00.000Z,0,regular,42,21,1,0
14,2025-11-28,TEM,UNT,401762442,2025-11-28T20:30:00.000Z,0,regular,25,52,1,0
14,2025-11-28,UGA,GT,401752786,2025-11-28T20:30:00.000Z,1,regular,16,9,1,0
14,2025-11-28,SDSU,UNM,401760426,2025-11-28T20:30:00.000Z,0,regular,17,23,1,0
14,2025-11-28,BOIS,USU,401760422,2025-11-28T21:00:00.000Z,0,regular,25,24,1,0
14,2025-11-28,IU,PUR,401752924,2025-11-29T00:30:00.000Z,0,regular,56,3,1,0
14,2025-11-28,TA&M,TEX,401752792,2025-11-29T00:30:00.000Z,0,regular,17,27,1,0
14,2025-11-28,ARIZ,ASU,401756961,2025-11-29T02:00:00.000Z,0,regular,23,7,1,0
14,2025-11-29,CLEM,SC,401752790,2025-11-29T17:00:00.000Z,0,regular,28,14,1,0
14,2025-11-29,OSU,MICH,401752921,2025-11-29T17:00:00.000Z,0,regular,27,9,1,0
14,2025-11-29,TTU,WVU,401756968,2025-11-29T17:00:00.000Z,0,regular,49,0,1,0
14,2025-11-29,TOL,CMU,401762872,2025-11-29T17:00:00.000Z,0,regular,21,3,1,0
14,2025-11-29,BALL,M-OH,401762875,2025-11-29T17:00:00.000Z,0,regular,24,45,1,0
14,2025-11-29,ISU,OKST,401756966,2025-11-29T17:00:00.000Z,0,regular,20,13,1,0
14,2025-11-29,ECU,FAU,401762519,2025-11-29T17:00:00.000Z,0,regular,42,3,1,0
14,2025-11-29,MIA,PITT,401754611,2025-11-29T17:00:00.000Z,0,regular,38,7,1,0
14,2025-11-29,COLO,KSU,401756965,2025-11-29T17:00:00.000Z,0,regular,14,24,1,0
14,2025-11-29,UK,LOU,401752787,2025-11-29T17:00:00.000Z,0,regular,0,41,1,0
14,2025-11-29,HOU,BAY,401756962,2025-11-29T17:00:00.000Z,0,regular,31,24,1,0
14,2025-11-29,UCF,BYU,401756963,2025-11-29T18:00:00.000Z,0,regular,21,41,1,0
14,2025-11-29,FIU,SHSU,401757311,2025-11-29T18:00:00.000Z,1,regular,56,16,1,0
14,2025-11-29,UTEP,DEL,401757310,2025-11-29T18:00:00.000Z,0,regular,31,61,1,0
14,2025-11-29,GASO,MRSH,401761663,2025-11-29T18:30:00.000Z,0,regular,24,19,1,0
14,2025-11-29,GAST,ODU,401761664,2025-11-29T19:00:00.000Z,0,regular,10,27,1,0
14,2025-11-29,LT,MOST,401757314,2025-11-29T19:00:00.000Z,0,regular,42,30,1,0
14,2025-11-29,WKU,JXST,401757312,2025-11-29T19:00:00.000Z,0,regular,34,37,1,0
14,2025-11-29,ARST,APP,401761661,2025-11-29T19:30:00.000Z,0,regular,30,29,1,0
14,2025-11-29,USA,TXST,401761667,2025-11-29T20:00:00.000Z,0,regular,26,49,1,0
14,2025-11-29,MTSU,NMSU,401757315,2025-11-29T20:00:00.000Z,0,regular,31,24,1,0
14,2025-11-29,ULM,UL,401761665,2025-11-29T20:00:00.000Z,0,regular,27,30,1,0
14,2025-11-29,UAB,TLSA,401762517,2025-11-29T20:00:00.000Z,0,regular,31,24,1,0
14,2025-11-29,BC,SYR,401754608,2025-11-29T20:00:00.000Z,0,regular,34,12,1,0
14,2025-11-29,PSU,RUTG,401752920,2025-11-29T20:30:00.000Z,0,regular,40,36,1,0
14,2025-11-29,MIZ,ARK,401752783,2025-11-29T20:30:00.000Z,0,regular,31,17,1,0
14,2025-11-29,ARMY,UTSA,401762441,2025-11-29T20:30:00.000Z,0,regular,27,24,1,0
14,2025-11-29,WIS,MINN,401752918,2025-11-29T20:30:00.000Z,0,regular,7,17,1,0
14,2025-11-29,ORE,WASH,401752917,2025-11-29T20:30:00.000Z,0,regular,26,14,1,0
14,2025-11-29,CIN,TCU,401756967,2025-11-29T20:30:00.000Z,0,regular,23,45,1,0
14,2025-11-29,WAKE,DUKE,401754610,2025-11-29T20:30:00.000Z,0,regular,32,49,1,0
14,2025-11-29,LSU,OU,401752789,2025-11-29T20:30:00.000Z,0,regular,13,17,1,0
14,2025-11-29,VAN,TENN,401752791,2025-11-29T20:30:00.000Z,0,regular,45,24,1,0
14,2025-11-29,KENN,LIB,401757313,2025-11-29T20:30:00.000Z,0,regular,48,42,1,0
14,2025-11-29,TROY,USM,401761666,2025-11-29T20:30:00.000Z,0,regular,28,18,1,0
14,2025-11-29,JMU,CCU,401761662,2025-11-29T20:45:00.000Z,0,regular,59,10,1,0
14,2025-11-29,FSU,FLA,401752785,2025-11-29T21:30:00.000Z,0,regular,21,40,1,0
14,2025-11-29,ORST,WSU,401752946,2025-11-29T23:30:00.000Z,0,regular,8,32,1,0
14,2025-11-29,MD,MSU,401752923,2025-11-30T00:00:00.000Z,1,regular,28,38,1,0
14,2025-11-29,RICE,USF,401762520,2025-11-30T00:00:00.000Z,0,regular,3,52,1,0
14,2025-11-29,VT,UVA,401754613,2025-11-30T00:00:00.000Z,0,regular,7,27,1,0
14,2025-11-29,UNC,NCSU,401754612,2025-11-30T00:30:00.000Z,0,regular,19,42,1,0
14,2025-11-29,ALA,AUB,401752784,2025-11-30T00:30:00.000Z,0,regular,27,20,1,0
14,2025-11-29,UCLA,USC,401752919,2025-11-30T00:30:00.000Z,0,regular,10,29,1,0
14,2025-11-29,NU,ILL,401752922,2025-11-30T00:30:00.000Z,0,regular,13,20,1,0
14,2025-11-29,CLT,TULN,401762518,2025-11-30T00:30:00.000Z,0,regular,0,27,1,0
14,2025-11-29,SMU,CAL,401754609,2025-11-30T01:00:00.000Z,0,regular,35,38,1,0
14,2025-11-29,UNLV,NEV,401760425,2025-11-30T02:00:00.000Z,0,regular,42,17,1,0
14,2025-11-29,ND,STAN,401754614,2025-11-30T03:30:00.000Z,0,regular,49,20,1,0
14,2025-11-29,FRES,SJSU,401760423,2025-11-30T03:30:00.000Z,0,regular,41,14,1,0
14,2025-11-30,WYO,HAW,401760424,2025-11-30T04:00:00.000Z,0,regular,7,27,1,0
15,2025-12-05,KENN,JXST,401777325,2025-12-06T00:00:00.000Z,0,regular,19,15,1,0
15,2025-12-05,TROY,JMU,401777352,2025-12-06T00:00:00.000Z,0,regular,14,31,1,0
15,2025-12-05,UNLV,BOIS,401777326,2025-12-06T01:00:00.000Z,0,regular,21,38,1,0
15,2025-12-05,UNT,TULN,401777324,2025-12-06T01:00:00.000Z,0,regular,21,34,1,0
15,2025-12-06,BYU,TTU,401777327,2025-12-06T17:00:00.000Z,1,regular,7,34,1,0
15,2025-12-06,M-OH,WMU,401777329,2025-12-06T17:00:00.000Z,1,regular,13,23,1,0
15,2025-12-06,UGA,ALA,401777351,2025-12-06T21:00:00.000Z,1,regular,28,7,1,0
15,2025-12-06,DUKE,UVA,401777328,2025-12-07T01:00:00.000Z,1,regular,27,20,1,0
15,2025-12-06,IU,OSU,401777353,2025-12-07T01:00:00.000Z,1,regular,13,10,1,0
16,2025-12-13,ARMY,NAVY,401762521,2025-12-13T20:00:00.000Z,1,regular,16,17,1,0
17,2025-12-13,BOIS,WASH,401778302,2025-12-14T01:00:00.000Z,1,postseason,10,38,1,0
17,2025-12-16,TROY,JXST,401778303,2025-12-17T02:00:00.000Z,1,postseason,13,17,1,0
17,2025-12-17,ODU,USF,401778304,2025-12-17T22:00:00.000Z,1,postseason,24,10,1,0
17,2025-12-17,UL,DEL,401778305,2025-12-18T01:30:00.000Z,1,postseason,13,20,1,0
17,2025-12-18,MOST,ARST,401838053,2025-12-19T02:00:00.000Z,1,postseason,28,34,1,0
17,2025-12-19,KENN,WMU,401778306,2025-12-19T16:00:00.000Z,1,postseason,6,41,1,0
17,2025-12-19,MEM,NCSU,401778307,2025-12-19T19:30:00.000Z,1,postseason,7,31,1,0
17,2025-12-19,ALA,OU,401779840,2025-12-20T01:00:00.000Z,0,postseason,34,24,1,0
17,2025-12-20,MIA,TA&M,401779841,2025-12-20T17:00:00.000Z,0,postseason,10,3,1,0
17,2025-12-20,TULN,MISS,401779842,2025-12-20T20:30:00.000Z,0,postseason,10,41,1,0
17,2025-12-20,JMU,ORE,401779843,2025-12-21T00:30:00.000Z,0,postseason,34,51,1,0
17,2025-12-22,WSU,USU,401778308,2025-12-22T19:00:00.000Z,1,postseason,34,21,1,0
17,2025-12-23,TOL,LOU,401778309,2025-12-23T19:00:00.000Z,1,postseason,22,27,1,0
17,2025-12-23,WKU,USM,401778310,2025-12-23T22:30:00.000Z,1,postseason,27,16,1,0
17,2025-12-23,UNLV,OHIO,401778311,2025-12-24T02:00:00.000Z,1,postseason,10,17,1,0
17,2025-12-24,CAL,HAW,401778312,2025-12-25T01:00:00.000Z,0,postseason,31,35,1,0
17,2025-12-26,CMU,NU,401778313,2025-12-26T18:00:00.000Z,1,postseason,7,34,1,0
17,2025-12-26,UNM,MINN,401778314,2025-12-26T21:30:00.000Z,1,postseason,17,20,1,0
17,2025-12-26,FIU,UTSA,401778315,2025-12-27T01:00:00.000Z,1,postseason,20,57,1,0
17,2025-12-27,PITT,ECU,401778316,2025-12-27T16:00:00.000Z,1,postseason,17,23,1,0
17,2025-12-27,PSU,CLEM,401778317,2025-12-27T17:00:00.000Z,1,postseason,22,10,1,0
17,2025-12-27,CONN,ARMY,401778318,2025-12-27T19:15:00.000Z,1,postseason,16,41,1,0
17,2025-12-27,GT,BYU,401778319,2025-12-27T20:30:00.000Z,1,postseason,21,25,1,0
17,2025-12-27,M-OH,FRES,401778320,2025-12-27T21:30:00.000Z,1,postseason,3,18,1,0
17,2025-12-27,UNT,SDSU,401778321,2025-12-27T22:45:00.000Z,1,postseason,49,47,1,0
17,2025-12-27,UVA,MIZ,401778322,2025-12-28T00:30:00.000Z,1,postseason,13,7,1,0
17,2025-12-27,LSU,HOU,401778323,2025-12-28T02:15:00.000Z,1,postseason,35,38,1,0
17,2025-12-29,GASO,APP,401778324,2025-12-29T19:00:00.000Z,1,postseason,29,10,1,0
17,2025-12-30,CCU,LT,401778325,2025-12-30T19:00:00.000Z,1,postseason,14,23,1,0
17,2025-12-30,TENN,ILL,401778326,2025-12-30T22:30:00.000Z,1,postseason,28,30,1,0
17,2025-12-30,USC,TCU,401778327,2025-12-31T02:00:00.000Z,1,postseason,27,30,1,0
18,2025-12-31,IOWA,VAN,401778328,2025-12-31T17:00:00.000Z,1,postseason,34,27,1,0
18,2025-12-31,ASU,DUKE,401778329,2025-12-31T19:00:00.000Z,1,postseason,39,42,1,0
18,2025-12-31,MICH,TEX,401778330,2025-12-31T20:00:00.000Z,1,postseason,27,41,1,0
18,2025-12-31,NEB,UTAH,401778331,2025-12-31T20:30:00.000Z,1,postseason,22,44,1,0
18,2025-12-31,MIA,OSU,401769070,2026-01-01T00:30:00.000Z,1,postseason,24,14,1,0
18,2026-01-01,ORE,TTU,401769071,2026-01-01T17:00:00.000Z,1,postseason,23,0,1,0
18,2026-01-01,ALA,IU,401769072,2026-01-01T21:00:00.000Z,1,postseason,3,38,1,0
18,2026-01-01,MISS,UGA,401769073,2026-01-02T01:00:00.000Z,1,postseason,39,34,1,0
18,2026-01-02,RICE,TXST,401778332,2026-01-02T18:00:00.000Z,1,postseason,10,41,1,0
18,2026-01-02,NAVY,CIN,401778333,2026-01-02T21:30:00.000Z,1,postseason,35,13,1,0
18,2026-01-02,WAKE,MSST,401778334,2026-01-03T01:00:00.000Z,1,postseason,43,29,1,0
18,2026-01-02,ARIZ,SMU,401831583,2026-01-03T01:00:00.000Z,1,postseason,19,24,1,0
19,2026-01-08,MIA,MISS,401769075,2026-01-09T00:30:00.000Z,1,postseason,31,27,1,0
19,2026-01-09,ORE,IU,401769074,2026-01-10T00:30:00.000Z,1,postseason,22,56,1,0
20,2026-01-19,MIA,IU,401769076,2026-01-20T00:30:00.000Z,1,postseason,21,27,1,0
