code,team_id,school,abbreviation,conference,classification,color,alt_color
AF,2005,Air Force,AF,Mountain West,fbs,#003594,#ffffff
AKR,2006,Akron,AKR,Mid-American,fbs,#041e42,#a89968
ALA,333,Alabama,ALA,SEC,fbs,#9e1b32,#ffffff
APP,2026,App State,APP,Sun Belt,fbs,#000000,#ffcd00
ARIZ,12,Arizona,ARIZ,Big 12,fbs,#cc0033,#003366
ASU,9,Arizona State,ASU,Big 12,fbs,#ffc627,#8c1d40
ARK,8,Arkansas,ARK,SEC,fbs,#a32136,#ffffff
ARST,2032,Arkansas State,ARST,Sun Belt,fbs,#cc092f,#000000
ARMY,349,Army,ARMY,American Athletic,fbs,#000000,#d3bc8d
AUB,2,Auburn,AUB,SEC,fbs,#0c2340,#f26522
BYU,252,BYU,BYU,Big 12,fbs,#003da5,#002e5d
BALL,2050,Ball State,BALL,Mid-American,fbs,#ba0c2f,#ffffff
BAY,239,Baylor,BAY,Big 12,fbs,#154734,#ffb81c
BOIS,68,Boise State,BOIS,Pac-12,fbs,#0033a0,#d64309
BC,103,Boston College,BC,ACC,fbs,#8c2232,#dbcca6
BGSU,189,Bowling Green,BGSU,Mid-American,fbs,#fd5000,#4f2c1d
BUF,2084,Buffalo,BUF,Mid-American,fbs,#005bbb,#ffffff
CAL,25,California,CAL,ACC,fbs,#041e42,#ffc72c
CMU,2117,Central Michigan,CMU,Mid-American,fbs,#6a0032,#ffc82e
CLT,2429,Charlotte,CLT,American Athletic,fbs,#005035,#a49665
CIN,2132,Cincinnati,CIN,Big 12,fbs,#000000,#e00122
CLEM,228,Clemson,CLEM,ACC,fbs,#f56600,#522d80
CCU,324,Coastal Carolina,CCU,Sun Belt,fbs,#006f71,#a27752
COLO,38,Colorado,COLO,Big 12,fbs,#cfb87c,#000000
CSU,36,Colorado State,CSU,Pac-12,fbs,#1e4d2b,#c8c372
DEL,48,Delaware,DEL,Conference USA,fbs,#00539f,#ffd200
DUKE,150,Duke,DUKE,ACC,fbs,#00539b,#ffffff
ECU,151,East Carolina,ECU,American Athletic,fbs,#592a8a,#fdc82f
EMU,2199,Eastern Michigan,EMU,Mid-American,fbs,#046a38,#ffffff
FLA,57,Florida,FLA,SEC,fbs,#0021a5,#fa4616
FAU,2226,Florida Atlantic,FAU,American Athletic,fbs,#003366,#cc0000
FIU,2229,Florida International,FIU,Conference USA,fbs,#091f3f,#c3993f
FSU,52,Florida State,FSU,ACC,fbs,#782f40,#ceb888
FRES,278,Fresno State,FRES,Pac-12,fbs,#c41230,#13284c
UGA,61,Georgia,UGA,SEC,fbs,#ba0c2f,#2c2a29
GASO,290,Georgia Southern,GASO,Sun Belt,fbs,#041e42,#ffffff
GAST,2247,Georgia State,GAST,Sun Belt,fbs,#0039a6,#ffffff
GT,59,Georgia Tech,GT,ACC,fbs,#b3a369,#ffffff
HAW,62,Hawai'i,HAW,Mountain West,fbs,#024731,#000000
HOU,248,Houston,HOU,Big 12,fbs,#c8102e,#ffffff
ILL,356,Illinois,ILL,Big Ten,fbs,#ff5f05,#13294b
IU,84,Indiana,IU,Big Ten,fbs,#990000,#ffffff
IOWA,2294,Iowa,IOWA,Big Ten,fbs,#000000,#ffcd00
ISU,66,Iowa State,ISU,Big 12,fbs,#c8102e,#f1be48
JXST,55,Jacksonville State,JXST,Conference USA,fbs,#cc0000,#000000
JMU,256,James Madison,JMU,Sun Belt,fbs,#450084,#cbb677
KU,2305,Kansas,KU,Big 12,fbs,#0051ba,#e8000d
KSU,2306,Kansas State,KSU,Big 12,fbs,#512888,#ffffff
KENN,338,Kennesaw State,KENN,Conference USA,fbs,#fdbb30,#0b1315
KENT,2309,Kent State,KENT,Mid-American,fbs,#002664,#eaab00
UK,96,Kentucky,UK,SEC,fbs,#0033a0,#ffffff
LSU,99,LSU,LSU,SEC,fbs,#461d7c,#fdd023
LIB,2335,Liberty,LIB,Conference USA,fbs,#0a254e,#b72025
UL,309,Louisiana,UL,Sun Belt,fbs,#ce181e,#000000
LT,2348,Louisiana Tech,LT,Sun Belt,fbs,#003087,#cb333b
LOU,97,Louisville,LOU,ACC,fbs,#c9001f,#000000
MRSH,276,Marshall,MRSH,Sun Belt,fbs,#00b140,#000000
MD,120,Maryland,MD,Big Ten,fbs,#ce1126,#ffffff
MASS,113,Massachusetts,MASS,Mid-American,fbs,#881c1c,#ffffff
MEM,235,Memphis,MEM,American Athletic,fbs,#00498f,#9c9ea1
MIA,2390,Miami,MIA,ACC,fbs,#f47321,#005030
M-OH,193,Miami (OH),M-OH,Mid-American,fbs,#c41230,#ffffff
MICH,130,Michigan,MICH,Big Ten,fbs,#00274c,#ffcb05
MSU,127,Michigan State,MSU,Big Ten,fbs,#173f35,#ffffff
MTSU,2393,Middle Tennessee,MTSU,Conference USA,fbs,#036eb7,#ffffff
MINN,135,Minnesota,MINN,Big Ten,fbs,#7a0019,#ffcc33
MSST,344,Mississippi State,MSST,SEC,fbs,#5d1725,#c1c6c8
MIZ,142,Missouri,MIZ,SEC,fbs,#f1b82d,#000000
MOST,2623,Missouri State,MOST,Conference USA,fbs,#5e0009,#ffffff
NCSU,152,NC State,NCSU,ACC,fbs,#cc0000,#ffffff
NAVY,2426,Navy,NAVY,American Athletic,fbs,#00225b,#b5a67c
NEB,158,Nebraska,NEB,Big Ten,fbs,#d00000,#ffffff
NEV,2440,Nevada,NEV,Mountain West,fbs,#041e42,#8a8d8f
UNM,167,New Mexico,UNM,Mountain West,fbs,#ba0c2f,#a7a8aa
NMSU,166,New Mexico State,NMSU,Conference USA,fbs,#8c0b42,#ffffff
UNC,153,North Carolina,UNC,ACC,fbs,#7bafd4,#13294b
NDSU,2449,North Dakota State,NDSU,Mountain West,fbs,#00583d,#ffc425
UNT,249,North Texas,UNT,American Athletic,fbs,#00853e,#ffffff
NIU,2459,Northern Illinois,NIU,Mountain West,fbs,#c8102e,#000000
NU,77,Northwestern,NU,Big Ten,fbs,#582c83,#ffffff
ND,87,Notre Dame,ND,FBS Independents,fbs,#0c2340,#c99700
OHIO,195,Ohio,OHIO,Mid-American,fbs,#024230,#ffffff
OSU,194,Ohio State,OSU,Big Ten,fbs,#ba0c2f,#a7b1b7
OU,201,Oklahoma,OU,SEC,fbs,#841617,#ffffff
OKST,197,Oklahoma State,OKST,Big 12,fbs,#fe5c00,#000000
ODU,295,Old Dominion,ODU,Sun Belt,fbs,#043657,#98c5ea
MISS,145,Ole Miss,MISS,SEC,fbs,#13294b,#cf142b
ORE,2483,Oregon,ORE,Big Ten,fbs,#007030,#fee11a
ORST,204,Oregon State,ORST,Pac-12,fbs,#dc4405,#000000
PSU,213,Penn State,PSU,Big Ten,fbs,#001e44,#ffffff
PITT,221,Pittsburgh,PITT,ACC,fbs,#003594,#ffb81c
PUR,2509,Purdue,PUR,Big Ten,fbs,#ceb888,#000000
RICE,242,Rice,RICE,American Athletic,fbs,#00205b,#c1c6c8
RUTG,164,Rutgers,RUTG,Big Ten,fbs,#ce0e2d,#ffffff
SMU,2567,SMU,SMU,ACC,fbs,#d70000,#0033a1
SAC,16,Sacramento State,SAC,Mid-American,fbs,#00573c,#cdb97d
SHSU,2534,Sam Houston,SHSU,Conference USA,fbs,#f56423,#ffffff
SDSU,21,San Diego State,SDSU,Pac-12,fbs,#a6192e,#000000
SJSU,23,San José State,SJSU,Mountain West,fbs,#0055a2,#e5a823
USA,6,South Alabama,USA,Sun Belt,fbs,#00205b,#bf0d3e
SC,2579,South Carolina,SC,SEC,fbs,#73000a,#000000
USF,58,South Florida,USF,American Athletic,fbs,#006747,#cfc493
USM,2572,Southern Miss,USM,Sun Belt,fbs,#ffc72c,#231f20
STAN,24,Stanford,STAN,ACC,fbs,#8c1515,#ffffff
SYR,183,Syracuse,SYR,ACC,fbs,#f76900,#000e54
TCU,2628,TCU,TCU,Big 12,fbs,#4d1979,#ffffff
TEM,218,Temple,TEM,American Athletic,fbs,#a41e35,#ffffff
TENN,2633,Tennessee,TENN,SEC,fbs,#ff8200,#ffffff
TEX,251,Texas,TEX,SEC,fbs,#bf5700,#ffffff
TA&M,245,Texas A&M,TA&M,SEC,fbs,#500000,#ffffff
TXST,326,Texas State,TXST,Pac-12,fbs,#501214,#6a5638
TTU,2641,Texas Tech,TTU,Big 12,fbs,#c30020,#000000
TOL,2649,Toledo,TOL,Mid-American,fbs,#0b2240,#ffcd00
TROY,2653,Troy,TROY,Sun Belt,fbs,#862633,#b1b1b1
TULN,2655,Tulane,TULN,American Athletic,fbs,#006747,#418fde
TLSA,202,Tulsa,TLSA,American Athletic,fbs,#003595,#d0b787
UAB,5,UAB,UAB,American Athletic,fbs,#1a5632,#fdb913
UCF,2116,UCF,UCF,Big 12,fbs,#000000,#b4a169
UCLA,26,UCLA,UCLA,Big Ten,fbs,#2774ae,#f2a900
CONN,41,UConn,CONN,FBS Independents,fbs,#000e2f,#ffffff
ULM,2433,UL Monroe,ULM,Sun Belt,fbs,#840029,#fdb913
UNLV,2439,UNLV,UNLV,Mountain West,fbs,#cf0a2c,#cac8c8
USC,30,USC,USC,Big Ten,fbs,#990000,#ffcc00
UTEP,2638,UTEP,UTEP,Mountain West,fbs,#ff8200,#041e42
UTSA,2636,UTSA,UTSA,American Athletic,fbs,#0c2340,#f15a22
UTAH,254,Utah,UTAH,Big 12,fbs,#be0000,#ffffff
USU,328,Utah State,USU,Pac-12,fbs,#0f2439,#ffffff
VAN,238,Vanderbilt,VAN,SEC,fbs,#000000,#cfae70
UVA,258,Virginia,UVA,ACC,fbs,#232d4b,#f84c1e
VT,259,Virginia Tech,VT,ACC,fbs,#861f41,#e87722
WAKE,154,Wake Forest,WAKE,ACC,fbs,#ceb888,#2c2a29
WASH,264,Washington,WASH,Big Ten,fbs,#33006f,#e8d3a2
WSU,265,Washington State,WSU,Pac-12,fbs,#a60f2d,#4d4d4d
WVU,277,West Virginia,WVU,Big 12,fbs,#eaaa00,#002855
WKU,98,Western Kentucky,WKU,Conference USA,fbs,#c60c30,#ffffff
WMU,2711,Western Michigan,WMU,Mid-American,fbs,#532e1f,#f1c500
WIS,275,Wisconsin,WIS,Big Ten,fbs,#a00000,#ffffff
WYO,2751,Wyoming,WYO,Mountain West,fbs,#492f24,#ffc425
ACU,2000,Abilene Christian,ACU,UAC,fcs,#592d82,#b1b3b3
AAMU,2010,Alabama A&M,AAMU,SWAC,fcs,#790000,#ffffff
ALST,2011,Alabama State,ALST,SWAC,fcs,#e9a900,#0a0a0a
ALCN,2016,Alcorn State,ALCN,SWAC,fcs,#4b0058,#46166a
UAPB,2029,Arkansas-Pine Bluff,UAPB,SWAC,fcs,#e0aa0f,#eaaa00
APSU,2046,Austin Peay,APSU,UAC,fcs,#8e0b0b,#null
BCU,2065,Bethune-Cookman,BCU,SWAC,fcs,#7b1831,#e9aa12
BRWN,225,Brown,BRWN,Ivy,fcs,#411e09,#949300
BRY,2803,Bryant,BRY,Coastal Athletic,fcs,#000000,#9f8343
BUCK,2083,Bucknell,BUCK,Patriot,fcs,#000060,#00316e
BTLR,2086,Butler,BTLR,Pioneer,fcs,#0d1361,#00a3e0
CP,13,Cal Poly,CP,Big Sky,fcs,#1E4D2B,#eed897
CAM,2097,Campbell,CAM,Coastal Athletic,fcs,#000000,#null
CARK,2110,Central Arkansas,CARK,UAC,fcs,#a7a9ac,#8e959a
CCSU,2115,Central Connecticut,CCSU,NEC,fcs,#1B49A2,#d1d5d8
CHSO,2127,Charleston Southern,CHSO,OVC,fcs,#2e3192,#ded090
UTC,236,Chattanooga,UTC,Southern,fcs,#00386b,#dca71d
CHICA,2130,Chicago State,,FCS Independents,fcs,#null,#null
COLG,2142,Colgate,COLG,Patriot,fcs,#821019,#ffffff
COLU,171,Columbia,COLU,Ivy,fcs,#7ba4db,#183863
COR,172,Cornell,COR,Ivy,fcs,#b31b1b,#ffffff
DART,159,Dartmouth,DART,Ivy,fcs,#005730,#000000
DAV,2166,Davidson,DAV,Pioneer,fcs,#000000,#e51837
DAY,2168,Dayton,DAY,Pioneer,fcs,#004B8D,#ffffff
DSU,2169,Delaware State,DSU,MEAC,fcs,#009cdb,#d51c28
DRKE,2181,Drake,DRKE,Pioneer,fcs,#005596,#bec0c2
DUQ,2184,Duquesne,DUQ,NEC,fcs,#002D62,#b90b2e
ETSU,2193,East Tennessee State,ETSU,Southern,fcs,#002d61,#ffc423
ETAM,2837,East Texas A&M,ETAM,Southland,fcs,#000000,#null
EIU,2197,Eastern Illinois,EIU,OVC,fcs,#000000,#bebab9
EKU,2198,Eastern Kentucky,EKU,UAC,fcs,#660819,#f0f0f0
EWU,331,Eastern Washington,EWU,Big Sky,fcs,#a10022,#abb4bc
ELON,2210,Elon,ELON,Coastal Athletic,fcs,#020303,#b59a57
FAMU,50,Florida A&M,FAMU,SWAC,fcs,#F89728,#00843d
FOR,2230,Fordham,FOR,Patriot,fcs,#830032,#909090
FUR,231,Furman,FUR,Southern,fcs,#582c83,#ffffff
GWEB,2241,Gardner-Webb,GWEB,OVC,fcs,#c12535,#909090
GTWN,46,Georgetown,GTWN,Patriot,fcs,#110E42,#001c58
GRAM,2755,Grambling,GRAM,SWAC,fcs,#ee8601,#ffd10a
HAMP,2261,Hampton,HAMP,Coastal Athletic,fcs,#0067AC,#null
HARV,108,Harvard,HARV,Ivy,fcs,#990000,#dbdbdb
HC,107,Holy Cross,HC,Patriot,fcs,#582c83,#ffffff
HCU,2277,Houston Christian,HCU,Southland,fcs,#00539c,#null
HOW,47,Howard,HOW,MEAC,fcs,#003a63,#e51937
IDHO,70,Idaho,IDHO,Big Sky,fcs,#000000,#8c6e4a
IDST,304,Idaho State,IDST,Big Sky,fcs,#ef8c00,#e9a126
ILST,2287,Illinois State,ILST,MVFC,fcs,#CE1126,#ffe716
UIW,2916,Incarnate Word,UIW,Southland,fcs,#000000,#080808
INST,282,Indiana State,INST,MVFC,fcs,#00669a,#f0f0f0
JKST,2296,Jackson State,JKST,SWAC,fcs,#123297,#b5b7ba
LAF,322,Lafayette,LAF,Patriot,fcs,#790000,#a59474
LAM,2320,Lamar,LAM,Southland,fcs,#000000,#ebebeb
LEH,2329,Lehigh,LEH,Patriot,fcs,#6c2b2a,#b69e70
LIN,2815,Lindenwood,LIN,OVC,fcs,#000000,#null
LIU,2341,Long Island University,LIU,NEC,fcs,#null,#null
ME,311,Maine,ME,Coastal Athletic,fcs,#127dbe,#null
MRST,2368,Marist,MRST,Pioneer,fcs,#e53730,#f0f0f0
MCN,2377,McNeese,MCN,Southland,fcs,#00529C,#null
MER,2382,Mercer,MER,Southern,fcs,#ff7f29,#080808
MERC,2385,Mercyhurst,MERC,NEC,fcs,#000000,#null
MRMK,2771,Merrimack,MRMK,FCS Independents,fcs,#000000,#null
MVSU,2400,Mississippi Valley State,MVSU,SWAC,fcs,#005328,#cf2d34
MONM,2405,Monmouth,MONM,Coastal Athletic,fcs,#051844,#null
MONT,149,Montana,MONT,Big Sky,fcs,#751D4A,#666666
MTST,147,Montana State,MTST,Big Sky,fcs,#00205c,#bc955c
MORE,2413,Morehead State,MORE,Pioneer,fcs,#094FA3,#fed91a
MORG,2415,Morgan State,MORG,MEAC,fcs,#014786,#f47937
MUR,93,Murray State,MUR,MVFC,fcs,#002148,#000e00
UNH,160,New Hampshire,UNH,Coastal Athletic,fcs,#004990,#c3c4c6
NHVN,2441,New Haven,NHVN,NEC,fcs,#041e42,#ffc425
NICH,2447,Nicholls,NICH,Southland,fcs,#C41230,#f0f0f0
NORF,2450,Norfolk State,NORF,MEAC,fcs,#0c8968,#fdb813
UNA,2453,North Alabama,UNA,UAC,fcs,#000000,#null
NCAT,2448,North Carolina A&T,NCAT,Coastal Athletic,fcs,#0505aa,#004684
NCCU,2428,North Carolina Central,NCCU,MEAC,fcs,#880023,#c2c3c0
UND,155,North Dakota,UND,MVFC,fcs,#00A26B,#c2c3c0
NAU,2464,Northern Arizona,NAU,Big Sky,fcs,#003976,#1b3069
UNCO,2458,Northern Colorado,UNCO,Big Sky,fcs,#13558D,#ffc533
UNI,2460,Northern Iowa,UNI,MVFC,fcs,#473282,#ffffff
NWST,2466,Northwestern State,NWST,Southland,fcs,#492F91,#ed6118
PENN,219,Pennsylvania,PENN,Ivy,fcs,#082A74,#a6163d
PRST,2502,Portland State,PRST,Big Sky,fcs,#00311e,#ebebeb
PV,2504,Prairie View A&M,PV,SWAC,fcs,#582c83,#eaaa00
PRES,2506,Presbyterian,PRES,Pioneer,fcs,#194896,#990134
PRIN,163,Princeton,PRIN,Ivy,fcs,#000000,#ff6000
URI,227,Rhode Island,URI,Coastal Athletic,fcs,#091f3f,#5ab3e8
RICH,257,Richmond,RICH,Patriot,fcs,#9e0712,#b90b2e
RMU,2523,Robert Morris,RMU,NEC,fcs,#00214D,#a21d2b
SELA,2545,SE Louisiana,SELA,Southland,fcs,#215732,#ffc72c
SHU,2529,Sacred Heart,SHU,Coastal Athletic,fcs,#a40012,#c29472
SAM,2535,Samford,SAM,Southern,fcs,#005485,#bc0023
USD,301,San Diego,USD,Pioneer,fcs,#2f99d4,#2f99d4
SCST,2569,South Carolina State,SCST,MEAC,fcs,#7d1315,#104897
SDAK,233,South Dakota,SDAK,MVFC,fcs,#CD1241,#f0f0f0
SDST,2571,South Dakota State,SDST,MVFC,fcs,#0033a0,#ffd100
SEMO,2546,Southeast Missouri State,SEMO,OVC,fcs,#c8102e,#000000
SOU,2582,Southern,SOU,SWAC,fcs,#004B97,#ffc82d
SIU,79,Southern Illinois,SIU,MVFC,fcs,#85283D,#c2c3c0
SUU,253,Southern Utah,SUU,Big Sky,fcs,#c72026,#000000
STMN,2900,St. Thomas (MN),STMN,Pioneer,fcs,#000000,#null
SFA,2617,Stephen F. Austin,SFA,Southland,fcs,#393996,#bec0c2
STET,56,Stetson,STET,Pioneer,fcs,#0a5640,#56854e
STO,284,Stonehill,STO,NEC,fcs,#000000,#null
STBK,2619,Stony Brook,STBK,Coastal Athletic,fcs,#990000,#null
TAR,2627,Tarleton State,TAR,UAC,fcs,#000000,#null
TNST,2634,Tennessee State,TNST,OVC,fcs,#171796,#f0f0f0
TNTC,2635,Tennessee Tech,TNTC,Southern,fcs,#5A4099,#ffde00
TXSO,2640,Texas Southern,TXSO,SWAC,fcs,#860038,#ffffff
CIT,2643,The Citadel,CIT,Southern,fcs,#7badd3,#002856
TOW,119,Towson,TOW,Coastal Athletic,fcs,#FFC229,#null
UALB,399,UAlbany,UALB,Coastal Athletic,fcs,#3D2777,#ffffff
UCD,302,UC Davis,UCD,Big Sky,fcs,#002855,#c3c4c6
UTM,2630,UT Martin,UTM,OVC,fcs,#FF6700,#102a5c
RGV,292,UT Rio Grande Valley,RGV,Southland,fcs,#null,#null
UTU,3101,Utah Tech,UTU,Big Sky,fcs,#000000,#null
VMI,2678,VMI,VMI,Southern,fcs,#ae122a,#ffd619
VAL,2674,Valparaiso,VAL,Pioneer,fcs,#794500,#null
VILL,222,Villanova,VILL,Patriot,fcs,#00205b,#13b5ea
WAG,2681,Wagner,WAG,NEC,fcs,#00483A,#ffffff
WEB,2692,Weber State,WEB,Big Sky,fcs,#18005a,#ebebeb
WFL,110242,West Florida,WFL,UAC,fcs,#null,#null
WGA,2698,West Georgia,WGA,UAC,fcs,#0033a1,#db1a21
WCU,2717,Western Carolina,WCU,Southern,fcs,#492F91,#bf9e70
WIU,2710,Western Illinois,WIU,OVC,fcs,#4e1e8a,#ffc90a
W&M,2729,William & Mary,W&M,Patriot,fcs,#115740,#f0b323
WOF,2747,Wofford,WOF,Southern,fcs,#533B23,#f0f0f0
YALE,43,Yale,YALE,Ivy,fcs,#004a81,#286dc0
YSU,2754,Youngstown State,YSU,MVFC,fcs,#E51936,#690717
ADSU,2001,Adams State,ADSU,Rocky Mountain,ii,#000000,#null
ADR,2003,Adrian,ADR,Michigan,iii,#000000,#null
ABSU,2013,Albany State,ABSU,SIAC,ii,#000000,#null
ALBI,2790,Albion,ALBI,Michigan,iii,#000000,#null
ALBR,2015,Albright,ALBR,Mid Atlantic,iii,#c82e48,#000000
ABC,2017,Alderson-Broaddus,ABC,Mountain East,ii,#null,#null
ALFR,365,Alfred,ALFR,Empire 8,iii,#000000,#null
AFST,3162,Alfred State,AFST,Empire 8,iii,#000000,#null
ALLG,2018,Allegheny,ALLG,Presidents',iii,#000000,#null
ALNU,2019,Allen,ALNU,SIAC,ii,#null,#null
ALMA,2800,Alma,ALMA,Michigan,iii,#000000,#null
ALVR,111674,Alvernia,ALVR,Mid Atlantic,iii,#null,#null
AIC,2022,American International,AIC,Northeast 10,ii,#000000,#null
AMH,7,Amherst,AMH,NESCAC,iii,#3f1f69,#ffffff
ANIN,2023,Anderson (IN),ANIN,Heartland,iii,#000000,#null
ANSC,129469,Anderson (SC),ANSC,South Atlantic,ii,#null,#null
AGSU,2025,Angelo State,AGSU,Lone Star,ii,#000000,#null
ANN,15,Anna Maria College,ANN,MSCAC,iii,#null,#null
APPRE,3111,Apprentice School,APPRE,Independent DIII,iii,#000000,#null
UAM,2028,Arkansas Monticello,UAM,Great American,ii,#000000,#null
ARTE,2033,Arkansas Tech,ARTE,Great American,ii,#000000,#null
ASH,308,Ashland,ASH,Great Midwest Athletic,ii,#000000,#null
ASP,2038,Assumption,ASP,Northeast 10,ii,#000000,#null
AUGS,124,Augsburg,AUGS,Minnesota,iii,#74233d,#a9a9aa
AUGC,2042,Augustana (IL),AUGC,CCIW,iii,#000000,#null
AUSD,2043,Augustana (SD),AUSD,Northern Sun,ii,#000000,#null
AUR,2044,Aurora,AUR,NACC,iii,#00549f,#000000
AUS,2045,Austin,AUS,Southern Collegiate Athletic,iii,#000000,#null
AVER,2047,Averett,AVER,Old Dominion,iii,#012853,#fdbb30
APU,2049,Azusa Pacific,APU,So. Cal.,iii,#000000,#null
BW,188,Baldwin Wallace,BW,Ohio,iii,#000000,#null
BART,122666,Barton,BART,Carolinas,ii,#000000,#null
BATE,121,Bates,BATE,NESCAC,iii,#a51e36,#b2b3b2
BELH,2056,Belhaven,BELH,USA South,iii,#215732,#f2a900
BELO,266,Beloit,BELO,Midwest,iii,#000000,#null
BST,132,Bemidji State,BST,Northern Sun,ii,#000000,#null
BEN,490,Benedict,BEN,SIAC,ii,#null,#null
BNIL,2283,Benedictine (IL),BNIL,NACC,iii,#000000,#null
BENT,2060,Bentley,BENT,Northeast 10,ii,#000000,#null
BERR,2757,Berry,BERR,Southern Athletic,iii,#00205b,#a2aaad
BCWV,2062,Bethany (WV),BCWV,Presidents',iii,#000000,#null
BUMN,2802,Bethel (MN),BUMN,Minnesota,iii,#002d62,#b59859
BIR,3,Birmingham-Southern,BIR,Southern Athletic,iii,#000000,#null
BHSU,2069,Black Hills State,BHSU,Rocky Mountain,ii,#000000,#null
BBU,2071,Bloomsburg,BBU,Pennsylvania State Athletic,ii,#000000,#null
BLUS,124180,Bluefield State,BLUS,CIAA,ii,#null,#null
BLF,2074,Bluffton,BLF,Heartland,iii,#46166a,#ffffff
BOW,340,Bowdoin,BOW,NESCAC,iii,#ffffff,#000000
BOWE,2075,Bowie State,BOWE,CIAA,ii,#000000,#null
BRE,2913,Brevard,BRE,USA South,iii,#000000,#null
BRI,2079,Bridgewater,BRI,Old Dominion,iii,#990022,#8d724b
BRIS,18,Bridgewater State,BRIS,MSCAC,iii,#bf2f38,#000000
BRO,2781,Brockport,BRO,Empire 8,iii,#000000,#null
BVU,63,Buena Vista,BVU,American Rivers,iii,#feba12,#001440
BSU,2085,Buffalo State,BSU,Liberty League,iii,#000000,#null
CSUP,2570,CSU Pueblo,CSUP,Rocky Mountain,ii,#000000,#null
CLU,2094,Cal Lutheran,CLU,So. Cal.,iii,#3b2361,#fec223
CAPA,2858,California (PA),CAPA,Pennsylvania State Athletic,ii,#000000,#null
CALU,129738,Calvin,CALU,Michigan,iii,#000000,#null
CAPU,424,Capital,CAPU,Ohio,iii,#000000,#null
CAR,2101,Carleton,CAR,Minnesota,iii,#173a79,#edac09
CGMU,2102,Carnegie Mellon,CGMU,Presidents',iii,#000000,#null
CRU,32,Carroll (WI),CRU,CCIW,iii,#000000,#null
CN,2105,Carson Newman,CN,South Atlantic,ii,#f2682a,#0c233f
CCW,2106,Carthage,CCW,CCIW,iii,#000000,#null
CWRU,2963,Case Western Reserve,CWRU,Presidents',iii,#000000,#null
CAT,2107,Catawba,CAT,South Atlantic,ii,#0c233f,#cb152f
CATH,2108,Catholic,CATH,Landmark Conference,iii,#000000,#null
CTLA,101442,Centenary (LA),CTLA,Southern Collegiate Athletic,iii,#000000,#null
CNTC,2964,Central College,CNTC,American Rivers,iii,#ea0029,#c8c8c8
UCM,2118,Central Missouri,UCM,Mid America,ii,#000000,#null
UCO,2122,Central Oklahoma,UCO,Mid America,ii,#000000,#null
CNSU,2119,Central State,CNSU,SIAC,ii,#000000,#null
CWAU,2120,Central Washington,CWAU,Lone Star,ii,#000000,#null
CCO,2121,Centre,CCO,Southern Athletic,iii,#000000,#null
CHAD,2123,Chadron State,CHAD,Rocky Mountain,ii,#000000,#null
CHAP,411,Chapman,CHAP,So. Cal.,iii,#ab1d38,#000000
UCWV,2128,Charleston (WV),UCWV,Mountain East,ii,#000000,#null
CHE,2129,Cheyney,CHE,Pennsylvania State Athletic,ii,#000000,#null
CHI,80,Chicago,CHI,Midwest,iii,#000000,#null
CWAN,2804,Chowan,CWAN,Carolinas,ii,#000000,#null
CNU,3112,Christopher Newport,CNU,New Jersey,iii,#000000,#null
CMS,17,Claremont Mudd Scripps,CMS,So. Cal.,iii,#981a31,#feba15
CLRN,2134,Clarion,CLRN,Pennsylvania State Athletic,ii,#000000,#null
CKGA,2805,Clark Atlanta,CKGA,SIAC,ii,#000000,#null
USCG,2557,Coast Guard,USCG,NEWMAC,iii,#000000,#null
COE,2141,Coe,COE,American Rivers,iii,#881922,#c8934a
CLBY,33,Colby,CLBY,NESCAC,iii,#012778,#ffffff
COMU,11,Colorado Mesa,COMU,Rocky Mountain,ii,#000000,#null
CMIN,2146,Colorado School of Mines,CMIN,Rocky Mountain,ii,#000000,#null
CONC,2148,Concord,CONC,Mountain East,ii,#000000,#null
CCMN,2152,Concordia (MN),CCMN,Minnesota,iii,#701d45,#ffffff
CUW,409,Concordia (WI),CUW,NACC,iii,#245699,#b1b3b3
CUC,2151,Concordia Chicago,CUC,NACC,iii,#572a31,#ffc72e
CSP,3066,Concordia St. Paul,CSP,Northern Sun,ii,#000000,#null
CNIA,2155,Cornell (IA),CNIA,Midwest,iii,#000000,#null
CRWN,509,Crown,CRWN,Upper Midwest,iii,#5c2f92,#ffffff
CC,40,Curry,CC,Commonwealth Coast,iii,#65448b,#ffffff
DU,110254,Davenport,DU,GLIAC,ii,#null,#null
DPU,83,DePauw,DPU,North Coast,iii,#000000,#null
DEAN,110438,Dean,DEAN,MSCAC,iii,#null,#null
DVU,2808,Delaware Valley,DVU,Mid Atlantic,iii,#004c23,#e6b71b
DLST,2170,Delta State,DLST,Gulf South,ii,#00753e,#000000
DSN,2171,Denison,DSN,North Coast,iii,#000000,#null
DKSN,2175,Dickinson,DKSN,Centennial,iii,#ed192d,#000000
DBQ,49,Dubuque,DBQ,American Rivers,iii,#000000,#null
ECNU,2191,East Central,ECNU,Great American,ii,#000000,#null
ESU,2188,East Stroudsburg,ESU,Pennsylvania State Athletic,ii,#000000,#null
ETBU,2194,East Texas Baptist,ETBU,American Southwest,iii,#002b44,#e0ad13
EU,127954,Eastern,EU,Mid Atlantic,iii,#null,#null
ENMU,2201,Eastern New Mexico,ENMU,Lone Star,ii,#000000,#null
EDBR,2205,Edinboro,EDBR,Pennsylvania State Athletic,ii,#000000,#null
EDW,2206,Edward Waters,EDW,SIAC,ii,#null,#null
ECSU,2207,Elizabeth City State,ECSU,CIAA,ii,#000000,#null
ELMH,72,Elmhurst,ELMH,CCIW,iii,#000000,#null
EHC,2213,Emory & Henry,EHC,South Atlantic,ii,#1e376d,#daad27
EMSU,2214,Emporia State,EMSU,Mid America,ii,#000000,#null
ENDC,452,Endicott,ENDC,Commonwealth Coast,iii,#000000,#null
ERSK,101784,Erskine,ERSK,Carolinas,ii,#000000,#null
ERKA,101,Eureka,ERKA,NACC,iii,#960a2c,#c09a05
FDUF,2221,FDU Florham,FDUF,Mid Atlantic,iii,#003f87,#a32638
FMSU,2986,Fairmont State,FMSU,Mountain East,ii,#000000,#null
FAYU,2220,Fayetteville State,FAYU,CIAA,ii,#000000,#null
FRST,2222,Ferris State,FRST,GLIAC,ii,#000000,#null
FC,366,Ferrum,FC,Carolinas,ii,#000000,#c0a656
UF,2224,Findlay,UF,Great Midwest Athletic,ii,#000000,#null
FINL,109418,Finlandia University,FINL,Upper Midwest,iii,#null,#null
FBSU,114,Fitchburg State,FBSU,MSCAC,iii,#024d36,#fbbf16
FHSU,2231,Fort Hays,FHSU,Mid America,ii,#000000,#null
FLWC,2237,Fort Lewis,FLWC,Rocky Mountain,ii,#000000,#null
FVSU,2232,Fort Valley State,FVSU,SIAC,ii,#f9bd0a,#2a307f
FRSU,2967,Framingham State,FRSU,MSCAC,iii,#000000,#null
FRKL,2233,Franklin,FRKL,Heartland,iii,#1b295b,#fdd106
FMC,2234,Franklin & Marshall,FMC,Centennial,iii,#25377d,#6cb3e9
FP,112334,Franklin Pierce,FP,Northeast 10,ii,#null,#null
FSTU,341,Frostburg State,FSTU,Mountain East,ii,#000000,#null
GLDT,417,Gallaudet,GLDT,Southern Collegiate Athletic,iii,#000000,#null
GANN,367,Gannon,GANN,Pennsylvania State Athletic,ii,#000000,#null
GEN,2242,Geneva,GEN,Presidents',iii,#000000,#null
GFU,415,George Fox,GFU,Northwest,iii,#002d62,#c2a303
GTYB,2248,Gettysburg,GTYB,Centennial,iii,#000000,#null
GVLS,2249,Glenville State,GVLS,Mountain East,ii,#000000,#null
GVSU,125,Grand Valley State,GVSU,GLIAC,ii,#000000,#null
GRNB,2256,Greensboro,GRNB,USA South,iii,#000000,#null
GRNV,2257,Greenville,GRNV,Upper Midwest,iii,#f36917,#000000
GRNL,65,Grinnell,GRNL,Midwest,iii,#000000,#null
GRO,146,Grove City,GRO,Presidents',iii,#000000,#null
GLFD,2258,Guilford,GLFD,Old Dominion,iii,#910028,#dcddde
GAC,2968,Gustavus Adolphus,GAC,Minnesota,iii,#000000,#ebb700
HAM,348,Hamilton,HAM,NESCAC,iii,#062f87,#d5b98b
HMLN,162,Hamline,HMLN,Minnesota,iii,#98012e,#ffffff
HSC,297,Hampden Sydney,HSC,Old Dominion,iii,#900028,#a8b1b7
HNVR,2262,Hanover,HNVR,Heartland,iii,#0b486d,#990000
HSU,2810,Hardin Simmons,HSU,American Southwest,iii,#5b2d83,#fec52f
HARD,2264,Harding,HARD,Great American,ii,#000000,#null
HRTW,173,Hartwick,HRTW,Empire 8,iii,#000000,#null
HDBG,191,Heidelberg,HDBG,Ohio,iii,#000000,#null
HSTU,2271,Henderson State,HSTU,Great American,ii,#000000,#null
HDX,418,Hendrix,HDX,Southern Athletic,iii,#null,#null
HLBT,125974,Hilbert,HLBT,Empire 8,iii,#null,#null
HLDL,2273,Hillsdale,HLDL,Great Midwest Athletic,ii,#000000,#null
HIRM,2274,Hiram,HIRM,Presidents',iii,#000000,#null
HBRT,174,Hobart,HBRT,Liberty League,iii,#000000,#null
HOPE,2812,Hope,HOPE,Michigan,iii,#000000,#null
HWPU,2758,Howard Payne,HWPU,American Southwest,iii,#02215b,#b5985b
HNTC,2938,Huntingdon,HNTC,USA South,iii,#000000,#null
HUSS,2280,Husson,HUSS,Commonwealth Coast,iii,#004b44,#b09a5f
IUP,2291,IU Pennsylvania,IUP,Pennsylvania State Athletic,ii,#000000,#null
ILLC,2286,Illinois College,ILLC,Midwest,iii,#000000,#null
ILWU,306,Illinois Wesleyan,ILWU,CCIW,iii,#000000,#null
INDY,2292,Indianapolis,INDY,Great Lakes,ii,#000000,#null
ITH,175,Ithaca,ITH,Liberty League,iii,#000000,#null
UJ,2939,Jamestown,UJ,Northern Sun,ii,#000000,#null
JCU,2302,John Carroll,JCU,Ohio,iii,#000000,#null
JHU,118,Johns Hopkins,JHU,Centennial,iii,#000000,#null
JCSU,2304,Johnson C. Smith,JCSU,CIAA,ii,#000000,#null
JUN,246,Juniata,JUN,Landmark Conference,iii,#031832,#ac9c66
KALC,126,Kalamazoo,KALC,Michigan,iii,#000000,#null
KEAN,2871,Kean,KEAN,New Jersey,iii,#092f56,#ffffff
KYSU,2310,Kentucky State,KYSU,SIAC,ii,#000000,#null
KWC,2316,Kentucky Wesleyan,KWC,Great Midwest Athletic,ii,#000000,#null
KNY,352,Kenyon,KNY,North Coast,iii,#000000,#null
KYSN,122774,Keystone,KYSN,Independent DIII,iii,#null,#null
KNGS,247,King's,KNGS,Mid Atlantic,iii,#c41230,#000000
KNOX,255,Knox,KNOX,Midwest,iii,#000000,#null
KUTZ,2315,Kutztown,KUTZ,Pennsylvania State Athletic,ii,#000000,#null
ULV,2318,La Verne,ULV,So. Cal.,iii,#004812,#f89828
LGC,548,LaGrange,LGC,USA South,iii,#000000,#null
LKER,437,Lake Erie,LKER,Great Midwest Athletic,ii,#000000,#null
LFC,262,Lake Forest,LFC,Midwest,iii,#000000,#null
LKLD,6353,Lakeland,LKLD,NACC,iii,#null,#null
LANE,2323,Lane College,LANE,SIAC,ii,#000000,#null
LAW,268,Lawrence,LAW,Midwest,iii,#000000,#null
LVC,388,Lebanon Valley,LVC,Mid Atlantic,iii,#003767,#ffffff
LENR,2331,Lenoir Rhyne,LENR,South Atlantic,ii,#000000,#ffffff
LC,2333,Lewis & Clark,LC,Northwest,iii,#f37737,#000000
LIMESTONE,2336,Limestone,LIMESTONE,South Atlantic,ii,#19468d,#fff607
LNCA,124179,Lincoln (CA),LNCA,Independent DII,ii,#null,#null
LNMO,2876,Lincoln (MO),LNMO,Great Lakes,ii,#000000,#null
LNPA,2339,Lincoln (PA),LNPA,CIAA,ii,#000000,#null
LINF,203,Linfield,LINF,Northwest,iii,#46256a,#d41e47
LIV,2940,Livingstone,LIV,CIAA,ii,#000000,#null
LHU,209,Lock Haven,LHU,Pennsylvania State Athletic,ii,#000000,#null
LOR,263,Loras,LOR,American Rivers,iii,#452d7d,#d2b888
LUTH,67,Luther,LUTH,Midwest,iii,#015a9c,#a5bbda
LYCO,2354,Lycoming,LYCO,Landmark Conference,iii,#15283f,#eaa22e
LYON,101161,Lyon,LYON,Southern Collegiate Athletic,iii,#000000,#null
MIT,109,MIT,MIT,NEWMAC,iii,#000000,#null
MAC,2359,Macalester,MAC,Minnesota,iii,#000000,#null
UMMA,274,Maine Maritime,UMMA,Commonwealth Coast,iii,#000000,#null
MNCH,2362,Manchester,MNCH,Heartland,iii,#ddac14,#000000
MRTT,317,Marietta,MRTT,Ohio,iii,#000000,#null
MHU,2369,Mars Hill,MHU,South Atlantic,ii,#004b8d,#efc814
MLC,446,Martin Luther,MLC,Upper Midwest,iii,#000000,#null
MHB,2371,Mary Hardin Baylor,MHB,American Southwest,iii,#492f92,#fece1c
MCTN,2373,Maryville (TN),MCTN,USA South,iii,#000000,#null
MMT,110,Mass Maritime,MMT,MSCAC,iii,#212c62,#fed523
MCD,2700,McDaniel,MCD,Centennial,iii,#00674d,#f5cc2e
MCK,2816,McKendree,MCK,Great Lakes,ii,#000000,#null
MCM,241,McMurry,MCM,American Southwest,iii,#98002e,#000000
MMA,2383,Merchant Marine,MMA,NEWMAC,iii,#000000,#null
MU,291,Methodist,MU,USA South,iii,#000000,#null
MTU,2392,Michigan Tech,MTU,GLIAC,ii,#000000,#null
MIDB,2394,Middlebury,MIDB,NESCAC,iii,#365a8a,#ffffff
MWSU,2395,Midwestern State,MWSU,Lone Star,ii,#000000,#null
MILE,2396,Miles,MILE,SIAC,ii,#000000,#null
MILL,210,Millersville,MILL,Pennsylvania State Athletic,ii,#000000,#null
MILK,74,Millikin,MILK,CCIW,iii,#000000,#null
MLSP,2398,Millsaps,MLSP,Southern Athletic,iii,#000000,#null
UMD,134,Minnesota Duluth,UMD,Northern Sun,ii,#000000,#null
MNMO,2399,Minnesota Morris,MNMO,Upper Midwest,iii,#8d191b,#e19c25
MSUM,2817,Minnesota St Moorhead,MSUM,Northern Sun,ii,#000000,#null
MNST,2364,Minnesota State,MNST,Northern Sun,ii,#000000,#null
MINS,568,Minot State,MINS,Northern Sun,ii,#000000,#null
MISE,2969,Misericordia,MISE,Mid Atlantic,iii,#000000,#null
MIS,2401,Mississippi College,MIS,Gulf South,ii,#0c2240,#c89700
MS&T,2402,Missouri S&T,MS&T,Great Lakes,ii,#000000,#null
MSSU,2403,Missouri Southern State,MSSU,Mid America,ii,#000000,#null
MOWE,137,Missouri Western,MOWE,Mid America,ii,#000000,#null
MNIL,2919,Monmouth (IL),MNIL,Midwest,iii,#000000,#null
MCST,2818,Montclair State,MCST,New Jersey,iii,#c20f2f,#53585a
MOR,323,Moravian,MOR,Landmark Conference,iii,#1f3361,#a5a6a9
MRHO,60,Morehouse,MRHO,SIAC,ii,#000000,#null
MOU,481,Mount Ida College,MOU,ECFC,iii,#000000,#null
MSJ,2419,Mount St Joseph,MSJ,Heartland,iii,#002d5d,#f5ce3e
UMU,426,Mount Union,UMU,Ohio,iii,#000000,#null
MUHL,2422,Muhlenberg,MUHL,Centennial,iii,#000000,#null
MSK,332,Muskingum,MSK,Ohio,iii,#000000,#null
NEBK,2438,Nebraska Kearney,NEBK,Mid America,ii,#000000,#null
NWU,6845,Nebraska Wesleyan,NWU,American Rivers,iii,#null,#null
UNE,111675,New England,UNE,Commonwealth Coast,iii,#null,#null
NMHU,2424,New Mexico Highlands,NMHU,Rocky Mountain,ii,#000000,#null
NBRY,2444,Newberry,NBRY,South Atlantic,ii,#d02030,#8a8c8f
NICC,2884,Nichols,NICC,Commonwealth Coast,iii,#007b5f,#000000
NCW,286,North Carolina Wesleyan,NCW,USA South,iii,#000000,#null
NCC,3071,North Central College,NCC,CCIW,iii,#000000,#null
NGU,2822,North Greenville,NGU,Carolinas,ii,#d91e39,#000000
NPU,75,North Park,NPU,CCIW,iii,#000000,#null
NESU,196,Northeastern State,NESU,Independent DII,ii,#000000,#null
NMI,128,Northern Michigan,NMI,GLIAC,ii,#000000,#null
NSU,425,Northern State,NSU,Northern Sun,ii,#000000,#null
MWMO,138,Northwest Missouri State,MWMO,Mid America,ii,#000000,#null
UNW,583,Northwestern (MN),UNW,Upper Midwest,iii,#000000,#null
NWOK,2823,Northwestern (OK),NWOK,Great American,ii,#000000,#null
NWD,2886,Northwood,NWD,Great Midwest Athletic,ii,#000000,#null
NWCH,2467,Norwich,NWCH,NEWMAC,iii,#000000,#null
NOT,587,Notre Dame College,NOT,Mountain East,ii,#000000,#null
OBE,391,Oberlin,OBE,North Coast,iii,#000000,#null
OCC,2475,Occidental,OCC,So. Cal.,iii,#000000,#null
OHIOD,2477,Ohio Dominican,,Great Midwest Athletic,ii,#null,#null
OHNU,427,Ohio Northern,OHNU,Ohio,iii,#000000,#null
OWU,2980,Ohio Wesleyan,OWU,North Coast,iii,#000000,#null
OKBU,319,Oklahoma Baptist,OKBU,Great American,ii,#null,#null
OPSU,2824,Oklahoma Panhandle,OPSU,Independent DII,ii,#000000,#null
UOO,354,Olivet,UOO,Michigan,iii,#000000,#null
OTTB,359,Otterbein,OTTB,Ohio,iii,#000000,#null
OBU,2888,Ouachita Baptist,OBU,Great American,ii,#000000,#null
PACE,2487,Pace,PACE,Northeast 10,ii,#000000,#null
PCOR,205,Pacific (OR),PCOR,Northwest,iii,#b4183a,#ffffff
PCLT,2486,Pacific Lutheran,PCLT,Northwest,iii,#ffc423,#000000
PTSU,90,Pittsburg State,PTSU,Mid America,ii,#000000,#null
PLYM,2972,Plymouth State,PLYM,MSCAC,iii,#054e39,#000000
POPI,2923,Pomona Pitzer,POPI,So. Cal.,iii,#00549a,#f7941e
POST,126086,Post,POST,Northeast 10,ii,#null,#null
PUG,2508,Puget Sound,PUG,Northwest,iii,#680001,#ffffff
QUI,2825,Quincy,QUI,Great Lakes,ii,#000000,#null
RMC,2516,Randolph Macon,RMC,Old Dominion,iii,#fcdf12,#000000
REDL,29,Redlands,REDL,So. Cal.,iii,#751708,#ffffff
RPI,2528,Rensselaer,RPI,Liberty League,iii,#000000,#null
RHDS,2519,Rhodes,RHDS,Southern Athletic,iii,#000000,#null
RIP,2891,Ripon,RIP,Midwest,iii,#000000,#null
URNY,184,Rochester (NY),URNY,Liberty League,iii,#000000,#null
RFU,2524,Rockford,RFU,NACC,iii,#5a3f99,#c4c6c8
RSVT,127991,Roosevelt,RSVT,GLIAC,ii,#000000,#null
RHIT,86,Rose Hulman,RHIT,Heartland,iii,#800000,#b3b2b1
ROW,2827,Rowan,ROW,New Jersey,iii,#571b04,#ffcf06
NYCL,2782,SUNY Cortland,NYCL,Empire 8,iii,#000000,#null
NYMT,2951,SUNY Maritime,NYMT,NEWMAC,iii,#000000,#null
NYMS,3110,SUNY Morrisville,NYMS,Empire 8,iii,#000000,#null
SVSU,129,Saginaw Valley State,SVSU,GLIAC,ii,#000000,#null
SANS,2830,Saint Anselm,SANS,Northeast 10,ii,#000000,#null
SFPA,2598,Saint Francis,SFPA,Presidents',iii,#a20012,#null
STJM,2600,Saint John's (MN),STJM,Minnesota,iii,#ce153e,#7baed5
SVC,2614,Saint Vincent,SVC,Presidents',iii,#000000,#null
SAL,2532,Salisbury,SAL,New Jersey,iii,#8b0e04,#fdb913
SALV,2776,Salve Regina,SALV,NEWMAC,iii,#000000,#null
SAV,2542,Savannah State,SAV,SIAC,ii,#280298,#f78f1e
SCHRE,1001088,Schreiner,,American Southwest,iii,#null,#null
SEHI,611,Seton Hill,SEHI,Pennsylvania State Athletic,ii,#000000,#null
SEWA,2553,Sewanee,SEWA,Southern Athletic,iii,#000000,#null
SHAW,2551,Shaw,SHAW,CIAA,ii,#000000,#null
SHEN,2828,Shenandoah,SHEN,Old Dominion,iii,#000000,#null
SHEP,2974,Shepherd,SHEP,Pennsylvania State Athletic,ii,#000000,#null
SHIP,2559,Shippensburg,SHIP,Pennsylvania State Athletic,ii,#000000,#null
SHOU,2560,Shorter,SHOU,Carolinas,ii,#000000,#null
SIM,2829,Simon Fraser,SIM,Lone Star,ii,#000000,#null
SCIA,2564,Simpson (IA),SCIA,American Rivers,iii,#b20838,#f0b310
SFU,2894,Sioux Falls,SFU,Northern Sun,ii,#000000,#null
SRU,215,Slippery Rock,SRU,Pennsylvania State Athletic,ii,#000000,#null
SDMT,613,South Dakota Mines,SDMT,Rocky Mountain,ii,#000000,#null
SEOK,199,Southeastern Oklahoma State,SEOK,Great American,ii,#000000,#null
SAR,2568,Southern Arkansas,SAR,Great American,ii,#000000,#null
SCTS,2583,Southern Connecticut State,SCTS,Northeast 10,ii,#000000,#null
SNU,200,Southern Nazarene,SNU,Great American,ii,#000000,#null
SOVA,2896,Southern Virginia,SOVA,USA South,iii,#000000,#null
SWBU,2586,Southwest Baptist,SWBU,Great Lakes,ii,#000000,#null
SWMS,2587,Southwest Minnesota State,SWMS,Northern Sun,ii,#000000,#null
SOSU,2927,Southwestern Oklahoma State,SOSU,Great American,ii,#000000,#null
SWU,2588,Southwestern U,SWU,Southern Athletic,iii,#000000,#ffcd00
SPR,81,Springfield,SPR,NEWMAC,iii,#000000,#null
STA,395,St. Augustine's,STA,CIAA,ii,#000000,#null
STJF,374,St. John Fisher,STJF,Empire 8,iii,#000000,#null
ST,2601,St. Joseph's (IN),ST,Great Lakes,ii,#000000,#null
USL,2779,St. Lawrence,USL,Liberty League,iii,#000000,#null
STNC,2832,St. Norbert,STNC,NACC,iii,#000000,#null
OLAF,133,St. Olaf,OLAF,Minnesota,iii,#000000,#d18c29
CSS,375,St. Scholastica,CSS,Minnesota,iii,#000000,#null
STVS,471,Stevenson,STVS,Mid Atlantic,iii,#005747,#000000
SRST,2834,Sul Ross State,SRST,Lone Star,ii,#000000,#null
SUSQ,216,Susquehanna,SUSQ,Landmark Conference,iii,#6b1a31,#fd6b0d
TAMK,2658,Texas A&M-Kingsville,TAMK,Lone Star,ii,#000000,#null
TXLU,2639,Texas Lutheran,TXLU,Southern Collegiate Athletic,iii,#fdbe10,#000000
TCNJ,2442,The College of New Jersey,TCNJ,New Jersey,iii,#154c7d,#fbbc20
THI,2644,Thiel,THI,Presidents',iii,#000000,#null
TMOR,2646,Thomas More,TMOR,Great Midwest Athletic,ii,#000000,#null
TIFF,2838,Tiffin,TIFF,Great Midwest Athletic,ii,#000000,#null
TIF,625,Tiffin University,TIF,Great Midwest Athletic,ii,#null,#null
TRNE,2651,Trine,TRNE,Michigan,iii,#000000,#null
TCCT,2977,Trinity (CT),TCCT,NESCAC,iii,#032d58,#fecd01
TUTX,386,Trinity (TX),TUTX,Southern Athletic,iii,#000000,#null
TRST,2654,Truman State,TRST,Great Lakes,ii,#000000,#null
TUFT,112,Tufts,TUFT,NESCAC,iii,#3e8ede,#c6beb6
TUSC,2839,Tusculum,TUSC,South Atlantic,ii,#f2682a,#000000
TUSK,2657,Tuskegee,TUSK,SIAC,ii,#000000,#null
MDAR,379,UMass Dartmouth,MDAR,MSCAC,iii,#000000,#null
UNCP,2882,UNC Pembroke,UNCP,Carolinas,ii,#000000,#null
UTPB,110243,UT Permian Basin,UTPB,Lone Star,ii,#null,#null
UVAW,2842,UVA Wise,UVAW,South Atlantic,ii,#e30000,#000000
UNNY,237,Union,UNNY,Liberty League,iii,#762334,#000000
MARY,559,University of Mary,MARY,Northern Sun,ii,#000000,#null
UIU,389,Upper Iowa,UIU,Great Lakes,ii,#000000,#null
URSN,2667,Ursinus,URSN,Centennial,iii,#98012e,#fcb034
UTIC,390,Utica,UTIC,Empire 8,iii,#000000,#null
VALD,2673,Valdosta State,VALD,Gulf South,ii,#dd1a32,#000000
VTSC,293,Vermont State Castleton,VTSC,New Jersey,iii,#000000,#null
VSU,330,Virginia State,VSU,CIAA,ii,#000000,#null
VUU,2676,Virginia Union,VUU,CIAA,ii,#000000,#null
WPI,2749,WPI,WPI,NEWMAC,iii,#000000,#null
WAB,89,Wabash,WAB,North Coast,iii,#000000,#null
WLSH,2682,Walsh,WLSH,Great Midwest Athletic,ii,#000000,#null
WTBG,2685,Wartburg,WTBG,American Rivers,iii,#f5822b,#000000
WSBN,2687,Washburn,WSBN,Mid America,ii,#000000,#null
W&J,2686,Washington & Jefferson,W&J,Presidents',iii,#000000,#null
WUMO,143,Washington St. Louis,WUMO,North Coast,iii,#000000,#null
W&L,2688,Washington and Lee,W&L,Old Dominion,iii,#000399,#d8d8d8
WSMI,131,Wayne State (MI),WSMI,GLIAC,ii,#000000,#null
WSNE,2844,Wayne State (NE),WSNE,Northern Sun,ii,#000000,#null
WAYN,2845,Waynesburg,WAYN,Presidents',iii,#000000,#null
WSCT,336,Wesleyan (CT),WSCT,NESCAC,iii,#d72121,#000000
UWA,2695,West Alabama,UWA,Gulf South,ii,#d31d33,#ffffff
WCHT,223,West Chester,WCHT,Pennsylvania State Athletic,ii,#000000,#null
WLU,2699,West Liberty,WLU,Mountain East,ii,#000000,#null
WTAM,2704,West Texas,WTAM,Lone Star,ii,#000000,#null
WVSU,2707,West Virginia State,WVSU,Mountain East,ii,#000000,#null
WVWC,455,West Virginia Wesleyan,WVWC,Mountain East,ii,#000000,#null
WCOL,2714,Western Colorado,WCOL,Rocky Mountain,ii,#000000,#null
WCSU,2843,Western Connecticut State,WCSU,Landmark Conference,iii,#002857,#ffffff
WNE,2702,Western New England,WNE,Commonwealth Coast,iii,#000000,#null
WNMU,2703,Western New Mexico,WNMU,Lone Star,ii,#000000,#null
WORU,2848,Western Oregon,WORU,Lone Star,ii,#000000,#null
WFST,2909,Westfield State,WFST,MSCAC,iii,#1b509e,#000000
WCMO,433,Westminster (MO),WCMO,Upper Midwest,iii,#06496f,#ffffff
WCPA,2849,Westminster (PA),WCPA,Presidents',iii,#000000,#null
WCIL,396,Wheaton (IL),WCIL,CCIW,iii,#000000,#null
WHLG,112335,Wheeling,WHLG,Mountain East,ii,#null,#null
WHTR,2850,Whittier,WHTR,So. Cal.,iii,#4a217b,#b29547
WHIW,2721,Whitworth,WHIW,Northwest,iii,#930036,#000000
WIDE,2725,Widener,WIDE,Mid Atlantic,iii,#0056ba,#fdc743
WILK,398,Wilkes,WILK,Landmark Conference,iii,#002856,#ffcd00
WLMT,2930,Willamette,WLMT,Northwest,iii,#960a2c,#ab9e76
WJC,2911,William Jewell,WJC,Great Lakes,ii,#000000,#null
WPU,2970,William Paterson,WPU,New Jersey,iii,#000000,#f57b21
WLM,2731,Williams,WLM,NESCAC,iii,#500082,#ffbe0a
WCOH,2733,Wilmington (OH),WCOH,Ohio,iii,#000000,#null
WINU,351,Wingate,WINU,South Atlantic,ii,#182441,#c1b585
WNST,2851,Winona State,WNST,Northern Sun,ii,#000000,#null
WSSU,2736,Winston-Salem State,WSSU,CIAA,ii,#bb0100,#null
UWEC,2738,Wisconsin Eau Claire,UWEC,Wisconsin,iii,#000000,#null
UWL,2740,Wisconsin La Crosse,UWL,Wisconsin,iii,#000000,#null
WLC,2741,Wisconsin Lutheran,WLC,NACC,iii,#006241,#000000
UWO,271,Wisconsin Oshkosh,UWO,Wisconsin,iii,#000000,#null
UWP,272,Wisconsin Platteville,UWP,Wisconsin,iii,#000000,#null
UWRF,2723,Wisconsin River Falls,UWRF,Wisconsin,iii,#000000,#null
UWSP,2743,Wisconsin Stevens Point,UWSP,Wisconsin,iii,#000000,#null
UWST,2744,Wisconsin Stout,UWST,Wisconsin,iii,#000000,#null
UWW,2745,Wisconsin Whitewater,UWW,Wisconsin,iii,#000000,#null
WITT,2746,Wittenberg,WITT,North Coast,iii,#000000,#null
WOO,2748,Wooster,WOO,North Coast,iii,#000000,#null
WORC,402,Worcester State,WORC,MSCAC,iii,#004b8e,#ffc629
