src,team,slot,stat,avg,rank,lg,gp
2025,ATL,C,pts,14.842,9,15.065,47
2025,ATL,C,reb,8.105,9,8.544,47
2025,ATL,C,ast,2.632,7,2.678,47
2025,ATL,C,tpm,0.632,8,0.672,47
2025,ATL,C,stl,0.921,9,1.028,47
2025,ATL,C,blk,1.211,9,1.211,47
2025,ATL,C,tov,2.211,6,2.203,47
2025,ATL,C,fga,13.0,5,12.118,47
2025,ATL,C,fta,2.658,12,3.409,47
2025,ATL,C,min,34.316,6,33.576,47
2025,ATL,C,pra,25.579,8,26.287,47
2025,ATL,C,pr,22.947,8,23.609,47
2025,ATL,C,pa,17.474,7,17.743,47
2025,ATL,C,ra,10.737,9,11.222,47
2025,ATL,F,pts,25.915,14,32.992,47
2025,ATL,F,reb,14.234,13,17.044,47
2025,ATL,F,ast,4.894,13,6.604,47
2025,ATL,F,tpm,1.83,14,2.934,47
2025,ATL,F,stl,2.426,10,2.682,47
2025,ATL,F,blk,1.809,6,1.507,47
2025,ATL,F,tov,3.745,13,4.288,47
2025,ATL,F,fga,22.021,12,25.37,47
2025,ATL,F,fta,5.532,13,6.535,47
2025,ATL,F,min,66.574,11,71.0,47
2025,ATL,F,pra,45.043,14,56.64,47
2025,ATL,F,pr,40.149,14,50.036,47
2025,ATL,F,pa,30.809,14,39.596,47
2025,ATL,F,ra,19.128,14,23.649,47
2025,ATL,G,pts,38.894,14,45.555,47
2025,ATL,G,reb,10.787,13,12.507,47
2025,ATL,G,ast,11.787,13,14.408,47
2025,ATL,G,tpm,4.17,15,6.325,47
2025,ATL,G,stl,3.362,13,3.732,47
2025,ATL,G,blk,0.745,13,1.043,47
2025,ATL,G,tov,5.957,12,6.534,47
2025,ATL,G,fga,35.0,9,38.206,47
2025,ATL,G,fta,8.532,9,8.394,47
2025,ATL,G,min,106.404,7,104.772,47
2025,ATL,G,pra,61.468,14,72.47,47
2025,ATL,G,pr,49.681,14,58.062,47
2025,ATL,G,pa,50.681,14,59.963,47
2025,ATL,G,ra,22.574,14,26.915,47
2025,CHI,C,pts,14.914,8,15.065,44
2025,CHI,C,reb,7.971,11,8.544,44
2025,CHI,C,ast,2.486,10,2.678,44
2025,CHI,C,tpm,1.029,1,0.672,44
2025,CHI,C,stl,1.029,4,1.028,44
2025,CHI,C,blk,1.771,2,1.211,44
2025,CHI,C,tov,2.114,8,2.203,44
2025,CHI,C,fga,11.6,10,12.118,44
2025,CHI,C,fta,3.343,8,3.409,44
2025,CHI,C,min,33.086,9,33.576,44
2025,CHI,C,pra,25.371,9,26.287,44
2025,CHI,C,pr,22.886,9,23.609,44
2025,CHI,C,pa,17.4,9,17.743,44
2025,CHI,C,ra,10.457,11,11.222,44
2025,CHI,F,pts,28.07,9,32.992,44
2025,CHI,F,reb,14.791,12,17.044,44
2025,CHI,F,ast,6.279,4,6.604,44
2025,CHI,F,tpm,2.023,11,2.934,44
2025,CHI,F,stl,3.581,2,2.682,44
2025,CHI,F,blk,2.837,1,1.507,44
2025,CHI,F,tov,3.884,11,4.288,44
2025,CHI,F,fga,22.395,10,25.37,44
2025,CHI,F,fta,7.535,3,6.535,44
2025,CHI,F,min,70.326,6,71.0,44
2025,CHI,F,pra,49.14,8,56.64,44
2025,CHI,F,pr,42.86,9,50.036,44
2025,CHI,F,pa,34.349,8,39.596,44
2025,CHI,F,ra,21.07,10,23.649,44
2025,CHI,G,pts,46.545,3,45.555,44
2025,CHI,G,reb,11.795,9,12.507,44
2025,CHI,G,ast,13.273,5,14.408,44
2025,CHI,G,tpm,6.614,4,6.325,44
2025,CHI,G,stl,5.227,1,3.732,44
2025,CHI,G,blk,1.341,5,1.043,44
2025,CHI,G,tov,5.591,13,6.534,44
2025,CHI,G,fga,37.182,5,38.206,44
2025,CHI,G,fta,9.068,5,8.394,44
2025,CHI,G,min,105.25,10,104.772,44
2025,CHI,G,pra,71.614,4,72.47,44
2025,CHI,G,pr,58.341,3,58.062,44
2025,CHI,G,pa,59.818,4,59.963,44
2025,CHI,G,ra,25.068,8,26.915,44
2025,CLA,F,pts,72.0,1,32.992,1
2025,CLA,F,reb,33.0,1,17.044,1
2025,CLA,F,ast,12.0,2,6.604,1
2025,CLA,F,tpm,6.0,2,2.934,1
2025,CLA,F,stl,2.0,14,2.682,1
2025,CLA,F,blk,0.0,14,1.507,1
2025,CLA,F,tov,7.0,1,4.288,1
2025,CLA,F,fga,43.0,2,25.37,1
2025,CLA,F,fta,6.0,10,6.535,1
2025,CLA,F,min,89.0,1,71.0,1
2025,CLA,F,pra,117.0,1,56.64,1
2025,CLA,F,pr,105.0,1,50.036,1
2025,CLA,F,pa,84.0,1,39.596,1
2025,CLA,F,ra,45.0,1,23.649,1
2025,CLA,G,pts,79.0,1,45.555,1
2025,CLA,G,reb,23.0,1,12.507,1
2025,CLA,G,ast,33.0,1,14.408,1
2025,CLA,G,tpm,15.0,1,6.325,1
2025,CLA,G,stl,1.0,15,3.732,1
2025,CLA,G,blk,0.0,14,1.043,1
2025,CLA,G,tov,5.0,14,6.534,1
2025,CLA,G,fga,61.0,1,38.206,1
2025,CLA,G,fta,10.0,3,8.394,1
2025,CLA,G,min,110.0,1,104.772,1
2025,CLA,G,pra,135.0,1,72.47,1
2025,CLA,G,pr,102.0,1,58.062,1
2025,CLA,G,pa,112.0,1,59.963,1
2025,CLA,G,ra,56.0,1,26.915,1
2025,COL,C,pts,13.0,13,15.065,1
2025,COL,C,reb,8.0,10,8.544,1
2025,COL,C,ast,4.0,1,2.678,1
2025,COL,C,tpm,1.0,2,0.672,1
2025,COL,C,stl,1.0,5,1.028,1
2025,COL,C,blk,0.0,14,1.211,1
2025,COL,C,tov,2.0,12,2.203,1
2025,COL,C,fga,11.0,12,12.118,1
2025,COL,C,fta,0.0,14,3.409,1
2025,COL,C,min,30.0,13,33.576,1
2025,COL,C,pra,25.0,10,26.287,1
2025,COL,C,pr,21.0,12,23.609,1
2025,COL,C,pa,17.0,10,17.743,1
2025,COL,C,ra,12.0,4,11.222,1
2025,COL,F,pts,59.0,2,32.992,1
2025,COL,F,reb,24.0,2,17.044,1
2025,COL,F,ast,14.0,1,6.604,1
2025,COL,F,tpm,10.0,1,2.934,1
2025,COL,F,stl,4.0,1,2.682,1
2025,COL,F,blk,0.0,15,1.507,1
2025,COL,F,tov,3.0,15,4.288,1
2025,COL,F,fga,46.0,1,25.37,1
2025,COL,F,fta,5.0,15,6.535,1
2025,COL,F,min,84.0,2,71.0,1
2025,COL,F,pra,97.0,2,56.64,1
2025,COL,F,pr,83.0,2,50.036,1
2025,COL,F,pa,73.0,2,39.596,1
2025,COL,F,ra,38.0,2,23.649,1
2025,COL,G,pts,59.0,2,45.555,1
2025,COL,G,reb,9.0,15,12.507,1
2025,COL,G,ast,18.0,2,14.408,1
2025,COL,G,tpm,8.0,2,6.325,1
2025,COL,G,stl,3.0,14,3.732,1
2025,COL,G,blk,0.0,15,1.043,1
2025,COL,G,tov,3.0,15,6.534,1
2025,COL,G,fga,50.0,2,38.206,1
2025,COL,G,fta,3.0,15,8.394,1
2025,COL,G,min,85.0,15,104.772,1
2025,COL,G,pra,86.0,2,72.47,1
2025,COL,G,pr,68.0,2,58.062,1
2025,COL,G,pa,77.0,2,59.963,1
2025,COL,G,ra,27.0,2,26.915,1
2025,CON,C,pts,15.771,6,15.065,44
2025,CON,C,reb,8.429,7,8.544,44
2025,CON,C,ast,2.829,5,2.678,44
2025,CON,C,tpm,0.657,6,0.672,44
2025,CON,C,stl,0.971,8,1.028,44
2025,CON,C,blk,1.257,7,1.211,44
2025,CON,C,tov,2.286,4,2.203,44
2025,CON,C,fga,12.029,8,12.118,44
2025,CON,C,fta,3.143,10,3.409,44
2025,CON,C,min,32.657,11,33.576,44
2025,CON,C,pra,27.029,6,26.287,44
2025,CON,C,pr,24.2,6,23.609,44
2025,CON,C,pa,18.6,6,17.743,44
2025,CON,C,ra,11.257,7,11.222,44
2025,CON,F,pts,30.25,4,32.992,44
2025,CON,F,reb,16.0,6,17.044,44
2025,CON,F,ast,6.227,5,6.604,44
2025,CON,F,tpm,2.477,5,2.934,44
2025,CON,F,stl,2.932,4,2.682,44
2025,CON,F,blk,1.864,5,1.507,44
2025,CON,F,tov,4.136,9,4.288,44
2025,CON,F,fga,22.591,9,25.37,44
2025,CON,F,fta,7.955,2,6.535,44
2025,CON,F,min,70.045,7,71.0,44
2025,CON,F,pra,52.477,4,56.64,44
2025,CON,F,pr,46.25,5,50.036,44
2025,CON,F,pa,36.477,4,39.596,44
2025,CON,F,ra,22.227,6,23.649,44
2025,CON,G,pts,43.159,7,45.555,44
2025,CON,G,reb,12.636,4,12.507,44
2025,CON,G,ast,13.159,6,14.408,44
2025,CON,G,tpm,5.409,9,6.325,44
2025,CON,G,stl,3.568,10,3.732,44
2025,CON,G,blk,0.955,10,1.043,44
2025,CON,G,tov,7.614,2,6.534,44
2025,CON,G,fga,33.25,14,38.206,44
2025,CON,G,fta,10.614,1,8.394,44
2025,CON,G,min,104.682,11,104.772,44
2025,CON,G,pra,68.955,7,72.47,44
2025,CON,G,pr,55.795,6,58.062,44
2025,CON,G,pa,56.318,7,59.963,44
2025,CON,G,ra,25.795,6,26.915,44
2025,DAL,C,pts,16.459,5,15.065,44
2025,DAL,C,reb,7.541,12,8.544,44
2025,DAL,C,ast,2.865,3,2.678,44
2025,DAL,C,tpm,0.919,4,0.672,44
2025,DAL,C,stl,0.838,12,1.028,44
2025,DAL,C,blk,1.378,6,1.211,44
2025,DAL,C,tov,2.108,9,2.203,44
2025,DAL,C,fga,12.459,7,12.118,44
2025,DAL,C,fta,4.081,5,3.409,44
2025,DAL,C,min,33.811,8,33.576,44
2025,DAL,C,pra,26.865,7,26.287,44
2025,DAL,C,pr,24.0,7,23.609,44
2025,DAL,C,pa,19.324,3,17.743,44
2025,DAL,C,ra,10.405,12,11.222,44
2025,DAL,F,pts,30.75,3,32.992,44
2025,DAL,F,reb,15.818,7,17.044,44
2025,DAL,F,ast,6.477,3,6.604,44
2025,DAL,F,tpm,2.727,3,2.934,44
2025,DAL,F,stl,2.977,3,2.682,44
2025,DAL,F,blk,1.977,3,1.507,44
2025,DAL,F,tov,4.205,6,4.288,44
2025,DAL,F,fga,22.818,6,25.37,44
2025,DAL,F,fta,8.136,1,6.535,44
2025,DAL,F,min,69.886,8,71.0,44
2025,DAL,F,pra,53.045,3,56.64,44
2025,DAL,F,pr,46.568,3,50.036,44
2025,DAL,F,pa,37.227,3,39.596,44
2025,DAL,F,ra,22.295,5,23.649,44
2025,DAL,G,pts,43.386,6,45.555,44
2025,DAL,G,reb,12.364,5,12.507,44
2025,DAL,G,ast,14.068,4,14.408,44
2025,DAL,G,tpm,6.091,6,6.325,44
2025,DAL,G,stl,3.955,7,3.732,44
2025,DAL,G,blk,1.568,1,1.043,44
2025,DAL,G,tov,6.682,10,6.534,44
2025,DAL,G,fga,33.5,13,38.206,44
2025,DAL,G,fta,10.182,2,8.394,44
2025,DAL,G,min,102.318,13,104.772,44
2025,DAL,G,pra,69.818,5,72.47,44
2025,DAL,G,pr,55.75,7,58.062,44
2025,DAL,G,pa,57.455,5,59.963,44
2025,DAL,G,ra,26.432,4,26.915,44
2025,GS,C,pts,11.324,14,15.065,46
2025,GS,C,reb,7.147,14,8.544,46
2025,GS,C,ast,2.059,14,2.678,46
2025,GS,C,tpm,0.471,11,0.672,46
2025,GS,C,stl,0.912,10,1.028,46
2025,GS,C,blk,1.235,8,1.211,46
2025,GS,C,tov,1.765,14,2.203,46
2025,GS,C,fga,8.971,14,12.118,46
2025,GS,C,fta,3.5,7,3.409,46
2025,GS,C,min,28.794,14,33.576,46
2025,GS,C,pra,20.529,14,26.287,46
2025,GS,C,pr,18.471,14,23.609,46
2025,GS,C,pa,13.382,14,17.743,46
2025,GS,C,ra,9.206,14,11.222,46
2025,GS,F,pts,25.978,13,32.992,46
2025,GS,F,reb,15.667,8,17.044,46
2025,GS,F,ast,5.733,9,6.604,46
2025,GS,F,tpm,2.067,8,2.934,46
2025,GS,F,stl,2.644,7,2.682,46
2025,GS,F,blk,1.889,4,1.507,46
2025,GS,F,tov,4.156,8,4.288,46
2025,GS,F,fga,21.511,14,25.37,46
2025,GS,F,fta,6.978,5,6.535,46
2025,GS,F,min,71.267,4,71.0,46
2025,GS,F,pra,47.378,10,56.64,46
2025,GS,F,pr,41.644,12,50.036,46
2025,GS,F,pa,31.711,12,39.596,46
2025,GS,F,ra,21.4,8,23.649,46
2025,GS,G,pts,43.065,8,45.555,46
2025,GS,G,reb,12.652,3,12.507,46
2025,GS,G,ast,12.283,11,14.408,46
2025,GS,G,tpm,6.478,5,6.325,46
2025,GS,G,stl,4.391,4,3.732,46
2025,GS,G,blk,1.326,7,1.043,46
2025,GS,G,tov,6.522,11,6.534,46
2025,GS,G,fga,38.283,4,38.206,46
2025,GS,G,fta,8.587,6,8.394,46
2025,GS,G,min,109.565,2,104.772,46
2025,GS,G,pra,68.0,8,72.47,46
2025,GS,G,pr,55.717,8,58.062,46
2025,GS,G,pa,55.348,8,59.963,46
2025,GS,G,ra,24.935,9,26.915,46
2025,IND,C,pts,16.69,4,15.065,53
2025,IND,C,reb,8.429,8,8.544,53
2025,IND,C,ast,2.262,13,2.678,53
2025,IND,C,tpm,0.571,10,0.672,53
2025,IND,C,stl,1.0,6,1.028,53
2025,IND,C,blk,1.476,4,1.211,53
2025,IND,C,tov,2.81,1,2.203,53
2025,IND,C,fga,13.69,2,12.118,53
2025,IND,C,fta,4.786,2,3.409,53
2025,IND,C,min,35.024,5,33.576,53
2025,IND,C,pra,27.381,5,26.287,53
2025,IND,C,pr,25.119,5,23.609,53
2025,IND,C,pa,18.952,5,17.743,53
2025,IND,C,ra,10.69,10,11.222,53
2025,IND,F,pts,27.712,10,32.992,53
2025,IND,F,reb,14.173,14,17.044,53
2025,IND,F,ast,5.327,11,6.604,53
2025,IND,F,tpm,1.885,13,2.934,53
2025,IND,F,stl,2.404,11,2.682,53
2025,IND,F,blk,1.5,10,1.507,53
2025,IND,F,tov,4.635,4,4.288,53
2025,IND,F,fga,21.558,13,25.37,53
2025,IND,F,fta,6.538,7,6.535,53
2025,IND,F,min,66.346,13,71.0,53
2025,IND,F,pra,47.212,12,56.64,53
2025,IND,F,pr,41.885,11,50.036,53
2025,IND,F,pa,33.038,10,39.596,53
2025,IND,F,ra,19.5,13,23.649,53
2025,IND,G,pts,40.849,11,45.555,53
2025,IND,G,reb,11.566,10,12.507,53
2025,IND,G,ast,12.321,10,14.408,53
2025,IND,G,tpm,4.679,14,6.325,53
2025,IND,G,stl,3.755,8,3.732,53
2025,IND,G,blk,1.491,2,1.043,53
2025,IND,G,tov,7.17,5,6.534,53
2025,IND,G,fga,34.283,11,38.206,53
2025,IND,G,fta,8.585,7,8.394,53
2025,IND,G,min,108.245,5,104.772,53
2025,IND,G,pra,64.736,11,72.47,53
2025,IND,G,pr,52.415,11,58.062,53
2025,IND,G,pa,53.17,9,59.963,53
2025,IND,G,ra,23.887,12,26.915,53
2025,LA,C,pts,17.432,2,15.065,44
2025,LA,C,reb,9.324,4,8.544,44
2025,LA,C,ast,2.919,2,2.678,44
2025,LA,C,tpm,0.946,3,0.672,44
2025,LA,C,stl,1.541,1,1.028,44
2025,LA,C,blk,1.676,3,1.211,44
2025,LA,C,tov,2.162,7,2.203,44
2025,LA,C,fga,13.297,3,12.118,44
2025,LA,C,fta,3.892,6,3.409,44
2025,LA,C,min,35.378,4,33.576,44
2025,LA,C,pra,29.676,2,26.287,44
2025,LA,C,pr,26.757,2,23.609,44
2025,LA,C,pa,20.351,2,17.743,44
2025,LA,C,ra,12.243,3,11.222,44
2025,LA,F,pts,29.143,6,32.992,44
2025,LA,F,reb,14.929,10,17.044,44
2025,LA,F,ast,6.214,6,6.604,44
2025,LA,F,tpm,2.595,4,2.934,44
2025,LA,F,stl,2.929,5,2.682,44
2025,LA,F,blk,2.048,2,1.507,44
2025,LA,F,tov,3.786,12,4.288,44
2025,LA,F,fga,22.738,7,25.37,44
2025,LA,F,fta,5.929,11,6.535,44
2025,LA,F,min,66.405,12,71.0,44
2025,LA,F,pra,50.286,7,56.64,44
2025,LA,F,pr,44.071,7,50.036,44
2025,LA,F,pa,35.357,6,39.596,44
2025,LA,F,ra,21.143,9,23.649,44
2025,LA,G,pts,45.75,4,45.555,44
2025,LA,G,reb,12.068,8,12.507,44
2025,LA,G,ast,14.205,3,14.408,44
2025,LA,G,tpm,6.841,3,6.325,44
2025,LA,G,stl,4.409,3,3.732,44
2025,LA,G,blk,1.341,6,1.043,44
2025,LA,G,tov,7.159,6,6.534,44
2025,LA,G,fga,38.386,3,38.206,44
2025,LA,G,fta,7.5,12,8.394,44
2025,LA,G,min,108.705,3,104.772,44
2025,LA,G,pra,72.023,3,72.47,44
2025,LA,G,pr,57.818,4,58.062,44
2025,LA,G,pa,59.955,3,59.963,44
2025,LA,G,ra,26.273,5,26.915,44
2025,LV,C,pts,13.63,10,15.065,56
2025,LV,C,reb,8.674,6,8.544,56
2025,LV,C,ast,2.5,9,2.678,56
2025,LV,C,tpm,0.37,14,0.672,56
2025,LV,C,stl,0.826,13,1.028,56
2025,LV,C,blk,0.783,13,1.211,56
2025,LV,C,tov,2.0,13,2.203,56
2025,LV,C,fga,11.304,11,12.118,56
2025,LV,C,fta,3.217,9,3.409,56
2025,LV,C,min,30.022,12,33.576,56
2025,LV,C,pra,24.804,12,26.287,56
2025,LV,C,pr,22.304,10,23.609,56
2025,LV,C,pa,16.13,11,17.743,56
2025,LV,C,ra,11.174,8,11.222,56
2025,LV,F,pts,29.4,5,32.992,56
2025,LV,F,reb,16.945,3,17.044,56
2025,LV,F,ast,5.982,7,6.604,56
2025,LV,F,tpm,2.055,9,2.934,56
2025,LV,F,stl,2.455,9,2.682,56
2025,LV,F,blk,1.109,13,1.507,56
2025,LV,F,tov,4.473,5,4.288,56
2025,LV,F,fga,22.709,8,25.37,56
2025,LV,F,fta,7.364,4,6.535,56
2025,LV,F,min,73.218,3,71.0,56
2025,LV,F,pra,52.327,5,56.64,56
2025,LV,F,pr,46.345,4,50.036,56
2025,LV,F,pa,35.382,5,39.596,56
2025,LV,F,ra,22.927,3,23.649,56
2025,LV,G,pts,41.054,10,45.555,56
2025,LV,G,reb,11.25,12,12.507,56
2025,LV,G,ast,11.821,12,14.408,56
2025,LV,G,tpm,4.875,13,6.325,56
2025,LV,G,stl,3.411,12,3.732,56
2025,LV,G,blk,0.911,11,1.043,56
2025,LV,G,tov,6.768,8,6.534,56
2025,LV,G,fga,36.964,7,38.206,56
2025,LV,G,fta,7.429,14,8.394,56
2025,LV,G,min,103.875,12,104.772,56
2025,LV,G,pra,64.125,13,72.47,56
2025,LV,G,pr,52.304,12,58.062,56
2025,LV,G,pa,52.875,11,59.963,56
2025,LV,G,ra,23.071,13,26.915,56
2025,MIN,C,pts,13.087,12,15.065,51
2025,MIN,C,reb,7.283,13,8.544,51
2025,MIN,C,ast,2.522,8,2.678,51
2025,MIN,C,tpm,0.783,5,0.672,51
2025,MIN,C,stl,0.826,14,1.028,51
2025,MIN,C,blk,0.826,12,1.211,51
2025,MIN,C,tov,2.065,10,2.203,51
2025,MIN,C,fga,10.283,13,12.118,51
2025,MIN,C,fta,2.413,13,3.409,51
2025,MIN,C,min,33.065,10,33.576,51
2025,MIN,C,pra,22.891,13,26.287,51
2025,MIN,C,pr,20.37,13,23.609,51
2025,MIN,C,pa,15.609,13,17.743,51
2025,MIN,C,ra,9.804,13,11.222,51
2025,MIN,F,pts,27.275,11,32.992,51
2025,MIN,F,reb,16.431,4,17.044,51
2025,MIN,F,ast,5.373,10,6.604,51
2025,MIN,F,tpm,2.0,12,2.934,51
2025,MIN,F,stl,2.51,8,2.682,51
2025,MIN,F,blk,1.255,12,1.507,51
2025,MIN,F,tov,4.961,2,4.288,51
2025,MIN,F,fga,23.216,4,25.37,51
2025,MIN,F,fta,5.843,12,6.535,51
2025,MIN,F,min,71.255,5,71.0,51
2025,MIN,F,pra,49.078,9,56.64,51
2025,MIN,F,pr,43.706,8,50.036,51
2025,MIN,F,pa,32.647,11,39.596,51
2025,MIN,F,ra,21.804,7,23.649,51
2025,MIN,G,pts,37.804,15,45.555,51
2025,MIN,G,reb,10.451,14,12.507,51
2025,MIN,G,ast,11.431,15,14.408,51
2025,MIN,G,tpm,5.255,10,6.325,51
2025,MIN,G,stl,3.471,11,3.732,51
2025,MIN,G,blk,0.824,12,1.043,51
2025,MIN,G,tov,7.098,7,6.534,51
2025,MIN,G,fga,34.804,10,38.206,51
2025,MIN,G,fta,7.451,13,8.394,51
2025,MIN,G,min,99.941,14,104.772,51
2025,MIN,G,pra,59.686,15,72.47,51
2025,MIN,G,pr,48.255,15,58.062,51
2025,MIN,G,pa,49.235,15,59.963,51
2025,MIN,G,ra,21.882,15,26.915,51
2025,NY,C,pts,13.333,11,15.065,47
2025,NY,C,reb,8.889,5,8.544,47
2025,NY,C,ast,2.75,6,2.678,47
2025,NY,C,tpm,0.389,12,0.672,47
2025,NY,C,stl,1.0,7,1.028,47
2025,NY,C,blk,0.917,11,1.211,47
2025,NY,C,tov,2.222,5,2.203,47
2025,NY,C,fga,12.028,9,12.118,47
2025,NY,C,fta,3.0,11,3.409,47
2025,NY,C,min,34.222,7,33.576,47
2025,NY,C,pra,24.972,11,26.287,47
2025,NY,C,pr,22.222,11,23.609,47
2025,NY,C,pa,16.083,12,17.743,47
2025,NY,C,ra,11.639,6,11.222,47
2025,NY,F,pts,28.872,7,32.992,47
2025,NY,F,reb,16.426,5,17.044,47
2025,NY,F,ast,5.936,8,6.604,47
2025,NY,F,tpm,2.149,7,2.934,47
2025,NY,F,stl,2.809,6,2.682,47
2025,NY,F,blk,1.468,11,1.507,47
2025,NY,F,tov,3.511,14,4.288,47
2025,NY,F,fga,23.915,3,25.37,47
2025,NY,F,fta,6.532,8,6.535,47
2025,NY,F,min,68.723,9,71.0,47
2025,NY,F,pra,51.234,6,56.64,47
2025,NY,F,pr,45.298,6,50.036,47
2025,NY,F,pa,34.809,7,39.596,47
2025,NY,F,ra,22.362,4,23.649,47
2025,NY,G,pts,41.085,9,45.555,47
2025,NY,G,reb,12.362,6,12.507,47
2025,NY,G,ast,11.787,14,14.408,47
2025,NY,G,tpm,5.702,7,6.325,47
2025,NY,G,stl,3.617,9,3.732,47
2025,NY,G,blk,1.043,9,1.043,47
2025,NY,G,tov,7.191,4,6.534,47
2025,NY,G,fga,37.021,6,38.206,47
2025,NY,G,fta,8.426,11,8.394,47
2025,NY,G,min,105.553,9,104.772,47
2025,NY,G,pra,65.234,10,72.47,47
2025,NY,G,pr,53.447,10,58.062,47
2025,NY,G,pa,52.872,12,59.963,47
2025,NY,G,ra,24.149,11,26.915,47
2025,PHX,C,pts,15.0,7,15.065,55
2025,PHX,C,reb,10.535,1,8.544,55
2025,PHX,C,ast,2.419,11,2.678,55
2025,PHX,C,tpm,0.372,13,0.672,55
2025,PHX,C,stl,0.884,11,1.028,55
2025,PHX,C,blk,1.419,5,1.211,55
2025,PHX,C,tov,2.442,3,2.203,55
2025,PHX,C,fga,12.907,6,12.118,55
2025,PHX,C,fta,4.535,3,3.409,55
2025,PHX,C,min,35.442,3,33.576,55
2025,PHX,C,pra,27.953,4,26.287,55
2025,PHX,C,pr,25.535,4,23.609,55
2025,PHX,C,pa,17.419,8,17.743,55
2025,PHX,C,ra,12.953,1,11.222,55
2025,PHX,F,pts,24.873,15,32.992,55
2025,PHX,F,reb,15.018,9,17.044,55
2025,PHX,F,ast,4.8,14,6.604,55
2025,PHX,F,tpm,2.036,10,2.934,55
2025,PHX,F,stl,2.273,13,2.682,55
2025,PHX,F,blk,1.636,7,1.507,55
2025,PHX,F,tov,3.891,10,4.288,55
2025,PHX,F,fga,20.873,15,25.37,55
2025,PHX,F,fta,5.436,14,6.535,55
2025,PHX,F,min,67.018,10,71.0,55
2025,PHX,F,pra,44.691,15,56.64,55
2025,PHX,F,pr,39.891,15,50.036,55
2025,PHX,F,pa,29.673,15,39.596,55
2025,PHX,F,ra,19.818,11,23.649,55
2025,PHX,G,pts,43.818,5,45.555,55
2025,PHX,G,reb,12.327,7,12.507,55
2025,PHX,G,ast,13.018,8,14.408,55
2025,PHX,G,tpm,5.655,8,6.325,55
2025,PHX,G,stl,4.273,5,3.732,55
2025,PHX,G,blk,1.418,4,1.043,55
2025,PHX,G,tov,7.527,3,6.534,55
2025,PHX,G,fga,36.945,8,38.206,55
2025,PHX,G,fta,9.455,4,8.394,55
2025,PHX,G,min,106.327,8,104.772,55
2025,PHX,G,pra,69.164,6,72.47,55
2025,PHX,G,pr,56.145,5,58.062,55
2025,PHX,G,pa,56.836,6,59.963,55
2025,PHX,G,ra,25.345,7,26.915,55
2025,SEA,C,pts,18.514,1,15.065,47
2025,SEA,C,reb,9.73,2,8.544,47
2025,SEA,C,ast,2.838,4,2.678,47
2025,SEA,C,tpm,0.649,7,0.672,47
2025,SEA,C,stl,1.297,3,1.028,47
2025,SEA,C,blk,1.919,1,1.211,47
2025,SEA,C,tov,2.622,2,2.203,47
2025,SEA,C,fga,14.0,1,12.118,47
2025,SEA,C,fta,4.865,1,3.409,47
2025,SEA,C,min,37.892,1,33.576,47
2025,SEA,C,pra,31.081,1,26.287,47
2025,SEA,C,pr,28.243,1,23.609,47
2025,SEA,C,pa,21.351,1,17.743,47
2025,SEA,C,ra,12.568,2,11.222,47
2025,SEA,F,pts,26.822,12,32.992,47
2025,SEA,F,reb,14.822,11,17.044,47
2025,SEA,F,ast,4.778,15,6.604,47
2025,SEA,F,tpm,1.733,15,2.934,47
2025,SEA,F,stl,1.911,15,2.682,47
2025,SEA,F,blk,1.578,9,1.507,47
2025,SEA,F,tov,4.778,3,4.288,47
2025,SEA,F,fga,22.022,11,25.37,47
2025,SEA,F,fta,6.4,9,6.535,47
2025,SEA,F,min,65.644,14,71.0,47
2025,SEA,F,pra,46.422,13,56.64,47
2025,SEA,F,pr,41.644,13,50.036,47
2025,SEA,F,pa,31.6,13,39.596,47
2025,SEA,F,ra,19.6,12,23.649,47
2025,SEA,G,pts,40.234,12,45.555,47
2025,SEA,G,reb,13.851,2,12.507,47
2025,SEA,G,ast,12.894,9,14.408,47
2025,SEA,G,tpm,5.021,12,6.325,47
2025,SEA,G,stl,4.021,6,3.732,47
2025,SEA,G,blk,1.234,8,1.043,47
2025,SEA,G,tov,8.021,1,6.534,47
2025,SEA,G,fga,33.745,12,38.206,47
2025,SEA,G,fta,8.532,10,8.394,47
2025,SEA,G,min,108.489,4,104.772,47
2025,SEA,G,pra,66.979,9,72.47,47
2025,SEA,G,pr,54.085,9,58.062,47
2025,SEA,G,pa,53.128,10,59.963,47
2025,SEA,G,ra,26.745,3,26.915,47
2025,WSH,C,pts,16.912,3,15.065,44
2025,WSH,C,reb,9.559,3,8.544,44
2025,WSH,C,ast,2.412,12,2.678,44
2025,WSH,C,tpm,0.618,9,0.672,44
2025,WSH,C,stl,1.353,2,1.028,44
2025,WSH,C,blk,1.088,10,1.211,44
2025,WSH,C,tov,2.029,11,2.203,44
2025,WSH,C,fga,13.088,4,12.118,44
2025,WSH,C,fta,4.294,4,3.409,44
2025,WSH,C,min,36.353,2,33.576,44
2025,WSH,C,pra,28.882,3,26.287,44
2025,WSH,C,pr,26.471,3,23.609,44
2025,WSH,C,pa,19.324,4,17.743,44
2025,WSH,C,ra,11.971,5,11.222,44
2025,WSH,F,pts,28.818,8,32.992,44
2025,WSH,F,reb,13.409,15,17.044,44
2025,WSH,F,ast,5.045,12,6.604,44
2025,WSH,F,tpm,2.432,6,2.934,44
2025,WSH,F,stl,2.386,12,2.682,44
2025,WSH,F,blk,1.636,8,1.507,44
2025,WSH,F,tov,4.159,7,4.288,44
2025,WSH,F,fga,23.182,5,25.37,44
2025,WSH,F,fta,6.841,6,6.535,44
2025,WSH,F,min,65.295,15,71.0,44
2025,WSH,F,pra,47.273,11,56.64,44
2025,WSH,F,pr,42.227,10,50.036,44
2025,WSH,F,pa,33.864,9,39.596,44
2025,WSH,F,ra,18.455,15,23.649,44
2025,WSH,G,pts,39.682,13,45.555,44
2025,WSH,G,reb,11.5,11,12.507,44
2025,WSH,G,ast,13.068,7,14.408,44
2025,WSH,G,tpm,5.091,11,6.325,44
2025,WSH,G,stl,4.523,2,3.732,44
2025,WSH,G,blk,1.455,3,1.043,44
2025,WSH,G,tov,6.705,9,6.534,44
2025,WSH,G,fga,32.727,15,38.206,44
2025,WSH,G,fta,8.545,8,8.394,44
2025,WSH,G,min,107.227,6,104.772,44
2025,WSH,G,pra,64.25,12,72.47,44
2025,WSH,G,pr,51.182,13,58.062,44
2025,WSH,G,pa,52.75,13,59.963,44
2025,WSH,G,ra,24.568,10,26.915,44
2026,ATL,C,pts,15.872,5,15.901,47
2026,ATL,C,reb,8.538,10,9.088,47
2026,ATL,C,ast,2.744,3,2.643,47
2026,ATL,C,tpm,1.179,2,0.976,47
2026,ATL,C,stl,0.795,13,0.849,47
2026,ATL,C,blk,2.359,1,1.302,47
2026,ATL,C,tov,3.205,2,2.196,47
2026,ATL,C,fga,11.231,11,12.594,47
2026,ATL,C,fta,4.026,7,3.614,47
2026,ATL,C,min,34.718,3,31.225,47
2026,ATL,C,pra,27.154,6,27.632,47
2026,ATL,C,pr,24.41,8,24.99,47
2026,ATL,C,pa,18.615,3,18.544,47
2026,ATL,C,ra,11.282,7,11.731,47
2026,ATL,F,pts,28.543,9,29.518,47
2026,ATL,F,reb,14.109,16,16.367,47
2026,ATL,F,ast,5.196,13,6.383,47
2026,ATL,F,tpm,2.261,14,2.611,47
2026,ATL,F,stl,2.37,12,2.574,47
2026,ATL,F,blk,1.978,4,1.646,47
2026,ATL,F,tov,5.109,1,3.988,47
2026,ATL,F,fga,22.087,12,23.599,47
2026,ATL,F,fta,7.13,8,6.482,47
2026,ATL,F,min,71.739,10,71.834,47
2026,ATL,F,pra,47.848,14,52.268,47
2026,ATL,F,pr,42.652,14,45.884,47
2026,ATL,F,pa,33.739,11,35.901,47
2026,ATL,F,ra,19.304,17,22.75,47
2026,ATL,G,pts,42.957,16,49.251,47
2026,ATL,G,reb,10.787,16,12.348,47
2026,ATL,G,ast,11.489,17,14.223,47
2026,ATL,G,tpm,4.872,16,6.685,47
2026,ATL,G,stl,3.277,16,4.294,47
2026,ATL,G,blk,1.319,3,1.012,47
2026,ATL,G,tov,8.021,3,7.158,47
2026,ATL,G,fga,33.681,17,39.825,47
2026,ATL,G,fta,10.255,9,9.36,47
2026,ATL,G,min,101.66,16,104.525,47
2026,ATL,G,pra,65.234,16,75.822,47
2026,ATL,G,pr,53.745,16,61.599,47
2026,ATL,G,pa,54.447,16,63.474,47
2026,ATL,G,ra,22.277,16,26.571,47
2026,CHI,C,pts,15.486,7,15.901,44
2026,CHI,C,reb,9.171,5,9.088,44
2026,CHI,C,ast,2.686,5,2.643,44
2026,CHI,C,tpm,1.029,3,0.976,44
2026,CHI,C,stl,1.143,2,0.849,44
2026,CHI,C,blk,1.714,3,1.302,44
2026,CHI,C,tov,2.2,5,2.196,44
2026,CHI,C,fga,11.714,6,12.594,44
2026,CHI,C,fta,4.943,3,3.614,44
2026,CHI,C,min,29.629,14,31.225,44
2026,CHI,C,pra,27.343,3,27.632,44
2026,CHI,C,pr,24.657,4,24.99,44
2026,CHI,C,pa,18.171,6,18.544,44
2026,CHI,C,ra,11.857,4,11.731,44
2026,CHI,F,pts,32.25,2,29.518,44
2026,CHI,F,reb,16.841,4,16.367,44
2026,CHI,F,ast,5.795,8,6.383,44
2026,CHI,F,tpm,2.341,13,2.611,44
2026,CHI,F,stl,2.705,7,2.574,44
2026,CHI,F,blk,2.295,1,1.646,44
2026,CHI,F,tov,4.636,3,3.988,44
2026,CHI,F,fga,25.0,4,23.599,44
2026,CHI,F,fta,8.523,1,6.482,44
2026,CHI,F,min,74.591,4,71.834,44
2026,CHI,F,pra,54.886,5,52.268,44
2026,CHI,F,pr,49.091,3,45.884,44
2026,CHI,F,pa,38.045,4,35.901,44
2026,CHI,F,ra,22.636,4,22.75,44
2026,CHI,G,pts,46.091,12,49.251,44
2026,CHI,G,reb,13.0,3,12.348,44
2026,CHI,G,ast,12.705,12,14.223,44
2026,CHI,G,tpm,5.045,15,6.685,44
2026,CHI,G,stl,3.932,11,4.294,44
2026,CHI,G,blk,1.295,4,1.012,44
2026,CHI,G,tov,6.568,13,7.158,44
2026,CHI,G,fga,36.5,10,39.825,44
2026,CHI,G,fta,11.227,5,9.36,44
2026,CHI,G,min,103.0,14,104.525,44
2026,CHI,G,pra,71.795,10,75.822,44
2026,CHI,G,pr,59.091,9,61.599,44
2026,CHI,G,pa,58.795,11,63.474,44
2026,CHI,G,ra,25.705,10,26.571,44
2026,CON,C,pts,14.735,13,15.901,44
2026,CON,C,reb,7.5,15,9.088,44
2026,CON,C,ast,2.147,10,2.643,44
2026,CON,C,tpm,0.676,16,0.976,44
2026,CON,C,stl,1.118,4,0.849,44
2026,CON,C,blk,1.235,10,1.302,44
2026,CON,C,tov,1.765,14,2.196,44
2026,CON,C,fga,10.412,14,12.594,44
2026,CON,C,fta,5.029,2,3.614,44
2026,CON,C,min,30.294,12,31.225,44
2026,CON,C,pra,24.382,14,27.632,44
2026,CON,C,pr,22.235,15,24.99,44
2026,CON,C,pa,16.882,13,18.544,44
2026,CON,C,ra,9.647,15,11.731,44
2026,CON,F,pts,28.091,11,29.518,44
2026,CON,F,reb,15.545,8,16.367,44
2026,CON,F,ast,5.205,12,6.383,44
2026,CON,F,tpm,2.205,15,2.611,44
2026,CON,F,stl,2.682,8,2.574,44
2026,CON,F,blk,2.205,2,1.646,44
2026,CON,F,tov,4.386,8,3.988,44
2026,CON,F,fga,21.818,13,23.599,44
2026,CON,F,fta,7.932,3,6.482,44
2026,CON,F,min,71.159,11,71.834,44
2026,CON,F,pra,48.841,11,52.268,44
2026,CON,F,pr,43.636,11,45.884,44
2026,CON,F,pa,33.295,13,35.901,44
2026,CON,F,ra,20.75,12,22.75,44
2026,CON,G,pts,48.591,5,49.251,44
2026,CON,G,reb,12.682,4,12.348,44
2026,CON,G,ast,13.159,10,14.223,44
2026,CON,G,tpm,5.341,10,6.685,44
2026,CON,G,stl,4.068,8,4.294,44
2026,CON,G,blk,1.364,2,1.012,44
2026,CON,G,tov,7.818,4,7.158,44
2026,CON,G,fga,35.864,13,39.825,44
2026,CON,G,fta,12.205,1,9.36,44
2026,CON,G,min,105.955,5,104.525,44
2026,CON,G,pra,74.432,5,75.822,44
2026,CON,G,pr,61.273,4,61.599,44
2026,CON,G,pa,61.75,6,63.474,44
2026,CON,G,ra,25.841,8,26.571,44
2026,COOP,C,pts,34.0,1,15.901,1
2026,COOP,C,reb,17.0,1,9.088,1
2026,COOP,C,ast,9.0,1,2.643,1
2026,COOP,C,tpm,4.0,1,0.976,1
2026,COOP,C,stl,0.0,16,0.849,1
2026,COOP,C,blk,1.0,14,1.302,1
2026,COOP,C,tov,4.0,1,2.196,1
2026,COOP,C,fga,31.0,1,12.594,1
2026,COOP,C,fta,2.0,16,3.614,1
2026,COOP,C,min,41.0,1,31.225,1
2026,COOP,C,pra,60.0,1,27.632,1
2026,COOP,C,pr,51.0,1,24.99,1
2026,COOP,C,pa,43.0,1,18.544,1
2026,COOP,C,ra,26.0,1,11.731,1
2026,COOP,F,pts,28.0,13,29.518,1
2026,COOP,F,reb,20.0,2,16.367,1
2026,COOP,F,ast,8.0,2,6.383,1
2026,COOP,F,tpm,1.0,17,2.611,1
2026,COOP,F,stl,2.0,15,2.574,1
2026,COOP,F,blk,1.0,16,1.646,1
2026,COOP,F,tov,2.0,16,3.988,1
2026,COOP,F,fga,17.0,17,23.599,1
2026,COOP,F,fta,2.0,16,6.482,1
2026,COOP,F,min,53.0,17,71.834,1
2026,COOP,F,pra,56.0,2,52.268,1
2026,COOP,F,pr,48.0,5,45.884,1
2026,COOP,F,pa,36.0,8,35.901,1
2026,COOP,F,ra,28.0,2,22.75,1
2026,COOP,G,pts,67.0,2,49.251,1
2026,COOP,G,reb,22.0,1,12.348,1
2026,COOP,G,ast,25.0,1,14.223,1
2026,COOP,G,tpm,15.0,1,6.685,1
2026,COOP,G,stl,5.0,2,4.294,1
2026,COOP,G,blk,0.0,16,1.012,1
2026,COOP,G,tov,9.0,1,7.158,1
2026,COOP,G,fga,59.0,2,39.825,1
2026,COOP,G,fta,0.0,17,9.36,1
2026,COOP,G,min,107.0,2,104.525,1
2026,COOP,G,pra,114.0,1,75.822,1
2026,COOP,G,pr,89.0,2,61.599,1
2026,COOP,G,pa,92.0,2,63.474,1
2026,COOP,G,ra,47.0,1,26.571,1
2026,DAL,C,pts,16.583,2,15.901,47
2026,DAL,C,reb,9.333,4,9.088,47
2026,DAL,C,ast,1.972,14,2.643,47
2026,DAL,C,tpm,0.778,11,0.976,47
2026,DAL,C,stl,0.694,14,0.849,47
2026,DAL,C,blk,1.194,12,1.302,47
2026,DAL,C,tov,2.028,10,2.196,47
2026,DAL,C,fga,12.139,3,12.594,47
2026,DAL,C,fta,3.917,8,3.614,47
2026,DAL,C,min,35.306,2,31.225,47
2026,DAL,C,pra,27.889,2,27.632,47
2026,DAL,C,pr,25.917,2,24.99,47
2026,DAL,C,pa,18.556,4,18.544,47
2026,DAL,C,ra,11.306,6,11.731,47
2026,DAL,F,pts,30.087,7,29.518,47
2026,DAL,F,reb,15.348,10,16.367,47
2026,DAL,F,ast,6.152,5,6.383,47
2026,DAL,F,tpm,2.478,10,2.611,47
2026,DAL,F,stl,2.435,11,2.574,47
2026,DAL,F,blk,1.565,10,1.646,47
2026,DAL,F,tov,4.087,12,3.988,47
2026,DAL,F,fga,24.826,5,23.599,47
2026,DAL,F,fta,6.674,11,6.482,47
2026,DAL,F,min,73.87,6,71.834,47
2026,DAL,F,pra,51.587,8,52.268,47
2026,DAL,F,pr,45.435,8,45.884,47
2026,DAL,F,pa,36.239,7,35.901,47
2026,DAL,F,ra,21.5,7,22.75,47
2026,DAL,G,pts,43.638,15,49.251,47
2026,DAL,G,reb,11.191,14,12.348,47
2026,DAL,G,ast,12.404,14,14.223,47
2026,DAL,G,tpm,5.34,11,6.685,47
2026,DAL,G,stl,3.17,17,4.294,47
2026,DAL,G,blk,1.0,11,1.012,47
2026,DAL,G,tov,6.064,16,7.158,47
2026,DAL,G,fga,35.851,14,39.825,47
2026,DAL,G,fta,9.66,12,9.36,47
2026,DAL,G,min,102.532,15,104.525,47
2026,DAL,G,pra,67.234,15,75.822,47
2026,DAL,G,pr,54.83,15,61.599,47
2026,DAL,G,pa,56.043,15,63.474,47
2026,DAL,G,ra,23.596,14,26.571,47
2026,GS,C,pts,15.294,9,15.901,48
2026,GS,C,reb,8.676,9,9.088,48
2026,GS,C,ast,1.912,15,2.643,48
2026,GS,C,tpm,0.824,8,0.976,48
2026,GS,C,stl,0.588,15,0.849,48
2026,GS,C,blk,1.265,9,1.302,48
2026,GS,C,tov,2.176,6,2.196,48
2026,GS,C,fga,11.588,7,12.594,48
2026,GS,C,fta,4.765,4,3.614,48
2026,GS,C,min,31.088,11,31.225,48
2026,GS,C,pra,25.882,11,27.632,48
2026,GS,C,pr,23.971,9,24.99,48
2026,GS,C,pa,17.206,12,18.544,48
2026,GS,C,ra,10.588,11,11.731,48
2026,GS,F,pts,25.708,17,29.518,48
2026,GS,F,reb,15.062,12,16.367,48
2026,GS,F,ast,4.792,16,6.383,48
2026,GS,F,tpm,2.104,16,2.611,48
2026,GS,F,stl,1.667,16,2.574,48
2026,GS,F,blk,1.521,12,1.646,48
2026,GS,F,tov,4.667,2,3.988,48
2026,GS,F,fga,20.771,16,23.599,48
2026,GS,F,fta,7.25,7,6.482,48
2026,GS,F,min,75.562,2,71.834,48
2026,GS,F,pra,45.562,17,52.268,48
2026,GS,F,pr,40.771,17,45.884,48
2026,GS,F,pa,30.5,17,35.901,48
2026,GS,F,ra,19.854,14,22.75,48
2026,GS,G,pts,39.0,17,49.251,48
2026,GS,G,reb,11.25,13,12.348,48
2026,GS,G,ast,11.896,16,14.223,48
2026,GS,G,tpm,5.292,13,6.685,48
2026,GS,G,stl,3.562,14,4.294,48
2026,GS,G,blk,1.125,8,1.012,48
2026,GS,G,tov,7.167,8,7.158,48
2026,GS,G,fga,33.812,16,39.825,48
2026,GS,G,fta,9.396,13,9.36,48
2026,GS,G,min,103.521,12,104.525,48
2026,GS,G,pra,62.146,17,75.822,48
2026,GS,G,pr,50.25,17,61.599,48
2026,GS,G,pa,50.896,17,63.474,48
2026,GS,G,ra,23.146,15,26.571,48
2026,IND,C,pts,15.333,8,15.901,47
2026,IND,C,reb,8.194,11,9.088,47
2026,IND,C,ast,2.028,12,2.643,47
2026,IND,C,tpm,0.694,14,0.976,47
2026,IND,C,stl,0.861,11,0.849,47
2026,IND,C,blk,1.583,5,1.302,47
2026,IND,C,tov,1.944,12,2.196,47
2026,IND,C,fga,11.222,12,12.594,47
2026,IND,C,fta,4.278,5,3.614,47
2026,IND,C,min,31.833,9,31.225,47
2026,IND,C,pra,25.556,12,27.632,47
2026,IND,C,pr,23.528,12,24.99,47
2026,IND,C,pa,17.361,11,18.544,47
2026,IND,C,ra,10.222,14,11.731,47
2026,IND,F,pts,32.128,3,29.518,47
2026,IND,F,reb,14.596,14,16.367,47
2026,IND,F,ast,6.191,4,6.383,47
2026,IND,F,tpm,2.681,4,2.611,47
2026,IND,F,stl,2.787,5,2.574,47
2026,IND,F,blk,1.681,9,1.646,47
2026,IND,F,tov,4.149,11,3.988,47
2026,IND,F,fga,25.234,3,23.599,47
2026,IND,F,fta,7.787,4,6.482,47
2026,IND,F,min,73.83,7,71.834,47
2026,IND,F,pra,52.915,7,52.268,47
2026,IND,F,pr,46.723,7,45.884,47
2026,IND,F,pa,38.319,3,35.901,47
2026,IND,F,ra,20.787,10,22.75,47
2026,IND,G,pts,46.851,9,49.251,47
2026,IND,G,reb,11.043,15,12.348,47
2026,IND,G,ast,13.064,11,14.223,47
2026,IND,G,tpm,4.851,17,6.685,47
2026,IND,G,stl,3.511,15,4.294,47
2026,IND,G,blk,1.021,10,1.012,47
2026,IND,G,tov,7.0,10,7.158,47
2026,IND,G,fga,36.468,12,39.825,47
2026,IND,G,fta,11.489,3,9.36,47
2026,IND,G,min,104.191,10,104.525,47
2026,IND,G,pra,70.957,11,75.822,47
2026,IND,G,pr,57.894,10,61.599,47
2026,IND,G,pa,59.915,10,63.474,47
2026,IND,G,ra,24.106,12,26.571,47
2026,LA,C,pts,14.886,11,15.901,44
2026,LA,C,reb,9.571,3,9.088,44
2026,LA,C,ast,2.743,4,2.643,44
2026,LA,C,tpm,0.743,13,0.976,44
2026,LA,C,stl,0.886,10,0.849,44
2026,LA,C,blk,1.629,4,1.302,44
2026,LA,C,tov,2.6,3,2.196,44
2026,LA,C,fga,11.486,8,12.594,44
2026,LA,C,fta,3.4,12,3.614,44
2026,LA,C,min,32.943,5,31.225,44
2026,LA,C,pra,27.2,4,27.632,44
2026,LA,C,pr,24.457,7,24.99,44
2026,LA,C,pa,17.629,8,18.544,44
2026,LA,C,ra,12.314,3,11.731,44
2026,LA,F,pts,28.767,8,29.518,44
2026,LA,F,reb,15.814,7,16.367,44
2026,LA,F,ast,6.395,3,6.383,44
2026,LA,F,tpm,2.488,9,2.611,44
2026,LA,F,stl,3.698,2,2.574,44
2026,LA,F,blk,1.884,6,1.646,44
2026,LA,F,tov,4.372,9,3.988,44
2026,LA,F,fga,21.674,14,23.599,44
2026,LA,F,fta,6.535,13,6.482,44
2026,LA,F,min,72.047,9,71.834,44
2026,LA,F,pra,50.977,9,52.268,44
2026,LA,F,pr,44.581,9,45.884,44
2026,LA,F,pa,35.163,9,35.901,44
2026,LA,F,ra,22.209,5,22.75,44
2026,LA,G,pts,51.364,3,49.251,44
2026,LA,G,reb,12.409,5,12.348,44
2026,LA,G,ast,13.773,6,14.223,44
2026,LA,G,tpm,5.909,7,6.685,44
2026,LA,G,stl,4.386,4,4.294,44
2026,LA,G,blk,0.955,14,1.012,44
2026,LA,G,tov,7.591,5,7.158,44
2026,LA,G,fga,40.545,3,39.825,44
2026,LA,G,fta,10.727,8,9.36,44
2026,LA,G,min,104.045,11,104.525,44
2026,LA,G,pra,77.545,3,75.822,44
2026,LA,G,pr,63.773,3,61.599,44
2026,LA,G,pa,65.136,3,63.474,44
2026,LA,G,ra,26.182,7,26.571,44
2026,LV,C,pts,15.846,6,15.901,49
2026,LV,C,reb,7.923,13,9.088,49
2026,LV,C,ast,2.359,8,2.643,49
2026,LV,C,tpm,0.923,5,0.976,49
2026,LV,C,stl,1.103,5,0.849,49
2026,LV,C,blk,0.795,16,1.302,49
2026,LV,C,tov,2.128,8,2.196,49
2026,LV,C,fga,11.872,5,12.594,49
2026,LV,C,fta,3.179,14,3.614,49
2026,LV,C,min,31.718,10,31.225,49
2026,LV,C,pra,26.128,9,27.632,49
2026,LV,C,pr,23.769,11,24.99,49
2026,LV,C,pa,18.205,5,18.544,49
2026,LV,C,ra,10.282,13,11.731,49
2026,LV,F,pts,27.646,16,29.518,49
2026,LV,F,reb,16.271,5,16.367,49
2026,LV,F,ast,4.979,15,6.383,49
2026,LV,F,tpm,2.521,7,2.611,49
2026,LV,F,stl,2.542,10,2.574,49
2026,LV,F,blk,1.062,15,1.646,49
2026,LV,F,tov,4.604,4,3.988,49
2026,LV,F,fga,22.271,11,23.599,49
2026,LV,F,fta,7.104,9,6.482,49
2026,LV,F,min,70.312,14,71.834,49
2026,LV,F,pra,48.896,10,52.268,49
2026,LV,F,pr,43.917,10,45.884,49
2026,LV,F,pa,32.625,15,35.901,49
2026,LV,F,ra,21.25,9,22.75,49
2026,LV,G,pts,46.163,10,49.251,49
2026,LV,G,reb,11.612,10,12.348,49
2026,LV,G,ast,12.061,15,14.223,49
2026,LV,G,tpm,5.551,9,6.685,49
2026,LV,G,stl,3.857,12,4.294,49
2026,LV,G,blk,0.898,15,1.012,49
2026,LV,G,tov,6.918,11,7.158,49
2026,LV,G,fga,38.571,5,39.825,49
2026,LV,G,fta,9.694,10,9.36,49
2026,LV,G,min,106.918,3,104.525,49
2026,LV,G,pra,69.837,12,75.822,49
2026,LV,G,pr,57.776,11,61.599,49
2026,LV,G,pa,58.224,13,63.474,49
2026,LV,G,ra,23.673,13,26.571,49
2026,MIN,C,pts,13.5,15,15.901,46
2026,MIN,C,reb,8.8,7,9.088,46
2026,MIN,C,ast,2.025,13,2.643,46
2026,MIN,C,tpm,0.85,7,0.976,46
2026,MIN,C,stl,1.0,9,0.849,46
2026,MIN,C,blk,1.225,11,1.302,46
2026,MIN,C,tov,2.15,7,2.196,46
2026,MIN,C,fga,10.325,15,12.594,46
2026,MIN,C,fta,3.2,13,3.614,46
2026,MIN,C,min,32.175,8,31.225,46
2026,MIN,C,pra,24.325,15,27.632,46
2026,MIN,C,pr,22.3,14,24.99,46
2026,MIN,C,pa,15.525,15,18.544,46
2026,MIN,C,ra,10.825,9,11.731,46
2026,MIN,F,pts,28.043,12,29.518,46
2026,MIN,F,reb,14.326,15,16.367,46
2026,MIN,F,ast,5.13,14,6.383,46
2026,MIN,F,tpm,2.5,8,2.611,46
2026,MIN,F,stl,2.37,13,2.574,46
2026,MIN,F,blk,1.196,14,1.646,46
2026,MIN,F,tov,4.413,7,3.988,46
2026,MIN,F,fga,23.065,10,23.599,46
2026,MIN,F,fta,6.63,12,6.482,46
2026,MIN,F,min,68.804,16,71.834,46
2026,MIN,F,pra,47.5,16,52.268,46
2026,MIN,F,pr,42.37,16,45.884,46
2026,MIN,F,pa,33.174,14,35.901,46
2026,MIN,F,ra,19.457,16,22.75,46
2026,MIN,G,pts,44.109,14,49.251,46
2026,MIN,G,reb,11.37,12,12.348,46
2026,MIN,G,ast,13.63,8,14.223,46
2026,MIN,G,tpm,6.109,6,6.685,46
2026,MIN,G,stl,4.109,7,4.294,46
2026,MIN,G,blk,0.978,12,1.012,46
2026,MIN,G,tov,8.261,2,7.158,46
2026,MIN,G,fga,36.478,11,39.825,46
2026,MIN,G,fta,9.283,15,9.36,46
2026,MIN,G,min,103.326,13,104.525,46
2026,MIN,G,pra,69.109,13,75.822,46
2026,MIN,G,pr,55.478,14,61.599,46
2026,MIN,G,pa,57.739,14,63.474,46
2026,MIN,G,ra,25.0,11,26.571,46
2026,NY,C,pts,14.758,12,15.901,48
2026,NY,C,reb,7.636,14,9.088,48
2026,NY,C,ast,2.818,2,2.643,48
2026,NY,C,tpm,0.909,6,0.976,48
2026,NY,C,stl,1.061,6,0.849,48
2026,NY,C,blk,0.97,15,1.302,48
2026,NY,C,tov,1.667,16,2.196,48
2026,NY,C,fga,11.212,13,12.594,48
2026,NY,C,fta,3.455,10,3.614,48
2026,NY,C,min,32.636,6,31.225,48
2026,NY,C,pra,25.212,13,27.632,48
2026,NY,C,pr,22.394,13,24.99,48
2026,NY,C,pa,17.576,10,18.544,48
2026,NY,C,ra,10.455,12,11.731,48
2026,NY,F,pts,28.417,10,29.518,48
2026,NY,F,reb,14.083,17,16.367,48
2026,NY,F,ast,5.604,10,6.383,48
2026,NY,F,tpm,2.458,11,2.611,48
2026,NY,F,stl,2.708,6,2.574,48
2026,NY,F,blk,1.562,11,1.646,48
2026,NY,F,tov,3.604,15,3.988,48
2026,NY,F,fga,23.083,9,23.599,48
2026,NY,F,fta,6.167,14,6.482,48
2026,NY,F,min,72.229,8,71.834,48
2026,NY,F,pra,48.104,13,52.268,48
2026,NY,F,pr,42.5,15,45.884,48
2026,NY,F,pa,34.021,10,35.901,48
2026,NY,F,ra,19.688,15,22.75,48
2026,NY,G,pts,47.375,7,49.251,48
2026,NY,G,reb,12.0,6,12.348,48
2026,NY,G,ast,13.729,7,14.223,48
2026,NY,G,tpm,5.833,8,6.685,48
2026,NY,G,stl,3.812,13,4.294,48
2026,NY,G,blk,1.083,9,1.012,48
2026,NY,G,tov,6.271,15,7.158,48
2026,NY,G,fga,40.167,4,39.825,48
2026,NY,G,fta,9.688,11,9.36,48
2026,NY,G,min,106.458,4,104.525,48
2026,NY,G,pra,73.104,8,75.822,48
2026,NY,G,pr,59.375,8,61.599,48
2026,NY,G,pa,61.104,7,63.474,48
2026,NY,G,ra,25.729,9,26.571,48
2026,PHX,C,pts,14.973,10,15.901,44
2026,PHX,C,reb,8.973,6,9.088,44
2026,PHX,C,ast,2.622,7,2.643,44
2026,PHX,C,tpm,0.784,10,0.976,44
2026,PHX,C,stl,1.027,8,0.849,44
2026,PHX,C,blk,1.162,13,1.302,44
2026,PHX,C,tov,1.703,15,2.196,44
2026,PHX,C,fga,12.027,4,12.594,44
2026,PHX,C,fta,3.405,11,3.614,44
2026,PHX,C,min,33.135,4,31.225,44
2026,PHX,C,pra,26.568,8,27.632,44
2026,PHX,C,pr,23.946,10,24.99,44
2026,PHX,C,pa,17.595,9,18.544,44
2026,PHX,C,ra,11.595,5,11.731,44
2026,PHX,F,pts,27.698,15,29.518,44
2026,PHX,F,reb,15.326,11,16.367,44
2026,PHX,F,ast,4.651,17,6.383,44
2026,PHX,F,tpm,2.558,5,2.611,44
2026,PHX,F,stl,2.279,14,2.574,44
2026,PHX,F,blk,1.744,7,1.646,44
2026,PHX,F,tov,4.465,5,3.988,44
2026,PHX,F,fga,21.372,15,23.599,44
2026,PHX,F,fta,6.86,10,6.482,44
2026,PHX,F,min,69.93,15,71.834,44
2026,PHX,F,pra,47.674,15,52.268,44
2026,PHX,F,pr,43.023,12,45.884,44
2026,PHX,F,pa,32.349,16,35.901,44
2026,PHX,F,ra,19.977,13,22.75,44
2026,PHX,G,pts,47.932,6,49.251,44
2026,PHX,G,reb,11.455,11,12.348,44
2026,PHX,G,ast,14.773,4,14.223,44
2026,PHX,G,tpm,6.5,3,6.685,44
2026,PHX,G,stl,4.205,5,4.294,44
2026,PHX,G,blk,1.273,5,1.012,44
2026,PHX,G,tov,7.091,9,7.158,44
2026,PHX,G,fga,36.955,9,39.825,44
2026,PHX,G,fta,9.386,14,9.36,44
2026,PHX,G,min,104.727,9,104.525,44
2026,PHX,G,pra,74.159,7,75.822,44
2026,PHX,G,pr,59.386,7,61.599,44
2026,PHX,G,pa,62.705,5,63.474,44
2026,PHX,G,ra,26.227,6,26.571,44
2026,POR,C,pts,16.472,3,15.901,44
2026,POR,C,reb,8.056,12,9.088,44
2026,POR,C,ast,2.667,6,2.643,44
2026,POR,C,tpm,0.694,15,0.976,44
2026,POR,C,stl,1.028,7,0.849,44
2026,POR,C,blk,1.444,7,1.302,44
2026,POR,C,tov,2.056,9,2.196,44
2026,POR,C,fga,11.444,9,12.594,44
2026,POR,C,fta,5.139,1,3.614,44
2026,POR,C,min,30.083,13,31.225,44
2026,POR,C,pra,27.194,5,27.632,44
2026,POR,C,pr,24.528,6,24.99,44
2026,POR,C,pa,19.139,2,18.544,44
2026,POR,C,ra,10.722,10,11.731,44
2026,POR,F,pts,31.727,5,29.518,44
2026,POR,F,reb,15.545,9,16.367,44
2026,POR,F,ast,6.091,7,6.383,44
2026,POR,F,tpm,2.523,6,2.611,44
2026,POR,F,stl,2.909,4,2.574,44
2026,POR,F,blk,1.909,5,1.646,44
2026,POR,F,tov,4.432,6,3.988,44
2026,POR,F,fga,24.273,6,23.599,44
2026,POR,F,fta,8.523,2,6.482,44
2026,POR,F,min,70.614,13,71.834,44
2026,POR,F,pra,53.364,6,52.268,44
2026,POR,F,pr,47.273,6,45.884,44
2026,POR,F,pa,37.818,5,35.901,44
2026,POR,F,ra,21.636,6,22.75,44
2026,POR,G,pts,45.818,13,49.251,44
2026,POR,G,reb,11.841,9,12.348,44
2026,POR,G,ast,14.636,5,14.223,44
2026,POR,G,tpm,6.205,5,6.685,44
2026,POR,G,stl,4.205,6,4.294,44
2026,POR,G,blk,1.5,1,1.012,44
2026,POR,G,tov,7.455,6,7.158,44
2026,POR,G,fga,33.932,15,39.825,44
2026,POR,G,fta,11.455,4,9.36,44
2026,POR,G,min,107.886,1,104.525,44
2026,POR,G,pra,72.295,9,75.822,44
2026,POR,G,pr,57.659,12,61.599,44
2026,POR,G,pa,60.455,9,63.474,44
2026,POR,G,ra,26.477,5,26.571,44
2026,SEA,C,pts,13.576,14,15.901,44
2026,SEA,C,reb,6.879,16,9.088,44
2026,SEA,C,ast,2.212,9,2.643,44
2026,SEA,C,tpm,0.939,4,0.976,44
2026,SEA,C,stl,0.818,12,0.849,44
2026,SEA,C,blk,1.333,8,1.302,44
2026,SEA,C,tov,1.848,13,2.196,44
2026,SEA,C,fga,9.333,16,12.594,44
2026,SEA,C,fta,4.212,6,3.614,44
2026,SEA,C,min,27.667,16,31.225,44
2026,SEA,C,pra,22.667,16,27.632,44
2026,SEA,C,pr,20.455,16,24.99,44
2026,SEA,C,pa,15.788,14,18.544,44
2026,SEA,C,ra,9.091,16,11.731,44
2026,SEA,F,pts,31.5,6,29.518,44
2026,SEA,F,reb,17.295,3,16.367,44
2026,SEA,F,ast,6.136,6,6.383,44
2026,SEA,F,tpm,2.864,3,2.611,44
2026,SEA,F,stl,3.136,3,2.574,44
2026,SEA,F,blk,1.682,8,1.646,44
2026,SEA,F,tov,4.159,10,3.988,44
2026,SEA,F,fga,25.364,2,23.599,44
2026,SEA,F,fta,7.386,6,6.482,44
2026,SEA,F,min,74.818,3,71.834,44
2026,SEA,F,pra,54.932,4,52.268,44
2026,SEA,F,pr,48.795,4,45.884,44
2026,SEA,F,pa,37.636,6,35.901,44
2026,SEA,F,ra,23.432,3,22.75,44
2026,SEA,G,pts,47.25,8,49.251,44
2026,SEA,G,reb,13.795,2,12.348,44
2026,SEA,G,ast,13.318,9,14.223,44
2026,SEA,G,tpm,5.25,14,6.685,44
2026,SEA,G,stl,4.886,3,4.294,44
2026,SEA,G,blk,1.227,6,1.012,44
2026,SEA,G,tov,7.25,7,7.158,44
2026,SEA,G,fga,37.659,8,39.825,44
2026,SEA,G,fta,11.795,2,9.36,44
2026,SEA,G,min,104.955,8,104.525,44
2026,SEA,G,pra,74.364,6,75.822,44
2026,SEA,G,pr,61.045,5,61.599,44
2026,SEA,G,pa,60.568,8,63.474,44
2026,SEA,G,ra,27.114,4,26.571,44
2026,SPO,C,pts,12.0,16,15.901,1
2026,SPO,C,reb,13.0,2,9.088,1
2026,SPO,C,ast,1.0,17,2.643,1
2026,SPO,C,tpm,0.0,17,0.976,1
2026,SPO,C,stl,0.0,17,0.849,1
2026,SPO,C,blk,0.0,17,1.302,1
2026,SPO,C,tov,2.0,11,2.196,1
2026,SPO,C,fga,17.0,2,12.594,1
2026,SPO,C,fta,0.0,17,3.614,1
2026,SPO,C,min,16.0,17,31.225,1
2026,SPO,C,pra,26.0,10,27.632,1
2026,SPO,C,pr,25.0,3,24.99,1
2026,SPO,C,pa,13.0,16,18.544,1
2026,SPO,C,ra,14.0,2,11.731,1
2026,SPO,F,pts,32.0,4,29.518,1
2026,SPO,F,reb,27.0,1,16.367,1
2026,SPO,F,ast,17.0,1,6.383,1
2026,SPO,F,tpm,6.0,1,2.611,1
2026,SPO,F,stl,1.0,17,2.574,1
2026,SPO,F,blk,1.0,17,1.646,1
2026,SPO,F,tov,1.0,17,3.988,1
2026,SPO,F,fga,36.0,1,23.599,1
2026,SPO,F,fta,0.0,17,6.482,1
2026,SPO,F,min,83.0,1,71.834,1
2026,SPO,F,pra,76.0,1,52.268,1
2026,SPO,F,pr,59.0,1,45.884,1
2026,SPO,F,pa,49.0,1,35.901,1
2026,SPO,F,ra,44.0,1,22.75,1
2026,SPO,G,pts,78.0,1,49.251,1
2026,SPO,G,reb,12.0,7,12.348,1
2026,SPO,G,ast,18.0,2,14.223,1
2026,SPO,G,tpm,15.0,2,6.685,1
2026,SPO,G,stl,9.0,1,4.294,1
2026,SPO,G,blk,0.0,17,1.012,1
2026,SPO,G,tov,6.0,17,7.158,1
2026,SPO,G,fga,65.0,1,39.825,1
2026,SPO,G,fta,1.0,16,9.36,1
2026,SPO,G,min,100.0,17,104.525,1
2026,SPO,G,pra,108.0,2,75.822,1
2026,SPO,G,pr,90.0,1,61.599,1
2026,SPO,G,pa,96.0,1,63.474,1
2026,SPO,G,ra,30.0,2,26.571,1
2026,TOR,C,pts,15.886,4,15.901,44
2026,TOR,C,reb,8.714,8,9.088,44
2026,TOR,C,ast,2.114,11,2.643,44
2026,TOR,C,tpm,0.771,12,0.976,44
2026,TOR,C,stl,1.143,3,0.849,44
2026,TOR,C,blk,1.771,2,1.302,44
2026,TOR,C,tov,2.229,4,2.196,44
2026,TOR,C,fga,11.343,10,12.594,44
2026,TOR,C,fta,3.714,9,3.614,44
2026,TOR,C,min,32.457,7,31.225,44
2026,TOR,C,pra,26.714,7,27.632,44
2026,TOR,C,pr,24.6,5,24.99,44
2026,TOR,C,pa,18.0,7,18.544,44
2026,TOR,C,ra,10.829,8,11.731,44
2026,TOR,F,pts,33.465,1,29.518,44
2026,TOR,F,reb,16.07,6,16.367,44
2026,TOR,F,ast,5.419,11,6.383,44
2026,TOR,F,tpm,2.977,2,2.611,44
2026,TOR,F,stl,2.651,9,2.574,44
2026,TOR,F,blk,1.512,13,1.646,44
2026,TOR,F,tov,3.698,14,3.988,44
2026,TOR,F,fga,23.651,8,23.599,44
2026,TOR,F,fta,7.698,5,6.482,44
2026,TOR,F,min,71.14,12,71.834,44
2026,TOR,F,pra,54.953,3,52.268,44
2026,TOR,F,pr,49.535,2,45.884,44
2026,TOR,F,pa,38.884,2,35.901,44
2026,TOR,F,ra,21.488,8,22.75,44
2026,TOR,G,pts,49.023,4,49.251,44
2026,TOR,G,reb,11.932,8,12.348,44
2026,TOR,G,ast,15.636,3,14.223,44
2026,TOR,G,tpm,6.227,4,6.685,44
2026,TOR,G,stl,3.977,10,4.294,44
2026,TOR,G,blk,0.977,13,1.012,44
2026,TOR,G,tov,6.727,12,7.158,44
2026,TOR,G,fga,38.455,6,39.825,44
2026,TOR,G,fta,10.932,7,9.36,44
2026,TOR,G,min,105.341,7,104.525,44
2026,TOR,G,pra,76.591,4,75.822,44
2026,TOR,G,pr,60.955,6,61.599,44
2026,TOR,G,pa,64.659,4,63.474,44
2026,TOR,G,ra,27.568,3,26.571,44
2026,WSH,C,pts,11.122,17,15.901,46
2026,WSH,C,reb,6.537,17,9.088,46
2026,WSH,C,ast,1.878,16,2.643,46
2026,WSH,C,tpm,0.805,9,0.976,46
2026,WSH,C,stl,1.171,1,0.849,46
2026,WSH,C,blk,1.463,6,1.302,46
2026,WSH,C,tov,1.634,17,2.196,46
2026,WSH,C,fga,8.756,17,12.594,46
2026,WSH,C,fta,2.78,15,3.614,46
2026,WSH,C,min,28.146,15,31.225,46
2026,WSH,C,pra,19.537,17,27.632,46
2026,WSH,C,pr,17.659,17,24.99,46
2026,WSH,C,pa,13.0,17,18.544,46
2026,WSH,C,ra,8.415,17,11.731,46
2026,WSH,F,pts,27.733,14,29.518,46
2026,WSH,F,reb,15.0,13,16.367,46
2026,WSH,F,ast,5.778,9,6.383,46
2026,WSH,F,tpm,2.422,12,2.611,46
2026,WSH,F,stl,3.822,1,2.574,46
2026,WSH,F,blk,2.178,3,1.646,46
2026,WSH,F,tov,4.022,13,3.988,46
2026,WSH,F,fga,23.689,7,23.599,46
2026,WSH,F,fta,6.0,15,6.482,46
2026,WSH,F,min,74.533,5,71.834,46
2026,WSH,F,pra,48.511,12,52.268,46
2026,WSH,F,pr,42.733,13,45.884,46
2026,WSH,F,pa,33.511,12,35.901,46
2026,WSH,F,ra,20.778,11,22.75,46
2026,WSH,G,pts,46.109,11,49.251,46
2026,WSH,G,reb,9.543,17,12.348,46
2026,WSH,G,ast,12.522,13,14.223,46
2026,WSH,G,tpm,5.326,12,6.685,46
2026,WSH,G,stl,4.043,9,4.294,46
2026,WSH,G,blk,1.196,7,1.012,46
2026,WSH,G,tov,6.478,14,7.158,46
2026,WSH,G,fga,38.087,7,39.825,46
2026,WSH,G,fta,10.935,6,9.36,46
2026,WSH,G,min,105.413,6,104.525,46
2026,WSH,G,pra,68.174,14,75.822,46
2026,WSH,G,pr,55.652,13,61.599,46
2026,WSH,G,pa,58.63,12,63.474,46
2026,WSH,G,ra,22.065,17,26.571,46
combined,ATL,C,pts,15.529,7,15.85,47
combined,ATL,C,reb,8.394,8,9.1,47
combined,ATL,C,ast,2.707,5,2.78,47
combined,ATL,C,tpm,0.997,4,0.927,47
combined,ATL,C,stl,0.837,14,0.879,47
combined,ATL,C,blk,1.976,1,1.212,47
combined,ATL,C,tov,2.874,2,2.218,47
combined,ATL,C,fga,11.821,7,12.79,47
combined,ATL,C,fta,3.57,10,3.361,47
combined,ATL,C,min,34.584,3,31.69,47
combined,ATL,C,pra,26.629,8,27.73,47
combined,ATL,C,pr,23.922,10,24.95,47
combined,ATL,C,pa,18.235,5,18.63,47
combined,ATL,C,ra,11.1,7,11.88,47
combined,ATL,F,pts,27.667,17,33.082,47
combined,ATL,F,reb,14.151,19,17.627,47
combined,ATL,F,ast,5.095,18,7.098,47
combined,ATL,F,tpm,2.117,17,3.11,47
combined,ATL,F,stl,2.389,14,2.602,47
combined,ATL,F,blk,1.922,5,1.473,47
combined,ATL,F,tov,4.654,2,4.054,47
combined,ATL,F,fga,22.065,15,25.646,47
combined,ATL,F,fta,6.597,10,6.292,47
combined,ATL,F,min,70.017,16,72.476,47
combined,ATL,F,pra,46.913,17,57.807,47
combined,ATL,F,pr,41.818,18,50.709,47
combined,ATL,F,pa,32.762,17,40.18,47
combined,ATL,F,ra,19.245,19,24.725,47
combined,ATL,G,pts,41.603,18,50.416,47
combined,ATL,G,reb,10.787,17,12.793,47
combined,ATL,G,ast,11.588,19,15.35,47
combined,ATL,G,tpm,4.638,19,7.204,47
combined,ATL,G,stl,3.305,17,4.073,47
combined,ATL,G,blk,1.128,10,0.922,47
combined,ATL,G,tov,7.333,7,6.782,47
combined,ATL,G,fga,34.121,18,41.15,47
combined,ATL,G,fta,9.681,10,8.659,47
combined,ATL,G,min,103.241,15,104.134,47
combined,ATL,G,pra,63.979,19,78.559,47
combined,ATL,G,pr,52.39,18,63.209,47
combined,ATL,G,pa,53.192,18,65.766,47
combined,ATL,G,ra,22.376,19,28.143,47
combined,CHI,C,pts,15.295,8,15.85,44
combined,CHI,C,reb,8.771,5,9.1,44
combined,CHI,C,ast,2.619,7,2.78,44
combined,CHI,C,tpm,1.029,2,0.927,44
combined,CHI,C,stl,1.105,3,0.879,44
combined,CHI,C,blk,1.733,3,1.212,44
combined,CHI,C,tov,2.171,6,2.218,44
combined,CHI,C,fga,11.676,9,12.79,44
combined,CHI,C,fta,4.41,4,3.361,44
combined,CHI,C,min,30.781,14,31.69,44
combined,CHI,C,pra,26.686,7,27.73,44
combined,CHI,C,pr,24.067,8,24.95,44
combined,CHI,C,pa,17.914,7,18.63,44
combined,CHI,C,ra,11.39,6,11.88,44
combined,CHI,F,pts,30.857,6,33.082,44
combined,CHI,F,reb,16.158,7,17.627,44
combined,CHI,F,ast,5.956,8,7.098,44
combined,CHI,F,tpm,2.235,16,3.11,44
combined,CHI,F,stl,2.997,4,2.602,44
combined,CHI,F,blk,2.476,1,1.473,44
combined,CHI,F,tov,4.385,7,4.054,44
combined,CHI,F,fga,24.132,7,25.646,44
combined,CHI,F,fta,8.194,2,6.292,44
combined,CHI,F,min,73.169,5,72.476,44
combined,CHI,F,pra,52.971,7,57.807,44
combined,CHI,F,pr,47.014,7,50.709,44
combined,CHI,F,pa,36.813,6,40.18,44
combined,CHI,F,ra,22.114,6,24.725,44
combined,CHI,G,pts,46.242,9,50.416,44
combined,CHI,G,reb,12.598,5,12.793,44
combined,CHI,G,ast,12.894,14,15.35,44
combined,CHI,G,tpm,5.568,13,7.204,44
combined,CHI,G,stl,4.364,5,4.073,44
combined,CHI,G,blk,1.31,3,0.922,44
combined,CHI,G,tov,6.242,16,6.782,44
combined,CHI,G,fga,36.727,10,41.15,44
combined,CHI,G,fta,10.507,6,8.659,44
combined,CHI,G,min,103.75,14,104.134,44
combined,CHI,G,pra,71.735,11,78.559,44
combined,CHI,G,pr,58.841,8,63.209,44
combined,CHI,G,pa,59.136,10,65.766,44
combined,CHI,G,ra,25.493,11,28.143,44
combined,CLA,F,pts,72.0,1,33.082,0
combined,CLA,F,reb,33.0,1,17.627,0
combined,CLA,F,ast,12.0,3,7.098,0
combined,CLA,F,tpm,6.0,3,3.11,0
combined,CLA,F,stl,2.0,17,2.602,0
combined,CLA,F,blk,0.0,19,1.473,0
combined,CLA,F,tov,7.0,1,4.054,0
combined,CLA,F,fga,43.0,2,25.646,0
combined,CLA,F,fta,6.0,16,6.292,0
combined,CLA,F,min,89.0,1,72.476,0
combined,CLA,F,pra,117.0,1,57.807,0
combined,CLA,F,pr,105.0,1,50.709,0
combined,CLA,F,pa,84.0,1,40.18,0
combined,CLA,F,ra,45.0,1,24.725,0
combined,CLA,G,pts,79.0,1,50.416,0
combined,CLA,G,reb,23.0,1,12.793,0
combined,CLA,G,ast,33.0,1,15.35,0
combined,CLA,G,tpm,15.0,3,7.204,0
combined,CLA,G,stl,1.0,19,4.073,0
combined,CLA,G,blk,0.0,19,0.922,0
combined,CLA,G,tov,5.0,18,6.782,0
combined,CLA,G,fga,61.0,2,41.15,0
combined,CLA,G,fta,10.0,8,8.659,0
combined,CLA,G,min,110.0,1,104.134,0
combined,CLA,G,pra,135.0,1,78.559,0
combined,CLA,G,pr,102.0,1,63.209,0
combined,CLA,G,pa,112.0,1,65.766,0
combined,CLA,G,ra,56.0,1,28.143,0
combined,COL,C,pts,13.0,17,15.85,0
combined,COL,C,reb,8.0,15,9.1,0
combined,COL,C,ast,4.0,2,2.78,0
combined,COL,C,tpm,1.0,3,0.927,0
combined,COL,C,stl,1.0,9,0.879,0
combined,COL,C,blk,0.0,17,1.212,0
combined,COL,C,tov,2.0,13,2.218,0
combined,COL,C,fga,11.0,13,12.79,0
combined,COL,C,fta,0.0,17,3.361,0
combined,COL,C,min,30.0,17,31.69,0
combined,COL,C,pra,25.0,15,27.73,0
combined,COL,C,pr,21.0,17,24.95,0
combined,COL,C,pa,17.0,14,18.63,0
combined,COL,C,ra,12.0,5,11.88,0
combined,COL,F,pts,59.0,2,33.082,0
combined,COL,F,reb,24.0,3,17.627,0
combined,COL,F,ast,14.0,2,7.098,0
combined,COL,F,tpm,10.0,1,3.11,0
combined,COL,F,stl,4.0,1,2.602,0
combined,COL,F,blk,0.0,18,1.473,0
combined,COL,F,tov,3.0,17,4.054,0
combined,COL,F,fga,46.0,1,25.646,0
combined,COL,F,fta,5.0,17,6.292,0
combined,COL,F,min,84.0,2,72.476,0
combined,COL,F,pra,97.0,2,57.807,0
combined,COL,F,pr,83.0,2,50.709,0
combined,COL,F,pa,73.0,2,40.18,0
combined,COL,F,ra,38.0,3,24.725,0
combined,COL,G,pts,59.0,4,50.416,0
combined,COL,G,reb,9.0,19,12.793,0
combined,COL,G,ast,18.0,3,15.35,0
combined,COL,G,tpm,8.0,4,7.204,0
combined,COL,G,stl,3.0,18,4.073,0
combined,COL,G,blk,0.0,16,0.922,0
combined,COL,G,tov,3.0,19,6.782,0
combined,COL,G,fga,50.0,4,41.15,0
combined,COL,G,fta,3.0,17,8.659,0
combined,COL,G,min,85.0,19,104.134,0
combined,COL,G,pra,86.0,4,78.559,0
combined,COL,G,pr,68.0,4,63.209,0
combined,COL,G,pa,77.0,4,65.766,0
combined,COL,G,ra,27.0,5,28.143,0
combined,CON,C,pts,15.08,11,15.85,44
combined,CON,C,reb,7.81,17,9.1,44
combined,CON,C,ast,2.374,11,2.78,44
combined,CON,C,tpm,0.67,15,0.927,44
combined,CON,C,stl,1.069,5,0.879,44
combined,CON,C,blk,1.242,12,1.212,44
combined,CON,C,tov,1.939,16,2.218,44
combined,CON,C,fga,10.951,14,12.79,44
combined,CON,C,fta,4.4,5,3.361,44
combined,CON,C,min,31.082,11,31.69,44
combined,CON,C,pra,25.264,13,27.73,44
combined,CON,C,pr,22.89,13,24.95,44
combined,CON,C,pa,17.455,12,18.63,44
combined,CON,C,ra,10.184,16,11.88,44
combined,CON,F,pts,28.811,11,33.082,44
combined,CON,F,reb,15.697,9,17.627,44
combined,CON,F,ast,5.546,12,7.098,44
combined,CON,F,tpm,2.296,15,3.11,44
combined,CON,F,stl,2.765,6,2.602,44
combined,CON,F,blk,2.091,2,1.473,44
combined,CON,F,tov,4.303,10,4.054,44
combined,CON,F,fga,22.076,14,25.646,44
combined,CON,F,fta,7.94,3,6.292,44
combined,CON,F,min,70.788,13,72.476,44
combined,CON,F,pra,50.053,12,57.807,44
combined,CON,F,pr,44.507,12,50.709,44
combined,CON,F,pa,34.356,12,40.18,44
combined,CON,F,ra,21.242,12,24.725,44
combined,CON,G,pts,46.78,7,50.416,44
combined,CON,G,reb,12.667,4,12.793,44
combined,CON,G,ast,13.159,10,15.35,44
combined,CON,G,tpm,5.364,14,7.204,44
combined,CON,G,stl,3.901,10,4.073,44
combined,CON,G,blk,1.228,6,0.922,44
combined,CON,G,tov,7.75,3,6.782,44
combined,CON,G,fga,34.993,17,41.15,44
combined,CON,G,fta,11.675,1,8.659,44
combined,CON,G,min,105.531,11,104.134,44
combined,CON,G,pra,72.606,7,78.559,44
combined,CON,G,pr,59.447,7,63.209,44
combined,CON,G,pa,59.939,9,65.766,44
combined,CON,G,ra,25.826,10,28.143,44
combined,COOP,C,pts,34.0,1,15.85,1
combined,COOP,C,reb,17.0,1,9.1,1
combined,COOP,C,ast,9.0,1,2.78,1
combined,COOP,C,tpm,4.0,1,0.927,1
combined,COOP,C,stl,0.0,17,0.879,1
combined,COOP,C,blk,1.0,14,1.212,1
combined,COOP,C,tov,4.0,1,2.218,1
combined,COOP,C,fga,31.0,1,12.79,1
combined,COOP,C,fta,2.0,16,3.361,1
combined,COOP,C,min,41.0,1,31.69,1
combined,COOP,C,pra,60.0,1,27.73,1
combined,COOP,C,pr,51.0,1,24.95,1
combined,COOP,C,pa,43.0,1,18.63,1
combined,COOP,C,ra,26.0,1,11.88,1
combined,COOP,F,pts,28.0,15,33.082,1
combined,COOP,F,reb,20.0,4,17.627,1
combined,COOP,F,ast,8.0,4,7.098,1
combined,COOP,F,tpm,1.0,19,3.11,1
combined,COOP,F,stl,2.0,16,2.602,1
combined,COOP,F,blk,1.0,16,1.473,1
combined,COOP,F,tov,2.0,18,4.054,1
combined,COOP,F,fga,17.0,19,25.646,1
combined,COOP,F,fta,2.0,18,6.292,1
combined,COOP,F,min,53.0,19,72.476,1
combined,COOP,F,pra,56.0,4,57.807,1
combined,COOP,F,pr,48.0,5,50.709,1
combined,COOP,F,pa,36.0,9,40.18,1
combined,COOP,F,ra,28.0,4,24.725,1
combined,COOP,G,pts,67.0,3,50.416,1
combined,COOP,G,reb,22.0,2,12.793,1
combined,COOP,G,ast,25.0,2,15.35,1
combined,COOP,G,tpm,15.0,1,7.204,1
combined,COOP,G,stl,5.0,2,4.073,1
combined,COOP,G,blk,0.0,17,0.922,1
combined,COOP,G,tov,9.0,1,6.782,1
combined,COOP,G,fga,59.0,3,41.15,1
combined,COOP,G,fta,0.0,19,8.659,1
combined,COOP,G,min,107.0,3,104.134,1
combined,COOP,G,pra,114.0,2,78.559,1
combined,COOP,G,pr,89.0,3,63.209,1
combined,COOP,G,pa,92.0,3,65.766,1
combined,COOP,G,ra,47.0,2,28.143,1
combined,DAL,C,pts,16.542,2,15.85,47
combined,DAL,C,reb,8.736,6,9.1,47
combined,DAL,C,ast,2.27,12,2.78,47
combined,DAL,C,tpm,0.825,7,0.927,47
combined,DAL,C,stl,0.742,15,0.879,47
combined,DAL,C,blk,1.255,10,1.212,47
combined,DAL,C,tov,2.055,11,2.218,47
combined,DAL,C,fga,12.246,4,12.79,47
combined,DAL,C,fta,3.972,7,3.361,47
combined,DAL,C,min,34.808,2,31.69,47
combined,DAL,C,pra,27.548,3,27.73,47
combined,DAL,C,pr,25.278,2,24.95,47
combined,DAL,C,pa,18.812,3,18.63,47
combined,DAL,C,ra,11.006,8,11.88,47
combined,DAL,F,pts,30.308,8,33.082,47
combined,DAL,F,reb,15.505,12,17.627,47
combined,DAL,F,ast,6.26,6,7.098,47
combined,DAL,F,tpm,2.561,5,3.11,47
combined,DAL,F,stl,2.616,11,2.602,47
combined,DAL,F,blk,1.702,8,1.473,47
combined,DAL,F,tov,4.126,13,4.054,47
combined,DAL,F,fga,24.157,6,25.646,47
combined,DAL,F,fta,7.161,7,6.292,47
combined,DAL,F,min,72.542,6,72.476,47
combined,DAL,F,pra,52.073,9,57.807,47
combined,DAL,F,pr,45.813,9,50.709,47
combined,DAL,F,pa,36.568,7,40.18,47
combined,DAL,F,ra,21.765,9,24.725,47
combined,DAL,G,pts,43.554,16,50.416,47
combined,DAL,G,reb,11.582,13,12.793,47
combined,DAL,G,ast,12.959,12,15.35,47
combined,DAL,G,tpm,5.59,12,7.204,47
combined,DAL,G,stl,3.432,16,4.073,47
combined,DAL,G,blk,1.189,8,0.922,47
combined,DAL,G,tov,6.27,15,6.782,47
combined,DAL,G,fga,35.067,16,41.15,47
combined,DAL,G,fta,9.834,9,8.659,47
combined,DAL,G,min,102.461,16,104.134,47
combined,DAL,G,pra,68.095,14,78.559,47
combined,DAL,G,pr,55.137,15,63.209,47
combined,DAL,G,pa,56.514,15,65.766,47
combined,DAL,G,ra,24.541,13,28.143,47
combined,GS,C,pts,13.971,14,15.85,48
combined,GS,C,reb,8.166,12,9.1,48
combined,GS,C,ast,1.961,17,2.78,48
combined,GS,C,tpm,0.706,13,0.927,48
combined,GS,C,stl,0.696,16,0.879,48
combined,GS,C,blk,1.255,9,1.212,48
combined,GS,C,tov,2.039,12,2.218,48
combined,GS,C,fga,10.716,16,12.79,48
combined,GS,C,fta,4.343,6,3.361,48
combined,GS,C,min,30.323,15,31.69,48
combined,GS,C,pra,24.098,16,27.73,48
combined,GS,C,pr,22.138,15,24.95,48
combined,GS,C,pa,15.931,15,18.63,48
combined,GS,C,ra,10.127,17,11.88,48
combined,GS,F,pts,25.798,19,33.082,48
combined,GS,F,reb,15.264,13,17.627,48
combined,GS,F,ast,5.106,17,7.098,48
combined,GS,F,tpm,2.092,18,3.11,48
combined,GS,F,stl,1.993,18,2.602,48
combined,GS,F,blk,1.644,10,1.473,48
combined,GS,F,tov,4.497,5,4.054,48
combined,GS,F,fga,21.018,18,25.646,48
combined,GS,F,fta,7.159,8,6.292,48
combined,GS,F,min,74.13,4,72.476,48
combined,GS,F,pra,46.167,19,57.807,48
combined,GS,F,pr,41.062,19,50.709,48
combined,GS,F,pa,30.904,19,40.18,48
combined,GS,F,ra,20.369,14,24.725,48
combined,GS,G,pts,40.355,19,50.416,48
combined,GS,G,reb,11.717,12,12.793,48
combined,GS,G,ast,12.025,17,15.35,48
combined,GS,G,tpm,5.687,11,7.204,48
combined,GS,G,stl,3.838,12,4.073,48
combined,GS,G,blk,1.192,7,0.922,48
combined,GS,G,tov,6.952,10,6.782,48
combined,GS,G,fga,35.302,15,41.15,48
combined,GS,G,fta,9.126,14,8.659,48
combined,GS,G,min,105.536,10,104.134,48
combined,GS,G,pra,64.097,18,78.559,48
combined,GS,G,pr,52.072,19,63.209,48
combined,GS,G,pa,52.38,19,65.766,48
combined,GS,G,ra,23.742,16,28.143,48
combined,IND,C,pts,15.785,5,15.85,47
combined,IND,C,reb,8.272,10,9.1,47
combined,IND,C,ast,2.106,15,2.78,47
combined,IND,C,tpm,0.653,16,0.927,47
combined,IND,C,stl,0.907,13,0.879,47
combined,IND,C,blk,1.547,5,1.212,47
combined,IND,C,tov,2.233,4,2.218,47
combined,IND,C,fga,12.045,6,12.79,47
combined,IND,C,fta,4.447,2,3.361,47
combined,IND,C,min,32.897,7,31.69,47
combined,IND,C,pra,26.164,9,27.73,47
combined,IND,C,pr,24.058,9,24.95,47
combined,IND,C,pa,17.891,8,18.63,47
combined,IND,C,ra,10.378,14,11.88,47
combined,IND,F,pts,30.656,7,33.082,47
combined,IND,F,reb,14.455,18,17.627,47
combined,IND,F,ast,5.903,9,7.098,47
combined,IND,F,tpm,2.416,10,3.11,47
combined,IND,F,stl,2.659,9,2.602,47
combined,IND,F,blk,1.621,11,1.473,47
combined,IND,F,tov,4.311,9,4.054,47
combined,IND,F,fga,24.009,8,25.646,47
combined,IND,F,fta,7.371,5,6.292,47
combined,IND,F,min,71.335,9,72.476,47
combined,IND,F,pra,51.014,10,57.807,47
combined,IND,F,pr,45.11,10,50.709,47
combined,IND,F,pa,36.559,8,40.18,47
combined,IND,F,ra,20.358,15,24.725,47
combined,IND,G,pts,44.85,13,50.416,47
combined,IND,G,reb,11.217,15,12.793,47
combined,IND,G,ast,12.816,15,15.35,47
combined,IND,G,tpm,4.794,18,7.204,47
combined,IND,G,stl,3.592,15,4.073,47
combined,IND,G,blk,1.178,9,0.922,47
combined,IND,G,tov,7.057,9,6.782,47
combined,IND,G,fga,35.74,14,41.15,47
combined,IND,G,fta,10.521,5,8.659,47
combined,IND,G,min,105.542,9,104.134,47
combined,IND,G,pra,68.883,13,78.559,47
combined,IND,G,pr,56.068,13,63.209,47
combined,IND,G,pa,57.667,13,65.766,47
combined,IND,G,ra,24.033,14,28.143,47
combined,LA,C,pts,15.735,6,15.85,44
combined,LA,C,reb,9.489,4,9.1,44
combined,LA,C,ast,2.802,3,2.78,44
combined,LA,C,tpm,0.811,8,0.927,44
combined,LA,C,stl,1.104,4,0.879,44
combined,LA,C,blk,1.645,4,1.212,44
combined,LA,C,tov,2.454,3,2.218,44
combined,LA,C,fga,12.09,5,12.79,44
combined,LA,C,fta,3.564,11,3.361,44
combined,LA,C,min,33.755,5,31.69,44
combined,LA,C,pra,28.025,2,27.73,44
combined,LA,C,pr,25.224,3,24.95,44
combined,LA,C,pa,18.536,4,18.63,44
combined,LA,C,ra,12.29,3,11.88,44
combined,LA,F,pts,28.892,10,33.082,44
combined,LA,F,reb,15.519,11,17.627,44
combined,LA,F,ast,6.335,5,7.098,44
combined,LA,F,tpm,2.524,6,3.11,44
combined,LA,F,stl,3.442,2,2.602,44
combined,LA,F,blk,1.939,4,1.473,44
combined,LA,F,tov,4.177,12,4.054,44
combined,LA,F,fga,22.029,16,25.646,44
combined,LA,F,fta,6.333,13,6.292,44
combined,LA,F,min,70.166,15,72.476,44
combined,LA,F,pra,50.747,11,57.807,44
combined,LA,F,pr,44.411,13,50.709,44
combined,LA,F,pa,35.228,11,40.18,44
combined,LA,F,ra,21.854,7,24.725,44
combined,LA,G,pts,49.493,5,50.416,44
combined,LA,G,reb,12.295,6,12.793,44
combined,LA,G,ast,13.917,8,15.35,44
combined,LA,G,tpm,6.22,6,7.204,44
combined,LA,G,stl,4.394,4,4.073,44
combined,LA,G,blk,1.084,11,0.922,44
combined,LA,G,tov,7.447,6,6.782,44
combined,LA,G,fga,39.825,5,41.15,44
combined,LA,G,fta,9.651,11,8.659,44
combined,LA,G,min,105.598,8,104.134,44
combined,LA,G,pra,75.704,6,78.559,44
combined,LA,G,pr,61.788,5,63.209,44
combined,LA,G,pa,63.409,6,65.766,44
combined,LA,G,ra,26.212,8,28.143,44
combined,LV,C,pts,15.107,10,15.85,49
combined,LV,C,reb,8.173,11,9.1,49
combined,LV,C,ast,2.406,10,2.78,49
combined,LV,C,tpm,0.739,11,0.927,49
combined,LV,C,stl,1.011,8,0.879,49
combined,LV,C,blk,0.791,16,1.212,49
combined,LV,C,tov,2.085,9,2.218,49
combined,LV,C,fga,11.683,8,12.79,49
combined,LV,C,fta,3.192,14,3.361,49
combined,LV,C,min,31.153,10,31.69,49
combined,LV,C,pra,25.687,11,27.73,49
combined,LV,C,pr,23.281,11,24.95,49
combined,LV,C,pa,17.513,11,18.63,49
combined,LV,C,ra,10.579,12,11.88,49
combined,LV,F,pts,28.231,13,33.082,49
combined,LV,F,reb,16.496,5,17.627,49
combined,LV,F,ast,5.313,15,7.098,49
combined,LV,F,tpm,2.366,12,3.11,49
combined,LV,F,stl,2.513,12,2.602,49
combined,LV,F,blk,1.078,15,1.473,49
combined,LV,F,tov,4.56,4,4.054,49
combined,LV,F,fga,22.417,13,25.646,49
combined,LV,F,fta,7.191,6,6.292,49
combined,LV,F,min,71.281,10,72.476,49
combined,LV,F,pra,50.04,13,57.807,49
combined,LV,F,pr,44.726,11,50.709,49
combined,LV,F,pa,33.544,15,40.18,49
combined,LV,F,ra,21.809,8,24.725,49
combined,LV,G,pts,44.46,14,50.416,49
combined,LV,G,reb,11.491,14,12.793,49
combined,LV,G,ast,11.981,18,15.35,49
combined,LV,G,tpm,5.326,15,7.204,49
combined,LV,G,stl,3.708,14,4.073,49
combined,LV,G,blk,0.902,15,0.922,49
combined,LV,G,tov,6.868,11,6.782,49
combined,LV,G,fga,38.035,8,41.15,49
combined,LV,G,fta,8.939,15,8.659,49
combined,LV,G,min,105.904,7,104.134,49
combined,LV,G,pra,67.933,15,78.559,49
combined,LV,G,pr,55.952,14,63.209,49
combined,LV,G,pa,56.441,16,65.766,49
combined,LV,G,ra,23.472,17,28.143,49
combined,MIN,C,pts,13.362,15,15.85,46
combined,MIN,C,reb,8.294,9,9.1,46
combined,MIN,C,ast,2.191,13,2.78,46
combined,MIN,C,tpm,0.828,6,0.927,46
combined,MIN,C,stl,0.942,12,0.879,46
combined,MIN,C,blk,1.092,13,1.212,46
combined,MIN,C,tov,2.122,7,2.218,46
combined,MIN,C,fga,10.311,17,12.79,46
combined,MIN,C,fta,2.938,15,3.361,46
combined,MIN,C,min,32.472,8,31.69,46
combined,MIN,C,pra,23.847,17,27.73,46
combined,MIN,C,pr,21.657,16,24.95,46
combined,MIN,C,pa,15.553,16,18.63,46
combined,MIN,C,ra,10.485,13,11.88,46
combined,MIN,F,pts,27.787,16,33.082,46
combined,MIN,F,reb,15.028,15,17.627,46
combined,MIN,F,ast,5.211,16,7.098,46
combined,MIN,F,tpm,2.333,14,3.11,46
combined,MIN,F,stl,2.417,13,2.602,46
combined,MIN,F,blk,1.216,14,1.473,46
combined,MIN,F,tov,4.596,3,4.054,46
combined,MIN,F,fga,23.115,12,25.646,46
combined,MIN,F,fta,6.368,12,6.292,46
combined,MIN,F,min,69.621,17,72.476,46
combined,MIN,F,pra,48.026,16,57.807,46
combined,MIN,F,pr,42.815,15,50.709,46
combined,MIN,F,pa,32.998,16,40.18,46
combined,MIN,F,ra,20.239,16,24.725,46
combined,MIN,G,pts,42.007,17,50.416,46
combined,MIN,G,reb,11.064,16,12.793,46
combined,MIN,G,ast,12.897,13,15.35,46
combined,MIN,G,tpm,5.824,9,7.204,46
combined,MIN,G,stl,3.896,11,4.073,46
combined,MIN,G,blk,0.927,14,0.922,46
combined,MIN,G,tov,7.873,2,6.782,46
combined,MIN,G,fga,35.92,13,41.15,46
combined,MIN,G,fta,8.672,16,8.659,46
combined,MIN,G,min,102.198,17,104.134,46
combined,MIN,G,pra,65.968,17,78.559,46
combined,MIN,G,pr,53.07,17,63.209,46
combined,MIN,G,pa,54.904,17,65.766,46
combined,MIN,G,ra,23.961,15,28.143,46
combined,NY,C,pts,14.283,13,15.85,48
combined,NY,C,reb,8.054,14,9.1,48
combined,NY,C,ast,2.795,4,2.78,48
combined,NY,C,tpm,0.736,12,0.927,48
combined,NY,C,stl,1.041,6,0.879,48
combined,NY,C,blk,0.952,15,1.212,48
combined,NY,C,tov,1.852,17,2.218,48
combined,NY,C,fga,11.484,10,12.79,48
combined,NY,C,fta,3.303,12,3.361,48
combined,NY,C,min,33.165,6,31.69,48
combined,NY,C,pra,25.132,14,27.73,48
combined,NY,C,pr,22.337,14,24.95,48
combined,NY,C,pa,17.078,13,18.63,48
combined,NY,C,ra,10.85,9,11.88,48
combined,NY,F,pts,28.569,12,33.082,48
combined,NY,F,reb,14.864,16,17.627,48
combined,NY,F,ast,5.715,10,7.098,48
combined,NY,F,tpm,2.355,13,3.11,48
combined,NY,F,stl,2.742,7,2.602,48
combined,NY,F,blk,1.531,12,1.473,48
combined,NY,F,tov,3.573,16,4.054,48
combined,NY,F,fga,23.36,11,25.646,48
combined,NY,F,fta,6.289,14,6.292,48
combined,NY,F,min,71.06,12,72.476,48
combined,NY,F,pra,49.147,14,57.807,48
combined,NY,F,pr,43.433,14,50.709,48
combined,NY,F,pa,34.284,13,40.18,48
combined,NY,F,ra,20.579,13,24.725,48
combined,NY,G,pts,45.278,11,50.416,48
combined,NY,G,reb,12.121,7,12.793,48
combined,NY,G,ast,13.082,11,15.35,48
combined,NY,G,tpm,5.789,10,7.204,48
combined,NY,G,stl,3.747,13,4.073,48
combined,NY,G,blk,1.07,12,0.922,48
combined,NY,G,tov,6.578,13,6.782,48
combined,NY,G,fga,39.118,6,41.15,48
combined,NY,G,fta,9.267,13,8.659,48
combined,NY,G,min,106.156,4,104.134,48
combined,NY,G,pra,70.481,12,78.559,48
combined,NY,G,pr,57.399,12,63.209,48
combined,NY,G,pa,58.36,11,65.766,48
combined,NY,G,ra,25.202,12,28.143,48
combined,PHX,C,pts,14.982,12,15.85,44
combined,PHX,C,reb,9.494,3,9.1,44
combined,PHX,C,ast,2.554,8,2.78,44
combined,PHX,C,tpm,0.647,17,0.927,44
combined,PHX,C,stl,0.979,10,0.879,44
combined,PHX,C,blk,1.248,11,1.212,44
combined,PHX,C,tov,1.949,15,2.218,44
combined,PHX,C,fga,12.32,3,12.79,44
combined,PHX,C,fta,3.782,8,3.361,44
combined,PHX,C,min,33.904,4,31.69,44
combined,PHX,C,pra,27.03,5,27.73,44
combined,PHX,C,pr,24.476,7,24.95,44
combined,PHX,C,pa,17.536,10,18.63,44
combined,PHX,C,ra,12.048,4,11.88,44
combined,PHX,F,pts,26.756,18,33.082,44
combined,PHX,F,reb,15.223,14,17.627,44
combined,PHX,F,ast,4.701,19,7.098,44
combined,PHX,F,tpm,2.384,11,3.11,44
combined,PHX,F,stl,2.277,15,2.602,44
combined,PHX,F,blk,1.708,7,1.473,44
combined,PHX,F,tov,4.274,11,4.054,44
combined,PHX,F,fga,21.206,17,25.646,44
combined,PHX,F,fta,6.385,11,6.292,44
combined,PHX,F,min,68.959,18,72.476,44
combined,PHX,F,pra,46.68,18,57.807,44
combined,PHX,F,pr,41.979,17,50.709,44
combined,PHX,F,pa,31.457,18,40.18,44
combined,PHX,F,ra,19.924,18,24.725,44
combined,PHX,G,pts,46.561,8,50.416,44
combined,PHX,G,reb,11.746,11,12.793,44
combined,PHX,G,ast,14.188,7,15.35,44
combined,PHX,G,tpm,6.218,7,7.204,44
combined,PHX,G,stl,4.228,6,4.073,44
combined,PHX,G,blk,1.321,2,0.922,44
combined,PHX,G,tov,7.236,8,6.782,44
combined,PHX,G,fga,36.952,9,41.15,44
combined,PHX,G,fta,9.409,12,8.659,44
combined,PHX,G,min,105.26,13,104.134,44
combined,PHX,G,pra,72.494,8,78.559,44
combined,PHX,G,pr,58.306,10,63.209,44
combined,PHX,G,pa,60.749,7,65.766,44
combined,PHX,G,ra,25.933,9,28.143,44
combined,POR,C,pts,16.472,3,15.85,44
combined,POR,C,reb,8.056,13,9.1,44
combined,POR,C,ast,2.667,6,2.78,44
combined,POR,C,tpm,0.694,14,0.927,44
combined,POR,C,stl,1.028,7,0.879,44
combined,POR,C,blk,1.444,7,1.212,44
combined,POR,C,tov,2.056,10,2.218,44
combined,POR,C,fga,11.444,11,12.79,44
combined,POR,C,fta,5.139,1,3.361,44
combined,POR,C,min,30.083,16,31.69,44
combined,POR,C,pra,27.194,4,27.73,44
combined,POR,C,pr,24.528,6,24.95,44
combined,POR,C,pa,19.139,2,18.63,44
combined,POR,C,ra,10.722,11,11.88,44
combined,POR,F,pts,31.727,5,33.082,44
combined,POR,F,reb,15.545,10,17.627,44
combined,POR,F,ast,6.091,7,7.098,44
combined,POR,F,tpm,2.523,7,3.11,44
combined,POR,F,stl,2.909,5,2.602,44
combined,POR,F,blk,1.909,6,1.473,44
combined,POR,F,tov,4.432,6,4.054,44
combined,POR,F,fga,24.273,4,25.646,44
combined,POR,F,fta,8.523,1,6.292,44
combined,POR,F,min,70.614,14,72.476,44
combined,POR,F,pra,53.364,6,57.807,44
combined,POR,F,pr,47.273,6,50.709,44
combined,POR,F,pa,37.818,5,40.18,44
combined,POR,F,ra,21.636,10,24.725,44
combined,POR,G,pts,45.818,10,50.416,44
combined,POR,G,reb,11.841,10,12.793,44
combined,POR,G,ast,14.636,6,15.35,44
combined,POR,G,tpm,6.205,8,7.204,44
combined,POR,G,stl,4.205,7,4.073,44
combined,POR,G,blk,1.5,1,0.922,44
combined,POR,G,tov,7.455,5,6.782,44
combined,POR,G,fga,33.932,19,41.15,44
combined,POR,G,fta,11.455,2,8.659,44
combined,POR,G,min,107.886,2,104.134,44
combined,POR,G,pra,72.295,9,78.559,44
combined,POR,G,pr,57.659,11,63.209,44
combined,POR,G,pa,60.455,8,65.766,44
combined,POR,G,ra,26.477,7,28.143,44
combined,SEA,C,pts,15.222,9,15.85,44
combined,SEA,C,reb,7.829,16,9.1,44
combined,SEA,C,ast,2.421,9,2.78,44
combined,SEA,C,tpm,0.842,5,0.927,44
combined,SEA,C,stl,0.978,11,0.879,44
combined,SEA,C,blk,1.528,6,1.212,44
combined,SEA,C,tov,2.106,8,2.218,44
combined,SEA,C,fga,10.889,15,12.79,44
combined,SEA,C,fta,4.43,3,3.361,44
combined,SEA,C,min,31.075,12,31.69,44
combined,SEA,C,pra,25.472,12,27.73,44
combined,SEA,C,pr,23.051,12,24.95,44
combined,SEA,C,pa,17.642,9,18.63,44
combined,SEA,C,ra,10.25,15,11.88,44
combined,SEA,F,pts,29.941,9,33.082,44
combined,SEA,F,reb,16.471,6,17.627,44
combined,SEA,F,ast,5.683,11,7.098,44
combined,SEA,F,tpm,2.487,8,3.11,44
combined,SEA,F,stl,2.728,8,2.602,44
combined,SEA,F,blk,1.647,9,1.473,44
combined,SEA,F,tov,4.365,8,4.054,44
combined,SEA,F,fga,24.25,5,25.646,44
combined,SEA,F,fta,7.057,9,6.292,44
combined,SEA,F,min,71.76,7,72.476,44
combined,SEA,F,pra,52.095,8,57.807,44
combined,SEA,F,pr,46.411,8,50.709,44
combined,SEA,F,pa,35.624,10,40.18,44
combined,SEA,F,ra,22.155,5,24.725,44
combined,SEA,G,pts,44.911,12,50.416,44
combined,SEA,G,reb,13.814,3,12.793,44
combined,SEA,G,ast,13.177,9,15.35,44
combined,SEA,G,tpm,5.174,17,7.204,44
combined,SEA,G,stl,4.598,3,4.073,44
combined,SEA,G,blk,1.229,5,0.922,44
combined,SEA,G,tov,7.507,4,6.782,44
combined,SEA,G,fga,36.354,11,41.15,44
combined,SEA,G,fta,10.707,4,8.659,44
combined,SEA,G,min,106.133,5,104.134,44
combined,SEA,G,pra,71.902,10,78.559,44
combined,SEA,G,pr,58.725,9,63.209,44
combined,SEA,G,pa,58.088,12,65.766,44
combined,SEA,G,ra,26.991,6,28.143,44
combined,SPO,C,pts,12.0,18,15.85,1
combined,SPO,C,reb,13.0,2,9.1,1
combined,SPO,C,ast,1.0,18,2.78,1
combined,SPO,C,tpm,0.0,18,0.927,1
combined,SPO,C,stl,0.0,18,0.879,1
combined,SPO,C,blk,0.0,18,1.212,1
combined,SPO,C,tov,2.0,14,2.218,1
combined,SPO,C,fga,17.0,2,12.79,1
combined,SPO,C,fta,0.0,18,3.361,1
combined,SPO,C,min,16.0,18,31.69,1
combined,SPO,C,pra,26.0,10,27.73,1
combined,SPO,C,pr,25.0,4,24.95,1
combined,SPO,C,pa,13.0,18,18.63,1
combined,SPO,C,ra,14.0,2,11.88,1
combined,SPO,F,pts,32.0,4,33.082,1
combined,SPO,F,reb,27.0,2,17.627,1
combined,SPO,F,ast,17.0,1,7.098,1
combined,SPO,F,tpm,6.0,2,3.11,1
combined,SPO,F,stl,1.0,19,2.602,1
combined,SPO,F,blk,1.0,17,1.473,1
combined,SPO,F,tov,1.0,19,4.054,1
combined,SPO,F,fga,36.0,3,25.646,1
combined,SPO,F,fta,0.0,19,6.292,1
combined,SPO,F,min,83.0,3,72.476,1
combined,SPO,F,pra,76.0,3,57.807,1
combined,SPO,F,pr,59.0,3,50.709,1
combined,SPO,F,pa,49.0,3,40.18,1
combined,SPO,F,ra,44.0,2,24.725,1
combined,SPO,G,pts,78.0,2,50.416,1
combined,SPO,G,reb,12.0,8,12.793,1
combined,SPO,G,ast,18.0,4,15.35,1
combined,SPO,G,tpm,15.0,2,7.204,1
combined,SPO,G,stl,9.0,1,4.073,1
combined,SPO,G,blk,0.0,18,0.922,1
combined,SPO,G,tov,6.0,17,6.782,1
combined,SPO,G,fga,65.0,1,41.15,1
combined,SPO,G,fta,1.0,18,8.659,1
combined,SPO,G,min,100.0,18,104.134,1
combined,SPO,G,pra,108.0,3,78.559,1
combined,SPO,G,pr,90.0,2,63.209,1
combined,SPO,G,pa,96.0,2,65.766,1
combined,SPO,G,ra,30.0,3,28.143,1
combined,TOR,C,pts,15.886,4,15.85,44
combined,TOR,C,reb,8.714,7,9.1,44
combined,TOR,C,ast,2.114,14,2.78,44
combined,TOR,C,tpm,0.771,9,0.927,44
combined,TOR,C,stl,1.143,2,0.879,44
combined,TOR,C,blk,1.771,2,1.212,44
combined,TOR,C,tov,2.229,5,2.218,44
combined,TOR,C,fga,11.343,12,12.79,44
combined,TOR,C,fta,3.714,9,3.361,44
combined,TOR,C,min,32.457,9,31.69,44
combined,TOR,C,pra,26.714,6,27.73,44
combined,TOR,C,pr,24.6,5,24.95,44
combined,TOR,C,pa,18.0,6,18.63,44
combined,TOR,C,ra,10.829,10,11.88,44
combined,TOR,F,pts,33.465,3,33.082,44
combined,TOR,F,reb,16.07,8,17.627,44
combined,TOR,F,ast,5.419,14,7.098,44
combined,TOR,F,tpm,2.977,4,3.11,44
combined,TOR,F,stl,2.651,10,2.602,44
combined,TOR,F,blk,1.512,13,1.473,44
combined,TOR,F,tov,3.698,15,4.054,44
combined,TOR,F,fga,23.651,9,25.646,44
combined,TOR,F,fta,7.698,4,6.292,44
combined,TOR,F,min,71.14,11,72.476,44
combined,TOR,F,pra,54.953,5,57.807,44
combined,TOR,F,pr,49.535,4,50.709,44
combined,TOR,F,pa,38.884,4,40.18,44
combined,TOR,F,ra,21.488,11,24.725,44
combined,TOR,G,pts,49.023,6,50.416,44
combined,TOR,G,reb,11.932,9,12.793,44
combined,TOR,G,ast,15.636,5,15.35,44
combined,TOR,G,tpm,6.227,5,7.204,44
combined,TOR,G,stl,3.977,9,4.073,44
combined,TOR,G,blk,0.977,13,0.922,44
combined,TOR,G,tov,6.727,12,6.782,44
combined,TOR,G,fga,38.455,7,41.15,44
combined,TOR,G,fta,10.932,3,8.659,44
combined,TOR,G,min,105.341,12,104.134,44
combined,TOR,G,pra,76.591,5,78.559,44
combined,TOR,G,pr,60.955,6,63.209,44
combined,TOR,G,pa,64.659,5,65.766,44
combined,TOR,G,ra,27.568,4,28.143,44
combined,WSH,C,pts,13.052,16,15.85,46
combined,WSH,C,reb,7.544,18,9.1,46
combined,WSH,C,ast,2.056,16,2.78,46
combined,WSH,C,tpm,0.743,10,0.927,46
combined,WSH,C,stl,1.232,1,0.879,46
combined,WSH,C,blk,1.338,8,1.212,46
combined,WSH,C,tov,1.766,18,2.218,46
combined,WSH,C,fga,10.2,18,12.79,46
combined,WSH,C,fta,3.285,13,3.361,46
combined,WSH,C,min,30.882,13,31.69,46
combined,WSH,C,pra,22.652,18,27.73,46
combined,WSH,C,pr,20.596,18,24.95,46
combined,WSH,C,pa,15.108,17,18.63,46
combined,WSH,C,ra,9.6,18,11.88,46
combined,WSH,F,pts,28.095,14,33.082,46
combined,WSH,F,reb,14.47,17,17.627,46
combined,WSH,F,ast,5.534,13,7.098,46
combined,WSH,F,tpm,2.425,9,3.11,46
combined,WSH,F,stl,3.343,3,2.602,46
combined,WSH,F,blk,1.997,3,1.473,46
combined,WSH,F,tov,4.068,14,4.054,46
combined,WSH,F,fga,23.52,10,25.646,46
combined,WSH,F,fta,6.28,15,6.292,46
combined,WSH,F,min,71.454,8,72.476,46
combined,WSH,F,pra,48.098,15,57.807,46
combined,WSH,F,pr,42.564,16,50.709,46
combined,WSH,F,pa,33.629,14,40.18,46
combined,WSH,F,ra,20.004,17,24.725,46
combined,WSH,G,pts,43.967,15,50.416,46
combined,WSH,G,reb,10.195,18,12.793,46
combined,WSH,G,ast,12.704,16,15.35,46
combined,WSH,G,tpm,5.248,16,7.204,46
combined,WSH,G,stl,4.203,8,4.073,46
combined,WSH,G,blk,1.282,4,0.922,46
combined,WSH,G,tov,6.554,14,6.782,46
combined,WSH,G,fga,36.3,12,41.15,46
combined,WSH,G,fta,10.138,7,8.659,46
combined,WSH,G,min,106.018,6,104.134,46
combined,WSH,G,pra,66.866,16,78.559,46
combined,WSH,G,pr,54.162,16,63.209,46
combined,WSH,G,pa,56.67,14,65.766,46
combined,WSH,G,ra,22.899,18,28.143,46
