eid,date,day,away,home,venue,tv,odds,ou,away_rec,home_rec,neutral,note,stype,model_margin,model_total,p_home,home_line,imp_home,home_implied,away_implied
401918297,2026-10-07T23:30Z,2026-10-07,NY,ATL,State Farm Arena,ESPN,ATL -1.5,170.5,26-18,30-14,False,WNBA Semifinals - Game 2,post,5.77,171.0,0.7,-1.5,,88.4,82.6
401918298,2026-10-08T01:30Z,2026-10-07,LV,GS,Chase Center,Peacock,,,,,False,,post,2.4,165.0,0.586,,,83.7,81.3
401918298,2026-10-08T01:30Z,2026-10-08,LV,GS,Chase Center,Peacock/NBCSN,GS -1.5,156.5,31-13,32-12,False,WNBA Semifinals - Game 2,pre,2.4,165.0,0.586,-1.5,,83.7,81.3
401918299,2026-10-09T23:30Z,2026-10-09,ATL,NY,Barclays Center,ESPN2,,,30-14,26-18,False,WNBA Semifinals - Game 3,post,-1.77,171.0,0.436,,,84.6,86.4
401918300,2026-10-10T01:30Z,2026-10-09,GS,LV,Michelob ULTRA Arena,Peacock,,,,,False,,post,1.6,165.0,0.558,,,83.3,81.7
401918300,2026-10-10T01:30Z,2026-10-10,GS,LV,Michelob ULTRA Arena,Peacock/NBCSN,,,32-12,31-13,False,WNBA Semifinals - Game 3,pre,1.6,165.0,0.558,,,83.3,81.7
401918302,2026-10-11T04:00Z,2026-10-11,GS,LV,Michelob ULTRA Arena,NBC/Peacock,,,32-12,31-13,False,WNBA Semifinals - Game 4 If Necessary,post,1.6,165.0,0.558,,,83.3,81.7
401918301,2026-10-11T18:00Z,2026-10-11,ATL,NY,Barclays Center,ABC,,,30-14,26-18,False,WNBA Semifinals - Game 4 If Necessary,post,-1.77,171.0,0.436,,,84.6,86.4
401918303,2026-10-14T04:00Z,2026-10-14,NY,ATL,State Farm Arena,ESPN,,,26-18,30-14,False,WNBA Semifinals - Game 5 If Necessary,post,5.77,171.0,0.7,,,88.4,82.6
401918304,2026-10-14T04:00Z,2026-10-14,LV,GS,Chase Center,Peacock/NBCSN,,,31-13,32-12,False,WNBA Semifinals - Game 5 If Necessary,post,2.4,165.0,0.586,,,83.7,81.3
