player,pid,team,opp,date,slot,market,base,proj,mx,ratio,opp_rank,opp_allowed,q10,q90,gp,gp_prior
DeWanna Bonner,869,ATL,NY,2026-10-07T23:30Z,F,pts,11.15,10.24,0.918,0.864,12,28.569,2.3,18.2,45,44
DeWanna Bonner,869,ATL,NY,2026-10-07T23:30Z,F,reb,5.85,5.3,0.906,0.843,16,14.864,1.9,8.7,45,44
DeWanna Bonner,869,ATL,NY,2026-10-07T23:30Z,F,ast,1.57,1.39,0.883,0.805,10,5.715,0.0,2.9,45,44
DeWanna Bonner,869,ATL,NY,2026-10-07T23:30Z,F,tpm,1.42,1.21,0.854,0.757,13,2.355,0.0,2.5,45,44
DeWanna Bonner,869,ATL,NY,2026-10-07T23:30Z,F,pra,18.58,16.91,0.91,0.85,14,49.147,7.4,26.4,45,44
DeWanna Bonner,869,ATL,NY,2026-10-07T23:30Z,F,pr,17.01,15.54,0.914,0.857,14,43.433,6.3,24.8,45,44
DeWanna Bonner,869,ATL,NY,2026-10-07T23:30Z,F,pa,12.72,11.6,0.912,0.853,13,34.284,3.6,19.6,45,44
DeWanna Bonner,869,ATL,NY,2026-10-07T23:30Z,F,ra,7.42,6.68,0.899,0.832,13,20.579,2.6,10.8,45,44
DeWanna Bonner,869,ATL,NY,2026-10-07T23:30Z,F,stl,1.0,1.03,1.032,1.054,7,2.742,0.0,2.1,45,44
DeWanna Bonner,869,ATL,NY,2026-10-07T23:30Z,F,blk,0.47,0.48,1.024,1.039,12,1.531,0.0,1.7,45,44
Tiffany Hayes,1054,GS,LV,2026-10-08T01:30Z,G,pts,10.13,9.41,0.929,0.882,14,44.46,2.8,16.0,46,26
Tiffany Hayes,1054,GS,LV,2026-10-08T01:30Z,G,reb,2.13,2.0,0.939,0.898,14,11.491,0.0,4.7,46,26
Tiffany Hayes,1054,GS,LV,2026-10-08T01:30Z,G,ast,2.57,2.23,0.868,0.781,18,11.981,0.0,4.7,46,26
Tiffany Hayes,1054,GS,LV,2026-10-08T01:30Z,G,tpm,0.79,0.66,0.844,0.739,15,5.326,0.0,1.8,46,26
Tiffany Hayes,1054,GS,LV,2026-10-08T01:30Z,G,pra,14.83,13.63,0.919,0.865,15,67.933,4.0,23.2,46,26
Tiffany Hayes,1054,GS,LV,2026-10-08T01:30Z,G,pr,12.26,11.42,0.931,0.885,14,55.952,3.1,19.7,46,26
Tiffany Hayes,1054,GS,LV,2026-10-08T01:30Z,G,pa,12.7,11.62,0.915,0.858,16,56.441,3.6,19.6,46,26
Tiffany Hayes,1054,GS,LV,2026-10-08T01:30Z,G,ra,4.7,4.23,0.9,0.834,17,23.472,0.2,8.3,46,26
Tiffany Hayes,1054,GS,LV,2026-10-08T01:30Z,G,stl,0.79,0.75,0.946,0.91,14,3.708,0.0,2.2,46,26
Tiffany Hayes,1054,GS,LV,2026-10-08T01:30Z,G,blk,0.3,0.29,0.987,0.978,15,0.902,0.0,1.0,46,26
Rebekah Gardner,2327695,NY,ATL,2026-10-07T23:30Z,G,pts,4.47,4.0,0.895,0.825,18,41.603,0.0,8.6,46,44
Rebekah Gardner,2327695,NY,ATL,2026-10-07T23:30Z,G,reb,2.01,1.82,0.906,0.843,17,10.787,0.0,4.3,46,44
Rebekah Gardner,2327695,NY,ATL,2026-10-07T23:30Z,G,ast,0.92,0.78,0.853,0.755,19,11.588,0.0,2.1,46,44
Rebekah Gardner,2327695,NY,ATL,2026-10-07T23:30Z,G,tpm,0.27,0.22,0.786,0.644,19,4.638,0.0,0.9,46,44
Rebekah Gardner,2327695,NY,ATL,2026-10-07T23:30Z,G,pra,7.4,6.58,0.889,0.814,19,63.979,0.0,13.6,46,44
Rebekah Gardner,2327695,NY,ATL,2026-10-07T23:30Z,G,pr,6.48,5.82,0.897,0.829,18,52.39,0.0,12.2,46,44
Rebekah Gardner,2327695,NY,ATL,2026-10-07T23:30Z,G,pa,5.39,4.77,0.885,0.809,18,53.192,0.0,10.1,46,44
Rebekah Gardner,2327695,NY,ATL,2026-10-07T23:30Z,G,ra,2.93,2.57,0.877,0.795,19,22.376,0.0,5.6,46,44
Rebekah Gardner,2327695,NY,ATL,2026-10-07T23:30Z,G,stl,0.58,0.52,0.887,0.811,17,3.305,0.0,1.3,46,44
Rebekah Gardner,2327695,NY,ATL,2026-10-07T23:30Z,G,blk,0.2,0.22,1.134,1.223,10,1.128,0.0,0.7,46,44
Chelsea Gray,2529122,LV,GS,2026-10-08T01:30Z,G,pts,12.58,11.08,0.88,0.8,19,40.355,5.2,17.0,48,56
Chelsea Gray,2529122,LV,GS,2026-10-08T01:30Z,G,reb,3.52,3.34,0.95,0.916,12,11.717,1.2,5.5,48,56
Chelsea Gray,2529122,LV,GS,2026-10-08T01:30Z,G,ast,6.24,5.43,0.87,0.783,17,12.025,2.4,8.5,48,56
Chelsea Gray,2529122,LV,GS,2026-10-08T01:30Z,G,tpm,1.52,1.33,0.874,0.789,11,5.687,0.0,2.8,48,56
Chelsea Gray,2529122,LV,GS,2026-10-08T01:30Z,G,pra,22.34,19.87,0.89,0.816,18,64.097,13.7,26.0,48,56
Chelsea Gray,2529122,LV,GS,2026-10-08T01:30Z,G,pr,16.1,14.4,0.894,0.824,19,52.072,8.3,20.5,48,56
Chelsea Gray,2529122,LV,GS,2026-10-08T01:30Z,G,pa,18.82,16.52,0.878,0.796,19,52.38,10.4,22.6,48,56
Chelsea Gray,2529122,LV,GS,2026-10-08T01:30Z,G,ra,9.76,8.84,0.906,0.844,16,23.742,5.3,12.4,48,56
Chelsea Gray,2529122,LV,GS,2026-10-08T01:30Z,G,stl,1.61,1.55,0.965,0.942,12,3.838,0.0,3.2,48,56
Chelsea Gray,2529122,LV,GS,2026-10-08T01:30Z,G,blk,0.26,0.31,1.176,1.293,7,1.192,0.0,1.0,48,56
Cheyenne Parker-Tyus,2529458,LV,GS,2026-10-08T01:30Z,F,pts,5.52,4.79,0.868,0.78,19,25.798,0.0,11.5,36,8
Cheyenne Parker-Tyus,2529458,LV,GS,2026-10-08T01:30Z,F,reb,3.14,2.89,0.92,0.866,13,15.264,0.0,6.7,36,8
Cheyenne Parker-Tyus,2529458,LV,GS,2026-10-08T01:30Z,F,ast,0.78,0.65,0.832,0.719,17,5.106,0.0,1.8,36,8
Cheyenne Parker-Tyus,2529458,LV,GS,2026-10-08T01:30Z,F,tpm,0.37,0.3,0.804,0.673,18,2.092,0.0,1.2,36,8
Cheyenne Parker-Tyus,2529458,LV,GS,2026-10-08T01:30Z,F,pra,9.44,8.3,0.879,0.799,19,46.167,0.0,18.5,36,8
Cheyenne Parker-Tyus,2529458,LV,GS,2026-10-08T01:30Z,F,pr,8.66,7.67,0.886,0.81,19,41.062,0.0,17.4,36,8
Cheyenne Parker-Tyus,2529458,LV,GS,2026-10-08T01:30Z,F,pa,6.3,5.43,0.861,0.769,19,30.904,0.0,12.6,36,8
Cheyenne Parker-Tyus,2529458,LV,GS,2026-10-08T01:30Z,F,ra,3.92,3.51,0.894,0.824,14,20.369,0.0,7.8,36,8
Cheyenne Parker-Tyus,2529458,LV,GS,2026-10-08T01:30Z,F,stl,0.71,0.61,0.86,0.766,18,1.993,0.0,1.7,36,8
Cheyenne Parker-Tyus,2529458,LV,GS,2026-10-08T01:30Z,F,blk,0.82,0.88,1.07,1.116,10,1.644,0.0,1.9,36,8
Kayla Thornton,2529622,GS,LV,2026-10-08T01:30Z,F,pts,7.75,7.07,0.912,0.853,13,28.231,0.0,14.5,48,23
Kayla Thornton,2529622,GS,LV,2026-10-08T01:30Z,F,reb,4.55,4.38,0.962,0.936,5,16.496,0.5,8.2,48,23
Kayla Thornton,2529622,GS,LV,2026-10-08T01:30Z,F,ast,0.69,0.59,0.849,0.749,15,5.313,0.0,1.6,48,23
Kayla Thornton,2529622,GS,LV,2026-10-08T01:30Z,F,tpm,1.5,1.28,0.856,0.761,12,2.366,0.0,3.0,48,23
Kayla Thornton,2529622,GS,LV,2026-10-08T01:30Z,F,pra,13.0,11.95,0.919,0.866,13,50.04,2.1,21.8,48,23
Kayla Thornton,2529622,GS,LV,2026-10-08T01:30Z,F,pr,12.31,11.44,0.929,0.882,11,44.726,2.2,20.7,48,23
Kayla Thornton,2529622,GS,LV,2026-10-08T01:30Z,F,pa,8.45,7.61,0.901,0.835,15,33.544,0.0,15.5,48,23
Kayla Thornton,2529622,GS,LV,2026-10-08T01:30Z,F,ra,5.25,4.87,0.929,0.882,8,21.809,0.4,9.3,48,23
Kayla Thornton,2529622,GS,LV,2026-10-08T01:30Z,F,stl,0.6,0.59,0.979,0.966,12,2.513,0.0,1.7,48,23
Kayla Thornton,2529622,GS,LV,2026-10-08T01:30Z,F,blk,0.25,0.21,0.839,0.732,15,1.078,0.0,0.6,48,23
Julie Vanloo,2566110,NY,ATL,2026-10-07T23:30Z,G,pts,3.57,3.19,0.895,0.825,18,41.603,0.0,7.4,5,35
Julie Vanloo,2566110,NY,ATL,2026-10-07T23:30Z,G,reb,1.35,1.23,0.906,0.843,17,10.787,0.0,3.3,5,35
Julie Vanloo,2566110,NY,ATL,2026-10-07T23:30Z,G,ast,3.13,2.67,0.853,0.755,19,11.588,0.0,5.9,5,35
Julie Vanloo,2566110,NY,ATL,2026-10-07T23:30Z,G,tpm,0.86,0.67,0.786,0.644,19,4.638,0.0,1.9,5,35
Julie Vanloo,2566110,NY,ATL,2026-10-07T23:30Z,G,pra,8.05,7.16,0.889,0.814,19,63.979,0.0,15.2,5,35
Julie Vanloo,2566110,NY,ATL,2026-10-07T23:30Z,G,pr,4.92,4.42,0.897,0.829,18,52.39,0.0,9.8,5,35
Julie Vanloo,2566110,NY,ATL,2026-10-07T23:30Z,G,pa,6.7,5.93,0.885,0.809,18,53.192,0.0,12.5,5,35
Julie Vanloo,2566110,NY,ATL,2026-10-07T23:30Z,G,ra,4.49,3.93,0.877,0.795,19,22.376,0.0,8.9,5,35
Julie Vanloo,2566110,NY,ATL,2026-10-07T23:30Z,G,stl,0.38,0.33,0.887,0.811,17,3.305,0.0,1.4,5,35
Julie Vanloo,2566110,NY,ATL,2026-10-07T23:30Z,G,blk,0.0,0.0,1.134,1.223,10,1.128,0.0,0.2,5,35
Kiah Stokes,2590093,GS,LV,2026-10-08T01:30Z,C,pts,3.08,2.99,0.972,0.953,10,15.107,0.0,6.3,47,49
Kiah Stokes,2590093,GS,LV,2026-10-08T01:30Z,C,reb,7.03,6.6,0.939,0.898,11,8.173,2.6,10.6,47,49
Kiah Stokes,2590093,GS,LV,2026-10-08T01:30Z,C,ast,1.57,1.44,0.919,0.865,10,2.406,0.0,3.0,47,49
Kiah Stokes,2590093,GS,LV,2026-10-08T01:30Z,C,tpm,0.31,0.27,0.878,0.797,11,0.739,0.0,0.9,47,49
Kiah Stokes,2590093,GS,LV,2026-10-08T01:30Z,C,pra,11.68,11.16,0.956,0.926,11,25.687,4.1,18.2,47,49
Kiah Stokes,2590093,GS,LV,2026-10-08T01:30Z,C,pr,10.11,9.7,0.96,0.933,11,23.281,3.6,15.8,47,49
Kiah Stokes,2590093,GS,LV,2026-10-08T01:30Z,C,pa,4.65,4.48,0.964,0.94,11,17.513,0.4,8.5,47,49
Kiah Stokes,2590093,GS,LV,2026-10-08T01:30Z,C,ra,8.6,8.03,0.934,0.89,12,10.579,3.0,13.1,47,49
Kiah Stokes,2590093,GS,LV,2026-10-08T01:30Z,C,stl,0.45,0.49,1.09,1.15,8,1.011,0.0,1.0,47,49
Kiah Stokes,2590093,GS,LV,2026-10-08T01:30Z,C,blk,1.73,1.37,0.792,0.653,16,0.791,0.0,3.1,47,49
Crystal Bradford,2591976,LV,GS,2026-10-08T01:30Z,F,pts,,,0.868,0.78,19,25.798,0.0,,0,4
Crystal Bradford,2591976,LV,GS,2026-10-08T01:30Z,F,reb,,,0.92,0.866,13,15.264,0.0,,0,4
Crystal Bradford,2591976,LV,GS,2026-10-08T01:30Z,F,ast,,,0.832,0.719,17,5.106,0.0,,0,4
Crystal Bradford,2591976,LV,GS,2026-10-08T01:30Z,F,tpm,,,0.804,0.673,18,2.092,0.0,,0,4
Crystal Bradford,2591976,LV,GS,2026-10-08T01:30Z,F,pra,,,0.879,0.799,19,46.167,0.0,,0,4
Crystal Bradford,2591976,LV,GS,2026-10-08T01:30Z,F,pr,,,0.886,0.81,19,41.062,0.0,,0,4
Crystal Bradford,2591976,LV,GS,2026-10-08T01:30Z,F,pa,,,0.861,0.769,19,30.904,0.0,,0,4
Crystal Bradford,2591976,LV,GS,2026-10-08T01:30Z,F,ra,,,0.894,0.824,14,20.369,0.0,,0,4
Crystal Bradford,2591976,LV,GS,2026-10-08T01:30Z,F,stl,,,0.86,0.766,18,1.993,0.0,,0,4
Crystal Bradford,2591976,LV,GS,2026-10-08T01:30Z,F,blk,,,1.07,1.116,10,1.644,0.0,,0,4
Jewell Loyd,2987869,LV,GS,2026-10-08T01:30Z,G,pts,8.05,7.09,0.88,0.8,19,40.355,0.9,13.3,47,56
Jewell Loyd,2987869,LV,GS,2026-10-08T01:30Z,G,reb,2.35,2.24,0.95,0.916,12,11.717,0.3,4.1,47,56
Jewell Loyd,2987869,LV,GS,2026-10-08T01:30Z,G,ast,1.12,0.98,0.87,0.783,17,12.025,0.0,2.2,47,56
Jewell Loyd,2987869,LV,GS,2026-10-08T01:30Z,G,tpm,1.82,1.59,0.874,0.789,11,5.687,0.0,3.2,47,56
Jewell Loyd,2987869,LV,GS,2026-10-08T01:30Z,G,pra,11.53,10.25,0.89,0.816,18,64.097,3.2,17.3,47,56
Jewell Loyd,2987869,LV,GS,2026-10-08T01:30Z,G,pr,10.4,9.3,0.894,0.824,19,52.072,2.4,16.2,47,56
Jewell Loyd,2987869,LV,GS,2026-10-08T01:30Z,G,pa,9.17,8.05,0.878,0.796,19,52.38,1.8,14.3,47,56
Jewell Loyd,2987869,LV,GS,2026-10-08T01:30Z,G,ra,3.48,3.15,0.906,0.844,16,23.742,0.5,5.8,47,56
Jewell Loyd,2987869,LV,GS,2026-10-08T01:30Z,G,stl,1.15,1.11,0.965,0.942,12,3.838,0.0,2.3,47,56
Jewell Loyd,2987869,LV,GS,2026-10-08T01:30Z,G,blk,0.07,0.08,1.176,1.293,7,1.192,0.0,0.3,47,56
Breanna Stewart,2998928,NY,ATL,2026-10-07T23:30Z,F,pts,21.43,19.32,0.902,0.836,17,27.667,10.4,28.2,47,35
Breanna Stewart,2998928,NY,ATL,2026-10-07T23:30Z,F,reb,8.24,7.27,0.882,0.803,19,14.151,3.4,11.1,47,35
Breanna Stewart,2998928,NY,ATL,2026-10-07T23:30Z,F,ast,3.56,2.95,0.831,0.718,18,5.095,0.5,5.4,47,35
Breanna Stewart,2998928,NY,ATL,2026-10-07T23:30Z,F,tpm,0.68,0.55,0.808,0.681,17,2.117,0.0,1.6,47,35
Breanna Stewart,2998928,NY,ATL,2026-10-07T23:30Z,F,pra,33.23,29.47,0.887,0.812,17,46.913,17.9,41.1,47,35
Breanna Stewart,2998928,NY,ATL,2026-10-07T23:30Z,F,pr,29.67,26.55,0.895,0.825,18,41.818,15.9,37.2,47,35
Breanna Stewart,2998928,NY,ATL,2026-10-07T23:30Z,F,pa,24.99,22.22,0.889,0.815,17,32.762,12.4,32.0,47,35
Breanna Stewart,2998928,NY,ATL,2026-10-07T23:30Z,F,ra,11.8,10.23,0.867,0.778,19,19.245,5.2,15.3,47,35
Breanna Stewart,2998928,NY,ATL,2026-10-07T23:30Z,F,stl,1.61,1.53,0.951,0.918,14,2.389,0.0,3.0,47,35
Breanna Stewart,2998928,NY,ATL,2026-10-07T23:30Z,F,blk,1.34,1.59,1.183,1.305,5,1.922,0.4,2.8,47,35
Jonquel Jones,2999101,NY,ATL,2026-10-07T23:30Z,C,pts,14.55,14.37,0.988,0.98,7,15.529,8.4,20.4,48,34
Jonquel Jones,2999101,NY,ATL,2026-10-07T23:30Z,C,reb,9.09,8.66,0.953,0.922,8,8.394,3.6,13.7,48,34
Jonquel Jones,2999101,NY,ATL,2026-10-07T23:30Z,C,ast,2.36,2.32,0.984,0.974,5,2.707,0.0,5.0,48,34
Jonquel Jones,2999101,NY,ATL,2026-10-07T23:30Z,C,tpm,1.84,1.93,1.045,1.076,4,0.997,0.3,3.5,48,34
Jonquel Jones,2999101,NY,ATL,2026-10-07T23:30Z,C,pra,25.99,25.37,0.976,0.96,8,26.629,15.2,35.5,48,34
Jonquel Jones,2999101,NY,ATL,2026-10-07T23:30Z,C,pr,23.64,23.05,0.975,0.959,10,23.922,13.7,32.4,48,34
Jonquel Jones,2999101,NY,ATL,2026-10-07T23:30Z,C,pa,16.9,16.69,0.987,0.979,5,18.235,10.1,23.3,48,34
Jonquel Jones,2999101,NY,ATL,2026-10-07T23:30Z,C,ra,11.44,10.99,0.961,0.934,7,11.1,4.6,17.4,48,34
Jonquel Jones,2999101,NY,ATL,2026-10-07T23:30Z,C,stl,0.47,0.46,0.971,0.952,14,0.837,0.0,1.3,48,34
Jonquel Jones,2999101,NY,ATL,2026-10-07T23:30Z,C,blk,1.37,1.88,1.378,1.63,1,1.976,0.4,3.3,48,34
Emma Meesseman,3027368,NY,ATL,2026-10-07T23:30Z,C,pts,,,0.988,0.98,7,15.529,0.0,,0,20
Emma Meesseman,3027368,NY,ATL,2026-10-07T23:30Z,C,reb,,,0.953,0.922,8,8.394,0.0,,0,20
Emma Meesseman,3027368,NY,ATL,2026-10-07T23:30Z,C,ast,,,0.984,0.974,5,2.707,0.0,,0,20
Emma Meesseman,3027368,NY,ATL,2026-10-07T23:30Z,C,tpm,,,1.045,1.076,4,0.997,0.0,,0,20
Emma Meesseman,3027368,NY,ATL,2026-10-07T23:30Z,C,pra,,,0.976,0.96,8,26.629,0.0,,0,20
Emma Meesseman,3027368,NY,ATL,2026-10-07T23:30Z,C,pr,,,0.975,0.959,10,23.922,0.0,,0,20
Emma Meesseman,3027368,NY,ATL,2026-10-07T23:30Z,C,pa,,,0.987,0.979,5,18.235,0.0,,0,20
Emma Meesseman,3027368,NY,ATL,2026-10-07T23:30Z,C,ra,,,0.961,0.934,7,11.1,0.0,,0,20
Emma Meesseman,3027368,NY,ATL,2026-10-07T23:30Z,C,stl,,,0.971,0.952,14,0.837,0.0,,0,20
Emma Meesseman,3027368,NY,ATL,2026-10-07T23:30Z,C,blk,,,1.378,1.63,1,1.976,0.0,,0,20
Nia Coffey,3054590,ATL,NY,2026-10-07T23:30Z,F,pts,,,0.918,0.864,12,28.569,0.0,,0,47
Nia Coffey,3054590,ATL,NY,2026-10-07T23:30Z,F,reb,,,0.906,0.843,16,14.864,0.0,,0,47
Nia Coffey,3054590,ATL,NY,2026-10-07T23:30Z,F,ast,,,0.883,0.805,10,5.715,0.0,,0,47
Nia Coffey,3054590,ATL,NY,2026-10-07T23:30Z,F,tpm,,,0.854,0.757,13,2.355,0.0,,0,47
Nia Coffey,3054590,ATL,NY,2026-10-07T23:30Z,F,pra,,,0.91,0.85,14,49.147,0.0,,0,47
Nia Coffey,3054590,ATL,NY,2026-10-07T23:30Z,F,pr,,,0.914,0.857,14,43.433,0.0,,0,47
Nia Coffey,3054590,ATL,NY,2026-10-07T23:30Z,F,pa,,,0.912,0.853,13,34.284,0.0,,0,47
Nia Coffey,3054590,ATL,NY,2026-10-07T23:30Z,F,ra,,,0.899,0.832,13,20.579,0.0,,0,47
Nia Coffey,3054590,ATL,NY,2026-10-07T23:30Z,F,stl,,,1.032,1.054,7,2.742,0.0,,0,47
Nia Coffey,3054590,ATL,NY,2026-10-07T23:30Z,F,blk,,,1.024,1.039,12,1.531,0.0,,0,47
Shatori Walker-Kimbrough,3058893,ATL,NY,2026-10-07T23:30Z,G,pts,1.08,1.01,0.939,0.898,11,45.278,0.0,3.1,16,43
Shatori Walker-Kimbrough,3058893,ATL,NY,2026-10-07T23:30Z,G,reb,0.38,0.37,0.968,0.947,7,12.121,0.0,1.8,16,43
Shatori Walker-Kimbrough,3058893,ATL,NY,2026-10-07T23:30Z,G,ast,0.54,0.49,0.911,0.852,11,13.082,0.0,1.7,16,43
Shatori Walker-Kimbrough,3058893,ATL,NY,2026-10-07T23:30Z,G,tpm,0.08,0.07,0.882,0.804,10,5.789,0.0,0.3,16,43
Shatori Walker-Kimbrough,3058893,ATL,NY,2026-10-07T23:30Z,G,pra,1.99,1.87,0.938,0.897,12,70.481,0.0,5.4,16,43
Shatori Walker-Kimbrough,3058893,ATL,NY,2026-10-07T23:30Z,G,pr,1.46,1.38,0.945,0.908,12,57.399,0.0,4.0,16,43
Shatori Walker-Kimbrough,3058893,ATL,NY,2026-10-07T23:30Z,G,pa,1.61,1.5,0.932,0.887,11,58.36,0.0,4.7,16,43
Shatori Walker-Kimbrough,3058893,ATL,NY,2026-10-07T23:30Z,G,ra,0.92,0.86,0.937,0.895,12,25.202,0.0,2.8,16,43
Shatori Walker-Kimbrough,3058893,ATL,NY,2026-10-07T23:30Z,G,stl,0.12,0.11,0.952,0.92,13,3.747,0.0,0.7,16,43
Shatori Walker-Kimbrough,3058893,ATL,NY,2026-10-07T23:30Z,G,blk,0.0,0.0,1.096,1.161,12,1.07,0.0,0.3,16,43
Brionna Jones,3058895,ATL,NY,2026-10-07T23:30Z,F,pts,9.5,8.73,0.918,0.864,12,28.569,2.9,14.6,9,48
Brionna Jones,3058895,ATL,NY,2026-10-07T23:30Z,F,reb,5.98,5.42,0.906,0.843,16,14.864,1.6,9.2,9,48
Brionna Jones,3058895,ATL,NY,2026-10-07T23:30Z,F,ast,2.12,1.88,0.883,0.805,10,5.715,0.1,3.6,9,48
Brionna Jones,3058895,ATL,NY,2026-10-07T23:30Z,F,tpm,0.19,0.16,0.854,0.757,13,2.355,0.0,0.5,9,48
Brionna Jones,3058895,ATL,NY,2026-10-07T23:30Z,F,pra,17.61,16.03,0.91,0.85,14,49.147,7.9,24.2,9,48
Brionna Jones,3058895,ATL,NY,2026-10-07T23:30Z,F,pr,15.49,14.15,0.914,0.857,14,43.433,6.2,22.2,9,48
Brionna Jones,3058895,ATL,NY,2026-10-07T23:30Z,F,pa,11.63,10.6,0.912,0.853,13,34.284,4.5,16.7,9,48
Brionna Jones,3058895,ATL,NY,2026-10-07T23:30Z,F,ra,8.11,7.29,0.899,0.832,13,20.579,3.2,11.4,9,48
Brionna Jones,3058895,ATL,NY,2026-10-07T23:30Z,F,stl,0.56,0.58,1.032,1.054,7,2.742,0.0,1.7,9,48
Brionna Jones,3058895,ATL,NY,2026-10-07T23:30Z,F,blk,0.71,0.72,1.024,1.039,12,1.531,0.0,2.1,9,48
Allisha Gray,3058901,ATL,NY,2026-10-07T23:30Z,G,pts,18.23,17.12,0.939,0.898,11,45.278,8.8,25.4,48,46
Allisha Gray,3058901,ATL,NY,2026-10-07T23:30Z,G,reb,3.38,3.27,0.968,0.947,7,12.121,0.1,6.5,48,46
Allisha Gray,3058901,ATL,NY,2026-10-07T23:30Z,G,ast,2.58,2.35,0.911,0.852,11,13.082,0.5,4.2,48,46
Allisha Gray,3058901,ATL,NY,2026-10-07T23:30Z,G,tpm,1.97,1.74,0.882,0.804,10,5.789,0.0,3.8,48,46
Allisha Gray,3058901,ATL,NY,2026-10-07T23:30Z,G,pra,24.19,22.7,0.938,0.897,12,70.481,11.9,33.5,48,46
Allisha Gray,3058901,ATL,NY,2026-10-07T23:30Z,G,pr,21.61,20.42,0.945,0.908,12,57.399,10.3,30.5,48,46
Allisha Gray,3058901,ATL,NY,2026-10-07T23:30Z,G,pa,20.82,19.41,0.932,0.887,11,58.36,10.5,28.4,48,46
Allisha Gray,3058901,ATL,NY,2026-10-07T23:30Z,G,ra,5.96,5.59,0.937,0.895,12,25.202,1.5,9.7,48,46
Allisha Gray,3058901,ATL,NY,2026-10-07T23:30Z,G,stl,1.52,1.45,0.952,0.92,13,3.747,0.0,3.0,48,46
Allisha Gray,3058901,ATL,NY,2026-10-07T23:30Z,G,blk,0.34,0.37,1.096,1.161,12,1.07,0.0,1.1,48,46
Stephanie Talbot,3099736,LV,GS,2026-10-08T01:30Z,F,pts,5.19,4.5,0.868,0.78,19,25.798,0.0,9.5,47,39
Stephanie Talbot,3099736,LV,GS,2026-10-08T01:30Z,F,reb,2.82,2.59,0.92,0.866,13,15.264,0.3,4.9,47,39
Stephanie Talbot,3099736,LV,GS,2026-10-08T01:30Z,F,ast,1.2,0.99,0.832,0.719,17,5.106,0.0,2.7,47,39
Stephanie Talbot,3099736,LV,GS,2026-10-08T01:30Z,F,tpm,0.61,0.49,0.804,0.673,18,2.092,0.0,1.4,47,39
Stephanie Talbot,3099736,LV,GS,2026-10-08T01:30Z,F,pra,9.21,8.09,0.879,0.799,19,46.167,1.2,15.0,47,39
Stephanie Talbot,3099736,LV,GS,2026-10-08T01:30Z,F,pr,8.01,7.1,0.886,0.81,19,41.062,0.9,13.3,47,39
Stephanie Talbot,3099736,LV,GS,2026-10-08T01:30Z,F,pa,6.38,5.5,0.861,0.769,19,30.904,0.0,11.0,47,39
Stephanie Talbot,3099736,LV,GS,2026-10-08T01:30Z,F,ra,4.02,3.59,0.894,0.824,14,20.369,0.3,6.9,47,39
Stephanie Talbot,3099736,LV,GS,2026-10-08T01:30Z,F,stl,0.79,0.68,0.86,0.766,18,1.993,0.0,1.9,47,39
Stephanie Talbot,3099736,LV,GS,2026-10-08T01:30Z,F,blk,0.43,0.46,1.07,1.116,10,1.644,0.0,1.2,47,39
Rebecca Allen,3102133,NY,ATL,2026-10-07T23:30Z,G,pts,4.99,4.46,0.895,0.825,18,41.603,0.0,11.1,32,44
Rebecca Allen,3102133,NY,ATL,2026-10-07T23:30Z,G,reb,2.42,2.19,0.906,0.843,17,10.787,0.0,4.9,32,44
Rebecca Allen,3102133,NY,ATL,2026-10-07T23:30Z,G,ast,0.47,0.4,0.853,0.755,19,11.588,0.0,1.3,32,44
Rebecca Allen,3102133,NY,ATL,2026-10-07T23:30Z,G,tpm,1.25,0.98,0.786,0.644,19,4.638,0.0,2.6,32,44
Rebecca Allen,3102133,NY,ATL,2026-10-07T23:30Z,G,pra,7.88,7.0,0.889,0.814,19,63.979,0.0,15.2,32,44
Rebecca Allen,3102133,NY,ATL,2026-10-07T23:30Z,G,pr,7.41,6.65,0.897,0.829,18,52.39,0.0,14.5,32,44
Rebecca Allen,3102133,NY,ATL,2026-10-07T23:30Z,G,pa,5.46,4.83,0.885,0.809,18,53.192,0.0,11.7,32,44
Rebecca Allen,3102133,NY,ATL,2026-10-07T23:30Z,G,ra,2.89,2.53,0.877,0.795,19,22.376,0.0,5.8,32,44
Rebecca Allen,3102133,NY,ATL,2026-10-07T23:30Z,G,stl,0.4,0.35,0.887,0.811,17,3.305,0.0,1.4,32,44
Rebecca Allen,3102133,NY,ATL,2026-10-07T23:30Z,G,blk,0.42,0.48,1.134,1.223,10,1.128,0.0,1.3,32,44
Brianna Turner,3142086,LV,GS,2026-10-08T01:30Z,F,pts,1.21,1.05,0.868,0.78,19,25.798,0.0,3.7,46,36
Brianna Turner,3142086,LV,GS,2026-10-08T01:30Z,F,reb,2.49,2.29,0.92,0.866,13,15.264,0.5,4.1,46,36
Brianna Turner,3142086,LV,GS,2026-10-08T01:30Z,F,ast,0.26,0.22,0.832,0.719,17,5.106,0.0,0.9,46,36
Brianna Turner,3142086,LV,GS,2026-10-08T01:30Z,F,tpm,0.0,0.0,0.804,0.673,18,2.092,0.0,0.2,46,36
Brianna Turner,3142086,LV,GS,2026-10-08T01:30Z,F,pra,3.96,3.49,0.879,0.799,19,46.167,0.0,7.7,46,36
Brianna Turner,3142086,LV,GS,2026-10-08T01:30Z,F,pr,3.7,3.28,0.886,0.81,19,41.062,0.0,7.0,46,36
Brianna Turner,3142086,LV,GS,2026-10-08T01:30Z,F,pa,1.47,1.27,0.861,0.769,19,30.904,0.0,4.3,46,36
Brianna Turner,3142086,LV,GS,2026-10-08T01:30Z,F,ra,2.75,2.46,0.894,0.824,14,20.369,0.2,4.8,46,36
Brianna Turner,3142086,LV,GS,2026-10-08T01:30Z,F,stl,0.23,0.19,0.86,0.766,18,1.993,0.0,0.7,46,36
Brianna Turner,3142086,LV,GS,2026-10-08T01:30Z,F,blk,0.61,0.65,1.07,1.116,10,1.644,0.0,1.5,46,36
Jordin Canada,3142250,ATL,NY,2026-10-07T23:30Z,G,pts,12.61,11.84,0.939,0.898,11,45.278,5.3,18.4,46,31
Jordin Canada,3142250,ATL,NY,2026-10-07T23:30Z,G,reb,3.23,3.13,0.968,0.947,7,12.121,0.4,5.9,46,31
Jordin Canada,3142250,ATL,NY,2026-10-07T23:30Z,G,ast,7.23,6.59,0.911,0.852,11,13.082,2.9,10.2,46,31
Jordin Canada,3142250,ATL,NY,2026-10-07T23:30Z,G,tpm,1.2,1.06,0.882,0.804,10,5.789,0.0,2.7,46,31
Jordin Canada,3142250,ATL,NY,2026-10-07T23:30Z,G,pra,23.07,21.65,0.938,0.897,12,70.481,12.8,30.5,46,31
Jordin Canada,3142250,ATL,NY,2026-10-07T23:30Z,G,pr,15.84,14.97,0.945,0.908,12,57.399,7.6,22.3,46,31
Jordin Canada,3142250,ATL,NY,2026-10-07T23:30Z,G,pa,19.84,18.5,0.932,0.887,11,58.36,10.6,26.4,46,31
Jordin Canada,3142250,ATL,NY,2026-10-07T23:30Z,G,ra,10.46,9.8,0.937,0.895,12,25.202,4.7,14.9,46,31
Jordin Canada,3142250,ATL,NY,2026-10-07T23:30Z,G,stl,1.96,1.87,0.952,0.92,13,3.747,0.3,3.4,46,31
Jordin Canada,3142250,ATL,NY,2026-10-07T23:30Z,G,blk,0.31,0.34,1.096,1.161,12,1.07,0.0,1.1,46,31
Gabby Williams,3142328,GS,LV,2026-10-08T01:30Z,F,pts,16.07,14.66,0.912,0.853,13,28.231,5.3,24.0,44,48
Gabby Williams,3142328,GS,LV,2026-10-08T01:30Z,F,reb,3.86,3.71,0.962,0.936,5,16.496,0.6,6.8,44,48
Gabby Williams,3142328,GS,LV,2026-10-08T01:30Z,F,ast,2.79,2.37,0.849,0.749,15,5.313,0.1,4.7,44,48
Gabby Williams,3142328,GS,LV,2026-10-08T01:30Z,F,tpm,2.17,1.85,0.856,0.761,12,2.366,0.0,3.8,44,48
Gabby Williams,3142328,GS,LV,2026-10-08T01:30Z,F,pra,22.73,20.89,0.919,0.866,13,50.04,7.9,33.9,44,48
Gabby Williams,3142328,GS,LV,2026-10-08T01:30Z,F,pr,19.93,18.52,0.929,0.882,11,44.726,7.3,29.7,44,48
Gabby Williams,3142328,GS,LV,2026-10-08T01:30Z,F,pa,18.87,17.0,0.901,0.835,15,33.544,5.8,28.2,44,48
Gabby Williams,3142328,GS,LV,2026-10-08T01:30Z,F,ra,6.65,6.18,0.929,0.882,8,21.809,1.7,10.7,44,48
Gabby Williams,3142328,GS,LV,2026-10-08T01:30Z,F,stl,1.54,1.51,0.979,0.966,12,2.513,0.2,2.9,44,48
Gabby Williams,3142328,GS,LV,2026-10-08T01:30Z,F,blk,0.12,0.1,0.839,0.732,15,1.078,0.0,0.5,44,48
A'ja Wilson,3149391,LV,GS,2026-10-08T01:30Z,C,pts,27.0,25.08,0.929,0.881,14,13.971,16.1,34.1,46,53
A'ja Wilson,3149391,LV,GS,2026-10-08T01:30Z,C,reb,9.13,8.57,0.938,0.897,12,8.166,4.2,13.0,46,53
A'ja Wilson,3149391,LV,GS,2026-10-08T01:30Z,C,ast,2.96,2.44,0.823,0.705,17,1.961,0.3,4.6,46,53
A'ja Wilson,3149391,LV,GS,2026-10-08T01:30Z,C,tpm,0.87,0.75,0.857,0.762,13,0.706,0.0,1.7,46,53
A'ja Wilson,3149391,LV,GS,2026-10-08T01:30Z,C,pra,39.1,36.03,0.921,0.869,16,24.098,23.8,48.3,46,53
A'ja Wilson,3149391,LV,GS,2026-10-08T01:30Z,C,pr,36.14,33.69,0.932,0.887,15,22.138,22.1,45.3,46,53
A'ja Wilson,3149391,LV,GS,2026-10-08T01:30Z,C,pa,29.97,27.36,0.913,0.855,15,15.931,17.5,37.2,46,53
A'ja Wilson,3149391,LV,GS,2026-10-08T01:30Z,C,ra,12.1,11.03,0.911,0.852,17,10.127,6.2,15.9,46,53
A'ja Wilson,3149391,LV,GS,2026-10-08T01:30Z,C,stl,1.39,1.22,0.875,0.792,16,0.696,0.0,2.4,46,53
A'ja Wilson,3149391,LV,GS,2026-10-08T01:30Z,C,blk,1.71,1.74,1.021,1.035,9,1.255,0.1,3.4,46,53
Kalani Brown,3916514,LV,GS,2026-10-08T01:30Z,C,pts,4.36,4.05,0.929,0.881,14,13.971,0.0,8.9,6,32
Kalani Brown,3916514,LV,GS,2026-10-08T01:30Z,C,reb,2.31,2.16,0.938,0.897,12,8.166,0.0,6.0,6,32
Kalani Brown,3916514,LV,GS,2026-10-08T01:30Z,C,ast,0.27,0.23,0.823,0.705,17,1.961,0.0,1.0,6,32
Kalani Brown,3916514,LV,GS,2026-10-08T01:30Z,C,tpm,0.07,0.06,0.857,0.762,13,0.706,0.0,0.3,6,32
Kalani Brown,3916514,LV,GS,2026-10-08T01:30Z,C,pra,6.94,6.39,0.921,0.869,16,24.098,0.0,14.5,6,32
Kalani Brown,3916514,LV,GS,2026-10-08T01:30Z,C,pr,6.66,6.21,0.932,0.887,15,22.138,0.0,14.1,6,32
Kalani Brown,3916514,LV,GS,2026-10-08T01:30Z,C,pa,4.63,4.23,0.913,0.855,15,15.931,0.0,9.2,6,32
Kalani Brown,3916514,LV,GS,2026-10-08T01:30Z,C,ra,2.58,2.35,0.911,0.852,17,10.127,0.0,6.5,6,32
Kalani Brown,3916514,LV,GS,2026-10-08T01:30Z,C,stl,0.26,0.23,0.875,0.792,16,0.696,0.0,0.8,6,32
Kalani Brown,3916514,LV,GS,2026-10-08T01:30Z,C,blk,0.51,0.52,1.021,1.035,9,1.255,0.0,1.7,6,32
Megan Gustafson,3934218,LV,GS,2026-10-08T01:30Z,C,pts,,,0.929,0.881,14,13.971,0.0,,0,30
Megan Gustafson,3934218,LV,GS,2026-10-08T01:30Z,C,reb,,,0.938,0.897,12,8.166,0.0,,0,30
Megan Gustafson,3934218,LV,GS,2026-10-08T01:30Z,C,ast,,,0.823,0.705,17,1.961,0.0,,0,30
Megan Gustafson,3934218,LV,GS,2026-10-08T01:30Z,C,tpm,,,0.857,0.762,13,0.706,0.0,,0,30
Megan Gustafson,3934218,LV,GS,2026-10-08T01:30Z,C,pra,,,0.921,0.869,16,24.098,0.0,,0,30
Megan Gustafson,3934218,LV,GS,2026-10-08T01:30Z,C,pr,,,0.932,0.887,15,22.138,0.0,,0,30
Megan Gustafson,3934218,LV,GS,2026-10-08T01:30Z,C,pa,,,0.913,0.855,15,15.931,0.0,,0,30
Megan Gustafson,3934218,LV,GS,2026-10-08T01:30Z,C,ra,,,0.911,0.852,17,10.127,0.0,,0,30
Megan Gustafson,3934218,LV,GS,2026-10-08T01:30Z,C,stl,,,0.875,0.792,16,0.696,0.0,,0,30
Megan Gustafson,3934218,LV,GS,2026-10-08T01:30Z,C,blk,,,1.021,1.035,9,1.255,0.0,,0,30
Marine Johannes,4038379,NY,ATL,2026-10-07T23:30Z,G,pts,6.61,5.91,0.895,0.825,18,41.603,0.0,14.1,45,45
Marine Johannes,4038379,NY,ATL,2026-10-07T23:30Z,G,reb,1.59,1.44,0.906,0.843,17,10.787,0.0,3.0,45,45
Marine Johannes,4038379,NY,ATL,2026-10-07T23:30Z,G,ast,2.15,1.84,0.853,0.755,19,11.588,0.1,3.6,45,45
Marine Johannes,4038379,NY,ATL,2026-10-07T23:30Z,G,tpm,1.67,1.31,0.786,0.644,19,4.638,0.0,3.7,45,45
Marine Johannes,4038379,NY,ATL,2026-10-07T23:30Z,G,pra,10.35,9.2,0.889,0.814,19,63.979,0.1,18.3,45,45
Marine Johannes,4038379,NY,ATL,2026-10-07T23:30Z,G,pr,8.2,7.36,0.897,0.829,18,52.39,0.0,15.9,45,45
Marine Johannes,4038379,NY,ATL,2026-10-07T23:30Z,G,pa,8.76,7.75,0.885,0.809,18,53.192,0.0,16.4,45,45
Marine Johannes,4038379,NY,ATL,2026-10-07T23:30Z,G,ra,3.75,3.28,0.877,0.795,19,22.376,0.5,6.1,45,45
Marine Johannes,4038379,NY,ATL,2026-10-07T23:30Z,G,stl,0.51,0.45,0.887,0.811,17,3.305,0.0,1.3,45,45
Marine Johannes,4038379,NY,ATL,2026-10-07T23:30Z,G,blk,0.07,0.08,1.134,1.223,10,1.128,0.0,0.3,45,45
Kaila Charles,4065780,GS,LV,2026-10-08T01:30Z,G,pts,6.89,6.4,0.929,0.882,14,44.46,0.7,12.1,48,37
Kaila Charles,4065780,GS,LV,2026-10-08T01:30Z,G,reb,5.04,4.73,0.939,0.898,14,11.491,1.1,8.3,48,37
Kaila Charles,4065780,GS,LV,2026-10-08T01:30Z,G,ast,1.36,1.18,0.868,0.781,18,11.981,0.0,2.8,48,37
Kaila Charles,4065780,GS,LV,2026-10-08T01:30Z,G,tpm,0.63,0.53,0.844,0.739,15,5.326,0.0,1.4,48,37
Kaila Charles,4065780,GS,LV,2026-10-08T01:30Z,G,pra,13.28,12.2,0.919,0.865,15,67.933,3.0,21.4,48,37
Kaila Charles,4065780,GS,LV,2026-10-08T01:30Z,G,pr,11.92,11.1,0.931,0.885,14,55.952,2.6,19.6,48,37
Kaila Charles,4065780,GS,LV,2026-10-08T01:30Z,G,pa,8.24,7.54,0.915,0.858,16,56.441,1.1,13.9,48,37
Kaila Charles,4065780,GS,LV,2026-10-08T01:30Z,G,ra,6.39,5.76,0.9,0.834,17,23.472,1.2,10.3,48,37
Kaila Charles,4065780,GS,LV,2026-10-08T01:30Z,G,stl,0.83,0.79,0.946,0.91,14,3.708,0.0,2.2,48,37
Kaila Charles,4065780,GS,LV,2026-10-08T01:30Z,G,blk,0.3,0.3,0.987,0.978,15,0.902,0.0,0.8,48,37
Jackie Young,4065870,LV,GS,2026-10-08T01:30Z,G,pts,19.39,17.07,0.88,0.8,19,40.355,7.0,27.2,49,57
Jackie Young,4065870,LV,GS,2026-10-08T01:30Z,G,reb,4.21,3.99,0.95,0.916,12,11.717,0.3,7.7,49,57
Jackie Young,4065870,LV,GS,2026-10-08T01:30Z,G,ast,7.0,6.09,0.87,0.783,17,12.025,2.4,9.8,49,57
Jackie Young,4065870,LV,GS,2026-10-08T01:30Z,G,tpm,2.45,2.14,0.874,0.789,11,5.687,0.5,3.8,49,57
Jackie Young,4065870,LV,GS,2026-10-08T01:30Z,G,pra,30.6,27.22,0.89,0.816,18,64.097,15.8,38.7,49,57
Jackie Young,4065870,LV,GS,2026-10-08T01:30Z,G,pr,23.6,21.11,0.894,0.824,19,52.072,10.2,32.0,49,57
Jackie Young,4065870,LV,GS,2026-10-08T01:30Z,G,pa,26.4,23.17,0.878,0.796,19,52.38,12.7,33.7,49,57
Jackie Young,4065870,LV,GS,2026-10-08T01:30Z,G,ra,11.21,10.16,0.906,0.844,16,23.742,4.4,15.9,49,57
Jackie Young,4065870,LV,GS,2026-10-08T01:30Z,G,stl,1.03,0.99,0.965,0.942,12,3.838,0.0,2.3,49,57
Jackie Young,4065870,LV,GS,2026-10-08T01:30Z,G,blk,0.15,0.17,1.176,1.293,7,1.192,0.0,0.5,49,57
Sabrina Ionescu,4066533,NY,ATL,2026-10-07T23:30Z,G,pts,14.29,12.79,0.895,0.825,18,41.603,3.1,22.5,35,42
Sabrina Ionescu,4066533,NY,ATL,2026-10-07T23:30Z,G,reb,3.41,3.09,0.906,0.843,17,10.787,0.5,5.6,35,42
Sabrina Ionescu,4066533,NY,ATL,2026-10-07T23:30Z,G,ast,4.6,3.93,0.853,0.755,19,11.588,0.6,7.3,35,42
Sabrina Ionescu,4066533,NY,ATL,2026-10-07T23:30Z,G,tpm,2.04,1.6,0.786,0.644,19,4.638,0.0,3.4,35,42
Sabrina Ionescu,4066533,NY,ATL,2026-10-07T23:30Z,G,pra,22.31,19.83,0.889,0.814,19,63.979,7.4,32.2,35,42
Sabrina Ionescu,4066533,NY,ATL,2026-10-07T23:30Z,G,pr,17.71,15.89,0.897,0.829,18,52.39,4.9,26.9,35,42
Sabrina Ionescu,4066533,NY,ATL,2026-10-07T23:30Z,G,pa,18.9,16.73,0.885,0.809,18,53.192,5.8,27.6,35,42
Sabrina Ionescu,4066533,NY,ATL,2026-10-07T23:30Z,G,ra,8.02,7.03,0.877,0.795,19,22.376,2.1,12.0,35,42
Sabrina Ionescu,4066533,NY,ATL,2026-10-07T23:30Z,G,stl,0.87,0.77,0.887,0.811,17,3.305,0.0,2.2,35,42
Sabrina Ionescu,4066533,NY,ATL,2026-10-07T23:30Z,G,blk,0.33,0.37,1.134,1.223,10,1.128,0.0,1.0,35,42
Nadia Fingall,4066546,GS,LV,2026-10-08T01:30Z,C,pts,,,0.972,0.953,10,15.107,0.0,,10,0
Nadia Fingall,4066546,GS,LV,2026-10-08T01:30Z,C,reb,,,0.939,0.898,11,8.173,0.0,,10,0
Nadia Fingall,4066546,GS,LV,2026-10-08T01:30Z,C,ast,,,0.919,0.865,10,2.406,0.0,,10,0
Nadia Fingall,4066546,GS,LV,2026-10-08T01:30Z,C,tpm,,,0.878,0.797,11,0.739,0.0,,10,0
Nadia Fingall,4066546,GS,LV,2026-10-08T01:30Z,C,pra,,,0.956,0.926,11,25.687,0.0,,10,0
Nadia Fingall,4066546,GS,LV,2026-10-08T01:30Z,C,pr,,,0.96,0.933,11,23.281,0.0,,10,0
Nadia Fingall,4066546,GS,LV,2026-10-08T01:30Z,C,pa,,,0.964,0.94,11,17.513,0.0,,10,0
Nadia Fingall,4066546,GS,LV,2026-10-08T01:30Z,C,ra,,,0.934,0.89,12,10.579,0.0,,10,0
Nadia Fingall,4066546,GS,LV,2026-10-08T01:30Z,C,stl,,,1.09,1.15,8,1.011,0.0,,10,0
Nadia Fingall,4066546,GS,LV,2026-10-08T01:30Z,C,blk,,,0.792,0.653,16,0.791,0.0,,10,0
Cecilia Zandalasini,4257500,GS,LV,2026-10-08T01:30Z,F,pts,9.12,8.32,0.912,0.853,13,28.231,1.6,15.1,41,21
Cecilia Zandalasini,4257500,GS,LV,2026-10-08T01:30Z,F,reb,2.01,1.93,0.962,0.936,5,16.496,0.0,4.2,41,21
Cecilia Zandalasini,4257500,GS,LV,2026-10-08T01:30Z,F,ast,1.55,1.32,0.849,0.749,15,5.313,0.0,2.9,41,21
Cecilia Zandalasini,4257500,GS,LV,2026-10-08T01:30Z,F,tpm,1.31,1.12,0.856,0.761,12,2.366,0.0,2.8,41,21
Cecilia Zandalasini,4257500,GS,LV,2026-10-08T01:30Z,F,pra,12.69,11.66,0.919,0.866,13,50.04,4.0,19.3,41,21
Cecilia Zandalasini,4257500,GS,LV,2026-10-08T01:30Z,F,pr,11.14,10.35,0.929,0.882,11,44.726,2.8,17.9,41,21
Cecilia Zandalasini,4257500,GS,LV,2026-10-08T01:30Z,F,pa,10.67,9.62,0.901,0.835,15,33.544,2.8,16.4,41,21
Cecilia Zandalasini,4257500,GS,LV,2026-10-08T01:30Z,F,ra,3.56,3.31,0.929,0.882,8,21.809,0.5,6.2,41,21
Cecilia Zandalasini,4257500,GS,LV,2026-10-08T01:30Z,F,stl,0.78,0.77,0.979,0.966,12,2.513,0.0,2.1,41,21
Cecilia Zandalasini,4257500,GS,LV,2026-10-08T01:30Z,F,blk,0.18,0.15,0.839,0.732,15,1.078,0.0,0.8,41,21
Chennedy Carter,4280892,LV,GS,2026-10-08T01:30Z,G,pts,,,0.88,0.8,19,40.355,0.0,,14,0
Chennedy Carter,4280892,LV,GS,2026-10-08T01:30Z,G,reb,,,0.95,0.916,12,11.717,0.0,,14,0
Chennedy Carter,4280892,LV,GS,2026-10-08T01:30Z,G,ast,,,0.87,0.783,17,12.025,0.0,,14,0
Chennedy Carter,4280892,LV,GS,2026-10-08T01:30Z,G,tpm,,,0.874,0.789,11,5.687,0.0,,14,0
Chennedy Carter,4280892,LV,GS,2026-10-08T01:30Z,G,pra,,,0.89,0.816,18,64.097,0.0,,14,0
Chennedy Carter,4280892,LV,GS,2026-10-08T01:30Z,G,pr,,,0.894,0.824,19,52.072,0.0,,14,0
Chennedy Carter,4280892,LV,GS,2026-10-08T01:30Z,G,pa,,,0.878,0.796,19,52.38,0.0,,14,0
Chennedy Carter,4280892,LV,GS,2026-10-08T01:30Z,G,ra,,,0.906,0.844,16,23.742,0.0,,14,0
Chennedy Carter,4280892,LV,GS,2026-10-08T01:30Z,G,stl,,,0.965,0.942,12,3.838,0.0,,14,0
Chennedy Carter,4280892,LV,GS,2026-10-08T01:30Z,G,blk,,,1.176,1.293,7,1.192,0.0,,14,0
Dana Evans,4281190,LV,GS,2026-10-08T01:30Z,G,pts,3.74,3.29,0.88,0.8,19,40.355,0.0,9.7,14,56
Dana Evans,4281190,LV,GS,2026-10-08T01:30Z,G,reb,1.29,1.22,0.95,0.916,12,11.717,0.0,2.7,14,56
Dana Evans,4281190,LV,GS,2026-10-08T01:30Z,G,ast,2.09,1.82,0.87,0.783,17,12.025,0.4,3.3,14,56
Dana Evans,4281190,LV,GS,2026-10-08T01:30Z,G,tpm,0.84,0.73,0.874,0.789,11,5.687,0.0,2.4,14,56
Dana Evans,4281190,LV,GS,2026-10-08T01:30Z,G,pra,7.12,6.33,0.89,0.816,18,64.097,0.0,14.2,14,56
Dana Evans,4281190,LV,GS,2026-10-08T01:30Z,G,pr,5.03,4.5,0.894,0.824,19,52.072,0.0,11.7,14,56
Dana Evans,4281190,LV,GS,2026-10-08T01:30Z,G,pa,5.83,5.12,0.878,0.796,19,52.38,0.0,12.3,14,56
Dana Evans,4281190,LV,GS,2026-10-08T01:30Z,G,ra,3.38,3.06,0.906,0.844,16,23.742,0.9,5.3,14,56
Dana Evans,4281190,LV,GS,2026-10-08T01:30Z,G,stl,0.22,0.21,0.965,0.942,12,3.838,0.0,1.3,14,56
Dana Evans,4281190,LV,GS,2026-10-08T01:30Z,G,blk,0.13,0.15,1.176,1.293,7,1.192,0.0,0.5,14,56
Satou Sabally,4281929,NY,ATL,2026-10-07T23:30Z,F,pts,11.09,10.0,0.902,0.836,17,27.667,0.8,19.3,13,49
Satou Sabally,4281929,NY,ATL,2026-10-07T23:30Z,F,reb,3.14,2.77,0.882,0.803,19,14.151,0.0,6.3,13,49
Satou Sabally,4281929,NY,ATL,2026-10-07T23:30Z,F,ast,2.04,1.69,0.831,0.718,18,5.095,0.0,4.0,13,49
Satou Sabally,4281929,NY,ATL,2026-10-07T23:30Z,F,tpm,1.59,1.28,0.808,0.681,17,2.117,0.0,3.2,13,49
Satou Sabally,4281929,NY,ATL,2026-10-07T23:30Z,F,pra,16.27,14.43,0.887,0.812,17,46.913,2.6,26.2,13,49
Satou Sabally,4281929,NY,ATL,2026-10-07T23:30Z,F,pr,14.23,12.74,0.895,0.825,18,41.818,1.4,24.1,13,49
Satou Sabally,4281929,NY,ATL,2026-10-07T23:30Z,F,pa,13.13,11.67,0.889,0.815,17,32.762,2.1,21.3,13,49
Satou Sabally,4281929,NY,ATL,2026-10-07T23:30Z,F,ra,5.18,4.49,0.867,0.778,19,19.245,0.0,9.1,13,49
Satou Sabally,4281929,NY,ATL,2026-10-07T23:30Z,F,stl,0.18,0.18,0.951,0.918,14,2.389,0.0,1.6,13,49
Satou Sabally,4281929,NY,ATL,2026-10-07T23:30Z,F,blk,0.15,0.18,1.183,1.305,5,1.922,0.0,0.6,13,49
Anneli Maley,4281930,NY,ATL,2026-10-07T23:30Z,F,pts,,,0.902,0.836,17,27.667,0.0,,12,0
Anneli Maley,4281930,NY,ATL,2026-10-07T23:30Z,F,reb,,,0.882,0.803,19,14.151,0.0,,12,0
Anneli Maley,4281930,NY,ATL,2026-10-07T23:30Z,F,ast,,,0.831,0.718,18,5.095,0.0,,12,0
Anneli Maley,4281930,NY,ATL,2026-10-07T23:30Z,F,tpm,,,0.808,0.681,17,2.117,0.0,,12,0
Anneli Maley,4281930,NY,ATL,2026-10-07T23:30Z,F,pra,,,0.887,0.812,17,46.913,0.0,,12,0
Anneli Maley,4281930,NY,ATL,2026-10-07T23:30Z,F,pr,,,0.895,0.825,18,41.818,0.0,,12,0
Anneli Maley,4281930,NY,ATL,2026-10-07T23:30Z,F,pa,,,0.889,0.815,17,32.762,0.0,,12,0
Anneli Maley,4281930,NY,ATL,2026-10-07T23:30Z,F,ra,,,0.867,0.778,19,19.245,0.0,,12,0
Anneli Maley,4281930,NY,ATL,2026-10-07T23:30Z,F,stl,,,0.951,0.918,14,2.389,0.0,,12,0
Anneli Maley,4281930,NY,ATL,2026-10-07T23:30Z,F,blk,,,1.183,1.305,5,1.922,0.0,,12,0
Han Xu,4337216,NY,ATL,2026-10-07T23:30Z,C,pts,,,0.988,0.98,7,15.529,0.0,,47,0
Han Xu,4337216,NY,ATL,2026-10-07T23:30Z,C,reb,,,0.953,0.922,8,8.394,0.0,,47,0
Han Xu,4337216,NY,ATL,2026-10-07T23:30Z,C,ast,,,0.984,0.974,5,2.707,0.0,,47,0
Han Xu,4337216,NY,ATL,2026-10-07T23:30Z,C,tpm,,,1.045,1.076,4,0.997,0.0,,47,0
Han Xu,4337216,NY,ATL,2026-10-07T23:30Z,C,pra,,,0.976,0.96,8,26.629,0.0,,47,0
Han Xu,4337216,NY,ATL,2026-10-07T23:30Z,C,pr,,,0.975,0.959,10,23.922,0.0,,47,0
Han Xu,4337216,NY,ATL,2026-10-07T23:30Z,C,pa,,,0.987,0.979,5,18.235,0.0,,47,0
Han Xu,4337216,NY,ATL,2026-10-07T23:30Z,C,ra,,,0.961,0.934,7,11.1,0.0,,47,0
Han Xu,4337216,NY,ATL,2026-10-07T23:30Z,C,stl,,,0.971,0.952,14,0.837,0.0,,47,0
Han Xu,4337216,NY,ATL,2026-10-07T23:30Z,C,blk,,,1.378,1.63,1,1.976,0.0,,47,0
Miela Sowah,4398577,GS,LV,2026-10-08T01:30Z,G,pts,,,0.929,0.882,14,44.46,0.0,,7,0
Miela Sowah,4398577,GS,LV,2026-10-08T01:30Z,G,reb,,,0.939,0.898,14,11.491,0.0,,7,0
Miela Sowah,4398577,GS,LV,2026-10-08T01:30Z,G,ast,,,0.868,0.781,18,11.981,0.0,,7,0
Miela Sowah,4398577,GS,LV,2026-10-08T01:30Z,G,tpm,,,0.844,0.739,15,5.326,0.0,,7,0
Miela Sowah,4398577,GS,LV,2026-10-08T01:30Z,G,pra,,,0.919,0.865,15,67.933,0.0,,7,0
Miela Sowah,4398577,GS,LV,2026-10-08T01:30Z,G,pr,,,0.931,0.885,14,55.952,0.0,,7,0
Miela Sowah,4398577,GS,LV,2026-10-08T01:30Z,G,pa,,,0.915,0.858,16,56.441,0.0,,7,0
Miela Sowah,4398577,GS,LV,2026-10-08T01:30Z,G,ra,,,0.9,0.834,17,23.472,0.0,,7,0
Miela Sowah,4398577,GS,LV,2026-10-08T01:30Z,G,stl,,,0.946,0.91,14,3.708,0.0,,7,0
Miela Sowah,4398577,GS,LV,2026-10-08T01:30Z,G,blk,,,0.987,0.978,15,0.902,0.0,,7,0
Rhyne Howard,4398674,ATL,NY,2026-10-07T23:30Z,G,pts,17.23,16.17,0.939,0.898,11,45.278,8.2,24.2,47,36
Rhyne Howard,4398674,ATL,NY,2026-10-07T23:30Z,G,reb,3.95,3.82,0.968,0.947,7,12.121,1.2,6.4,47,36
Rhyne Howard,4398674,ATL,NY,2026-10-07T23:30Z,G,ast,3.75,3.42,0.911,0.852,11,13.082,0.8,6.1,47,36
Rhyne Howard,4398674,ATL,NY,2026-10-07T23:30Z,G,tpm,2.69,2.37,0.882,0.804,10,5.789,0.2,4.5,47,36
Rhyne Howard,4398674,ATL,NY,2026-10-07T23:30Z,G,pra,24.92,23.38,0.938,0.897,12,70.481,15.0,31.8,47,36
Rhyne Howard,4398674,ATL,NY,2026-10-07T23:30Z,G,pr,21.17,20.0,0.945,0.908,12,57.399,11.7,28.3,47,36
Rhyne Howard,4398674,ATL,NY,2026-10-07T23:30Z,G,pa,20.98,19.56,0.932,0.887,11,58.36,11.8,27.4,47,36
Rhyne Howard,4398674,ATL,NY,2026-10-07T23:30Z,G,ra,7.7,7.21,0.937,0.895,12,25.202,2.9,11.5,47,36
Rhyne Howard,4398674,ATL,NY,2026-10-07T23:30Z,G,stl,2.26,2.15,0.952,0.92,13,3.747,0.5,3.8,47,36
Rhyne Howard,4398674,ATL,NY,2026-10-07T23:30Z,G,blk,0.85,0.93,1.096,1.161,12,1.07,0.0,2.2,47,36
NaLyssa Smith,4398776,LV,GS,2026-10-08T01:30Z,F,pts,11.47,9.95,0.868,0.78,19,25.798,2.4,17.5,39,57
NaLyssa Smith,4398776,LV,GS,2026-10-08T01:30Z,F,reb,6.93,6.37,0.92,0.866,13,15.264,2.3,10.5,39,57
NaLyssa Smith,4398776,LV,GS,2026-10-08T01:30Z,F,ast,0.97,0.81,0.832,0.719,17,5.106,0.0,2.3,39,57
NaLyssa Smith,4398776,LV,GS,2026-10-08T01:30Z,F,tpm,0.02,0.01,0.804,0.673,18,2.092,0.0,0.2,39,57
NaLyssa Smith,4398776,LV,GS,2026-10-08T01:30Z,F,pra,19.37,17.03,0.879,0.799,19,46.167,7.7,26.3,39,57
NaLyssa Smith,4398776,LV,GS,2026-10-08T01:30Z,F,pr,18.4,16.3,0.886,0.81,19,41.062,7.3,25.3,39,57
NaLyssa Smith,4398776,LV,GS,2026-10-08T01:30Z,F,pa,12.44,10.72,0.861,0.769,19,30.904,2.9,18.6,39,57
NaLyssa Smith,4398776,LV,GS,2026-10-08T01:30Z,F,ra,7.9,7.07,0.894,0.824,14,20.369,2.5,11.6,39,57
NaLyssa Smith,4398776,LV,GS,2026-10-08T01:30Z,F,stl,0.68,0.58,0.86,0.766,18,1.993,0.0,1.6,39,57
NaLyssa Smith,4398776,LV,GS,2026-10-08T01:30Z,F,blk,0.66,0.71,1.07,1.116,10,1.644,0.0,1.8,39,57
Naz Hillmon,4398915,ATL,NY,2026-10-07T23:30Z,F,pts,8.45,7.76,0.918,0.864,12,28.569,1.0,14.5,46,47
Naz Hillmon,4398915,ATL,NY,2026-10-07T23:30Z,F,reb,4.52,4.1,0.906,0.843,16,14.864,1.5,6.6,46,47
Naz Hillmon,4398915,ATL,NY,2026-10-07T23:30Z,F,ast,1.66,1.47,0.883,0.805,10,5.715,0.0,3.0,46,47
Naz Hillmon,4398915,ATL,NY,2026-10-07T23:30Z,F,tpm,1.25,1.07,0.854,0.757,13,2.355,0.0,2.4,46,47
Naz Hillmon,4398915,ATL,NY,2026-10-07T23:30Z,F,pra,14.64,13.32,0.91,0.85,14,49.147,6.1,20.6,46,47
Naz Hillmon,4398915,ATL,NY,2026-10-07T23:30Z,F,pr,12.97,11.86,0.914,0.857,14,43.433,4.6,19.1,46,47
Naz Hillmon,4398915,ATL,NY,2026-10-07T23:30Z,F,pa,10.11,9.22,0.912,0.853,13,34.284,2.6,15.9,46,47
Naz Hillmon,4398915,ATL,NY,2026-10-07T23:30Z,F,ra,6.18,5.56,0.899,0.832,13,20.579,2.4,8.7,46,47
Naz Hillmon,4398915,ATL,NY,2026-10-07T23:30Z,F,stl,0.67,0.69,1.032,1.054,7,2.742,0.0,1.7,46,47
Naz Hillmon,4398915,ATL,NY,2026-10-07T23:30Z,F,blk,0.26,0.27,1.024,1.039,12,1.531,0.0,1.4,46,47
Veronica Burton,4398935,GS,LV,2026-10-08T01:30Z,G,pts,11.42,10.61,0.929,0.882,14,44.46,5.0,16.2,48,46
Veronica Burton,4398935,GS,LV,2026-10-08T01:30Z,G,reb,3.9,3.66,0.939,0.898,14,11.491,0.9,6.4,48,46
Veronica Burton,4398935,GS,LV,2026-10-08T01:30Z,G,ast,5.6,4.86,0.868,0.781,18,11.981,1.5,8.2,48,46
Veronica Burton,4398935,GS,LV,2026-10-08T01:30Z,G,tpm,1.28,1.08,0.844,0.739,15,5.326,0.0,2.3,48,46
Veronica Burton,4398935,GS,LV,2026-10-08T01:30Z,G,pra,20.92,19.22,0.919,0.865,15,67.933,11.4,27.1,48,46
Veronica Burton,4398935,GS,LV,2026-10-08T01:30Z,G,pr,15.32,14.26,0.931,0.885,14,55.952,7.7,20.9,48,46
Veronica Burton,4398935,GS,LV,2026-10-08T01:30Z,G,pa,17.02,15.57,0.915,0.858,16,56.441,8.5,22.7,48,46
Veronica Burton,4398935,GS,LV,2026-10-08T01:30Z,G,ra,9.5,8.56,0.9,0.834,17,23.472,4.3,12.8,48,46
Veronica Burton,4398935,GS,LV,2026-10-08T01:30Z,G,stl,1.55,1.47,0.946,0.91,14,3.708,0.0,3.3,48,46
Veronica Burton,4398935,GS,LV,2026-10-08T01:30Z,G,blk,0.54,0.54,0.987,0.978,15,0.902,0.0,1.3,48,46
Laeticia Amihere,4432834,GS,LV,2026-10-08T01:30Z,F,pts,4.6,4.2,0.912,0.853,13,28.231,0.0,10.6,40,30
Laeticia Amihere,4432834,GS,LV,2026-10-08T01:30Z,F,reb,2.72,2.62,0.962,0.936,5,16.496,0.3,5.0,40,30
Laeticia Amihere,4432834,GS,LV,2026-10-08T01:30Z,F,ast,0.86,0.73,0.849,0.749,15,5.313,0.0,2.0,40,30
Laeticia Amihere,4432834,GS,LV,2026-10-08T01:30Z,F,tpm,0.22,0.19,0.856,0.761,12,2.366,0.0,0.8,40,30
Laeticia Amihere,4432834,GS,LV,2026-10-08T01:30Z,F,pra,8.19,7.53,0.919,0.866,13,50.04,0.0,15.7,40,30
Laeticia Amihere,4432834,GS,LV,2026-10-08T01:30Z,F,pr,7.33,6.81,0.929,0.882,11,44.726,0.0,14.4,40,30
Laeticia Amihere,4432834,GS,LV,2026-10-08T01:30Z,F,pa,5.47,4.93,0.901,0.835,15,33.544,0.0,11.9,40,30
Laeticia Amihere,4432834,GS,LV,2026-10-08T01:30Z,F,ra,3.58,3.33,0.929,0.882,8,21.809,0.2,6.5,40,30
Laeticia Amihere,4432834,GS,LV,2026-10-08T01:30Z,F,stl,0.5,0.49,0.979,0.966,12,2.513,0.0,1.4,40,30
Laeticia Amihere,4432834,GS,LV,2026-10-08T01:30Z,F,blk,0.73,0.61,0.839,0.732,15,1.078,0.0,1.9,40,30
Aubrey Griffin,4432844,NY,ATL,2026-10-07T23:30Z,F,pts,,,0.902,0.836,17,27.667,0.0,,4,0
Aubrey Griffin,4432844,NY,ATL,2026-10-07T23:30Z,F,reb,,,0.882,0.803,19,14.151,0.0,,4,0
Aubrey Griffin,4432844,NY,ATL,2026-10-07T23:30Z,F,ast,,,0.831,0.718,18,5.095,0.0,,4,0
Aubrey Griffin,4432844,NY,ATL,2026-10-07T23:30Z,F,tpm,,,0.808,0.681,17,2.117,0.0,,4,0
Aubrey Griffin,4432844,NY,ATL,2026-10-07T23:30Z,F,pra,,,0.887,0.812,17,46.913,0.0,,4,0
Aubrey Griffin,4432844,NY,ATL,2026-10-07T23:30Z,F,pr,,,0.895,0.825,18,41.818,0.0,,4,0
Aubrey Griffin,4432844,NY,ATL,2026-10-07T23:30Z,F,pa,,,0.889,0.815,17,32.762,0.0,,4,0
Aubrey Griffin,4432844,NY,ATL,2026-10-07T23:30Z,F,ra,,,0.867,0.778,19,19.245,0.0,,4,0
Aubrey Griffin,4432844,NY,ATL,2026-10-07T23:30Z,F,stl,,,0.951,0.918,14,2.389,0.0,,4,0
Aubrey Griffin,4432844,NY,ATL,2026-10-07T23:30Z,F,blk,,,1.183,1.305,5,1.922,0.0,,4,0
Elizabeth Kitley,4433309,LV,GS,2026-10-08T01:30Z,C,pts,,,0.929,0.881,14,13.971,0.0,,0,12
Elizabeth Kitley,4433309,LV,GS,2026-10-08T01:30Z,C,reb,,,0.938,0.897,12,8.166,0.0,,0,12
Elizabeth Kitley,4433309,LV,GS,2026-10-08T01:30Z,C,ast,,,0.823,0.705,17,1.961,0.0,,0,12
Elizabeth Kitley,4433309,LV,GS,2026-10-08T01:30Z,C,tpm,,,0.857,0.762,13,0.706,0.0,,0,12
Elizabeth Kitley,4433309,LV,GS,2026-10-08T01:30Z,C,pra,,,0.921,0.869,16,24.098,0.0,,0,12
Elizabeth Kitley,4433309,LV,GS,2026-10-08T01:30Z,C,pr,,,0.932,0.887,15,22.138,0.0,,0,12
Elizabeth Kitley,4433309,LV,GS,2026-10-08T01:30Z,C,pa,,,0.913,0.855,15,15.931,0.0,,0,12
Elizabeth Kitley,4433309,LV,GS,2026-10-08T01:30Z,C,ra,,,0.911,0.852,17,10.127,0.0,,0,12
Elizabeth Kitley,4433309,LV,GS,2026-10-08T01:30Z,C,stl,,,0.875,0.792,16,0.696,0.0,,0,12
Elizabeth Kitley,4433309,LV,GS,2026-10-08T01:30Z,C,blk,,,1.021,1.035,9,1.255,0.0,,0,12
Angel Reese,4433402,ATL,NY,2026-10-07T23:30Z,F,pts,16.11,14.79,0.918,0.864,12,28.569,5.5,24.1,47,31
Angel Reese,4433402,ATL,NY,2026-10-07T23:30Z,F,reb,11.66,10.56,0.906,0.843,16,14.864,5.0,16.1,47,31
Angel Reese,4433402,ATL,NY,2026-10-07T23:30Z,F,ast,2.76,2.44,0.883,0.805,10,5.715,0.3,4.6,47,31
Angel Reese,4433402,ATL,NY,2026-10-07T23:30Z,F,tpm,0.32,0.27,0.854,0.757,13,2.355,0.0,1.1,47,31
Angel Reese,4433402,ATL,NY,2026-10-07T23:30Z,F,pra,30.54,27.79,0.91,0.85,14,49.147,15.9,39.7,47,31
Angel Reese,4433402,ATL,NY,2026-10-07T23:30Z,F,pr,27.77,25.38,0.914,0.857,14,43.433,13.8,37.0,47,31
Angel Reese,4433402,ATL,NY,2026-10-07T23:30Z,F,pa,18.88,17.21,0.912,0.853,13,34.284,7.5,26.9,47,31
Angel Reese,4433402,ATL,NY,2026-10-07T23:30Z,F,ra,14.42,12.97,0.899,0.832,13,20.579,7.0,19.0,47,31
Angel Reese,4433402,ATL,NY,2026-10-07T23:30Z,F,stl,1.78,1.84,1.032,1.054,7,2.742,0.0,3.7,47,31
Angel Reese,4433402,ATL,NY,2026-10-07T23:30Z,F,blk,1.03,1.05,1.024,1.039,12,1.531,0.0,2.5,47,31
Madison Scott,4433416,NY,ATL,2026-10-07T23:30Z,G,pts,1.68,1.5,0.895,0.825,18,41.603,0.0,3.3,2,9
Madison Scott,4433416,NY,ATL,2026-10-07T23:30Z,G,reb,0.1,0.09,0.906,0.843,17,10.787,0.0,0.5,2,9
Madison Scott,4433416,NY,ATL,2026-10-07T23:30Z,G,ast,0.24,0.2,0.853,0.755,19,11.588,0.0,0.8,2,9
Madison Scott,4433416,NY,ATL,2026-10-07T23:30Z,G,tpm,0.0,0.0,0.786,0.644,19,4.638,0.0,0.2,2,9
Madison Scott,4433416,NY,ATL,2026-10-07T23:30Z,G,pra,2.02,1.79,0.889,0.814,19,63.979,0.0,3.8,2,9
Madison Scott,4433416,NY,ATL,2026-10-07T23:30Z,G,pr,1.78,1.59,0.897,0.829,18,52.39,0.0,3.5,2,9
Madison Scott,4433416,NY,ATL,2026-10-07T23:30Z,G,pa,1.92,1.7,0.885,0.809,18,53.192,0.0,3.7,2,9
Madison Scott,4433416,NY,ATL,2026-10-07T23:30Z,G,ra,0.34,0.29,0.877,0.795,19,22.376,0.0,0.9,2,9
Madison Scott,4433416,NY,ATL,2026-10-07T23:30Z,G,stl,0.16,0.14,0.887,0.811,17,3.305,0.0,0.6,2,9
Madison Scott,4433416,NY,ATL,2026-10-07T23:30Z,G,blk,0.0,0.0,1.134,1.223,10,1.128,0.0,0.2,2,9
Te-Hina Paopao,4433431,ATL,NY,2026-10-07T23:30Z,G,pts,3.08,2.89,0.939,0.898,11,45.278,0.0,6.6,38,46
Te-Hina Paopao,4433431,ATL,NY,2026-10-07T23:30Z,G,reb,0.65,0.63,0.968,0.947,7,12.121,0.0,1.3,38,46
Te-Hina Paopao,4433431,ATL,NY,2026-10-07T23:30Z,G,ast,1.17,1.07,0.911,0.852,11,13.082,0.0,2.5,38,46
Te-Hina Paopao,4433431,ATL,NY,2026-10-07T23:30Z,G,tpm,0.65,0.58,0.882,0.804,10,5.789,0.0,1.6,38,46
Te-Hina Paopao,4433431,ATL,NY,2026-10-07T23:30Z,G,pra,4.91,4.6,0.938,0.897,12,70.481,0.0,9.6,38,46
Te-Hina Paopao,4433431,ATL,NY,2026-10-07T23:30Z,G,pr,3.73,3.53,0.945,0.908,12,57.399,0.0,7.7,38,46
Te-Hina Paopao,4433431,ATL,NY,2026-10-07T23:30Z,G,pa,4.25,3.96,0.932,0.887,11,58.36,0.0,8.5,38,46
Te-Hina Paopao,4433431,ATL,NY,2026-10-07T23:30Z,G,ra,1.82,1.71,0.937,0.895,12,25.202,0.0,3.5,38,46
Te-Hina Paopao,4433431,ATL,NY,2026-10-07T23:30Z,G,stl,0.19,0.18,0.952,0.92,13,3.747,0.0,0.7,38,46
Te-Hina Paopao,4433431,ATL,NY,2026-10-07T23:30Z,G,blk,0.05,0.06,1.096,1.161,12,1.07,0.0,0.3,38,46
Kierstan Bell,4433633,LV,GS,2026-10-08T01:30Z,F,pts,1.77,1.54,0.868,0.78,19,25.798,0.0,4.9,32,47
Kierstan Bell,4433633,LV,GS,2026-10-08T01:30Z,F,reb,1.23,1.13,0.92,0.866,13,15.264,0.0,3.0,32,47
Kierstan Bell,4433633,LV,GS,2026-10-08T01:30Z,F,ast,0.33,0.27,0.832,0.719,17,5.106,0.0,1.6,32,47
Kierstan Bell,4433633,LV,GS,2026-10-08T01:30Z,F,tpm,0.42,0.34,0.804,0.673,18,2.092,0.0,1.1,32,47
Kierstan Bell,4433633,LV,GS,2026-10-08T01:30Z,F,pra,3.32,2.92,0.879,0.799,19,46.167,0.0,7.7,32,47
Kierstan Bell,4433633,LV,GS,2026-10-08T01:30Z,F,pr,3.0,2.66,0.886,0.81,19,41.062,0.0,7.0,32,47
Kierstan Bell,4433633,LV,GS,2026-10-08T01:30Z,F,pa,2.09,1.8,0.861,0.769,19,30.904,0.0,5.4,32,47
Kierstan Bell,4433633,LV,GS,2026-10-08T01:30Z,F,ra,1.55,1.39,0.894,0.824,14,20.369,0.0,4.0,32,47
Kierstan Bell,4433633,LV,GS,2026-10-08T01:30Z,F,stl,0.21,0.18,0.86,0.766,18,1.993,0.0,0.7,32,47
Kierstan Bell,4433633,LV,GS,2026-10-08T01:30Z,F,blk,0.31,0.34,1.07,1.116,10,1.644,0.0,1.2,32,47
Ashten Prechtel,4433634,GS,LV,2026-10-08T01:30Z,F,pts,,,0.912,0.853,13,28.231,0.0,,6,0
Ashten Prechtel,4433634,GS,LV,2026-10-08T01:30Z,F,reb,,,0.962,0.936,5,16.496,0.0,,6,0
Ashten Prechtel,4433634,GS,LV,2026-10-08T01:30Z,F,ast,,,0.849,0.749,15,5.313,0.0,,6,0
Ashten Prechtel,4433634,GS,LV,2026-10-08T01:30Z,F,tpm,,,0.856,0.761,12,2.366,0.0,,6,0
Ashten Prechtel,4433634,GS,LV,2026-10-08T01:30Z,F,pra,,,0.919,0.866,13,50.04,0.0,,6,0
Ashten Prechtel,4433634,GS,LV,2026-10-08T01:30Z,F,pr,,,0.929,0.882,11,44.726,0.0,,6,0
Ashten Prechtel,4433634,GS,LV,2026-10-08T01:30Z,F,pa,,,0.901,0.835,15,33.544,0.0,,6,0
Ashten Prechtel,4433634,GS,LV,2026-10-08T01:30Z,F,ra,,,0.929,0.882,8,21.809,0.0,,6,0
Ashten Prechtel,4433634,GS,LV,2026-10-08T01:30Z,F,stl,,,0.979,0.966,12,2.513,0.0,,6,0
Ashten Prechtel,4433634,GS,LV,2026-10-08T01:30Z,F,blk,,,0.839,0.732,15,1.078,0.0,,6,0
Ta'Niya Latson,4609797,LV,GS,2026-10-08T01:30Z,G,pts,,,0.88,0.8,19,40.355,0.0,,19,0
Ta'Niya Latson,4609797,LV,GS,2026-10-08T01:30Z,G,reb,,,0.95,0.916,12,11.717,0.0,,19,0
Ta'Niya Latson,4609797,LV,GS,2026-10-08T01:30Z,G,ast,,,0.87,0.783,17,12.025,0.0,,19,0
Ta'Niya Latson,4609797,LV,GS,2026-10-08T01:30Z,G,tpm,,,0.874,0.789,11,5.687,0.0,,19,0
Ta'Niya Latson,4609797,LV,GS,2026-10-08T01:30Z,G,pra,,,0.89,0.816,18,64.097,0.0,,19,0
Ta'Niya Latson,4609797,LV,GS,2026-10-08T01:30Z,G,pr,,,0.894,0.824,19,52.072,0.0,,19,0
Ta'Niya Latson,4609797,LV,GS,2026-10-08T01:30Z,G,pa,,,0.878,0.796,19,52.38,0.0,,19,0
Ta'Niya Latson,4609797,LV,GS,2026-10-08T01:30Z,G,ra,,,0.906,0.844,16,23.742,0.0,,19,0
Ta'Niya Latson,4609797,LV,GS,2026-10-08T01:30Z,G,stl,,,0.965,0.942,12,3.838,0.0,,19,0
Ta'Niya Latson,4609797,LV,GS,2026-10-08T01:30Z,G,blk,,,1.176,1.293,7,1.192,0.0,,19,0
Justine Pissott,4682855,LV,GS,2026-10-08T01:30Z,G,pts,,,0.88,0.8,19,40.355,0.0,,13,0
Justine Pissott,4682855,LV,GS,2026-10-08T01:30Z,G,reb,,,0.95,0.916,12,11.717,0.0,,13,0
Justine Pissott,4682855,LV,GS,2026-10-08T01:30Z,G,ast,,,0.87,0.783,17,12.025,0.0,,13,0
Justine Pissott,4682855,LV,GS,2026-10-08T01:30Z,G,tpm,,,0.874,0.789,11,5.687,0.0,,13,0
Justine Pissott,4682855,LV,GS,2026-10-08T01:30Z,G,pra,,,0.89,0.816,18,64.097,0.0,,13,0
Justine Pissott,4682855,LV,GS,2026-10-08T01:30Z,G,pr,,,0.894,0.824,19,52.072,0.0,,13,0
Justine Pissott,4682855,LV,GS,2026-10-08T01:30Z,G,pa,,,0.878,0.796,19,52.38,0.0,,13,0
Justine Pissott,4682855,LV,GS,2026-10-08T01:30Z,G,ra,,,0.906,0.844,16,23.742,0.0,,13,0
Justine Pissott,4682855,LV,GS,2026-10-08T01:30Z,G,stl,,,0.965,0.942,12,3.838,0.0,,13,0
Justine Pissott,4682855,LV,GS,2026-10-08T01:30Z,G,blk,,,1.176,1.293,7,1.192,0.0,,13,0
Leonie Fiebich,4683006,NY,ATL,2026-10-07T23:30Z,F,pts,8.33,7.51,0.902,0.836,17,27.667,0.2,14.8,25,40
Leonie Fiebich,4683006,NY,ATL,2026-10-07T23:30Z,F,reb,3.95,3.48,0.882,0.803,19,14.151,0.5,6.4,25,40
Leonie Fiebich,4683006,NY,ATL,2026-10-07T23:30Z,F,ast,2.25,1.87,0.831,0.718,18,5.095,0.0,3.7,25,40
Leonie Fiebich,4683006,NY,ATL,2026-10-07T23:30Z,F,tpm,1.71,1.38,0.808,0.681,17,2.117,0.0,3.0,25,40
Leonie Fiebich,4683006,NY,ATL,2026-10-07T23:30Z,F,pra,14.53,12.89,0.887,0.812,17,46.913,4.4,21.4,25,40
Leonie Fiebich,4683006,NY,ATL,2026-10-07T23:30Z,F,pr,12.28,10.99,0.895,0.825,18,41.818,3.4,18.6,25,40
Leonie Fiebich,4683006,NY,ATL,2026-10-07T23:30Z,F,pa,10.58,9.41,0.889,0.815,17,32.762,1.3,17.5,25,40
Leonie Fiebich,4683006,NY,ATL,2026-10-07T23:30Z,F,ra,6.2,5.38,0.867,0.778,19,19.245,1.7,9.1,25,40
Leonie Fiebich,4683006,NY,ATL,2026-10-07T23:30Z,F,stl,0.96,0.91,0.951,0.918,14,2.389,0.0,2.3,25,40
Leonie Fiebich,4683006,NY,ATL,2026-10-07T23:30Z,F,blk,0.17,0.21,1.183,1.305,5,1.922,0.0,0.7,25,40
Raquel Carrera,4790258,NY,ATL,2026-10-07T23:30Z,F,pts,,,0.902,0.836,17,27.667,0.0,,26,0
Raquel Carrera,4790258,NY,ATL,2026-10-07T23:30Z,F,reb,,,0.882,0.803,19,14.151,0.0,,26,0
Raquel Carrera,4790258,NY,ATL,2026-10-07T23:30Z,F,ast,,,0.831,0.718,18,5.095,0.0,,26,0
Raquel Carrera,4790258,NY,ATL,2026-10-07T23:30Z,F,tpm,,,0.808,0.681,17,2.117,0.0,,26,0
Raquel Carrera,4790258,NY,ATL,2026-10-07T23:30Z,F,pra,,,0.887,0.812,17,46.913,0.0,,26,0
Raquel Carrera,4790258,NY,ATL,2026-10-07T23:30Z,F,pr,,,0.895,0.825,18,41.818,0.0,,26,0
Raquel Carrera,4790258,NY,ATL,2026-10-07T23:30Z,F,pa,,,0.889,0.815,17,32.762,0.0,,26,0
Raquel Carrera,4790258,NY,ATL,2026-10-07T23:30Z,F,ra,,,0.867,0.778,19,19.245,0.0,,26,0
Raquel Carrera,4790258,NY,ATL,2026-10-07T23:30Z,F,stl,,,0.951,0.918,14,2.389,0.0,,26,0
Raquel Carrera,4790258,NY,ATL,2026-10-07T23:30Z,F,blk,,,1.183,1.305,5,1.922,0.0,,26,0
Marine Fauthoux,4790260,NY,ATL,2026-10-07T23:30Z,G,pts,,,0.895,0.825,18,41.603,0.0,,23,0
Marine Fauthoux,4790260,NY,ATL,2026-10-07T23:30Z,G,reb,,,0.906,0.843,17,10.787,0.0,,23,0
Marine Fauthoux,4790260,NY,ATL,2026-10-07T23:30Z,G,ast,,,0.853,0.755,19,11.588,0.0,,23,0
Marine Fauthoux,4790260,NY,ATL,2026-10-07T23:30Z,G,tpm,,,0.786,0.644,19,4.638,0.0,,23,0
Marine Fauthoux,4790260,NY,ATL,2026-10-07T23:30Z,G,pra,,,0.889,0.814,19,63.979,0.0,,23,0
Marine Fauthoux,4790260,NY,ATL,2026-10-07T23:30Z,G,pr,,,0.897,0.829,18,52.39,0.0,,23,0
Marine Fauthoux,4790260,NY,ATL,2026-10-07T23:30Z,G,pa,,,0.885,0.809,18,53.192,0.0,,23,0
Marine Fauthoux,4790260,NY,ATL,2026-10-07T23:30Z,G,ra,,,0.877,0.795,19,22.376,0.0,,23,0
Marine Fauthoux,4790260,NY,ATL,2026-10-07T23:30Z,G,stl,,,0.887,0.811,17,3.305,0.0,,23,0
Marine Fauthoux,4790260,NY,ATL,2026-10-07T23:30Z,G,blk,,,1.134,1.223,10,1.128,0.0,,23,0
Iliana Rupert,4790263,GS,LV,2026-10-08T01:30Z,C,pts,,,0.972,0.953,10,15.107,0.0,,0,23
Iliana Rupert,4790263,GS,LV,2026-10-08T01:30Z,C,reb,,,0.939,0.898,11,8.173,0.0,,0,23
Iliana Rupert,4790263,GS,LV,2026-10-08T01:30Z,C,ast,,,0.919,0.865,10,2.406,0.0,,0,23
Iliana Rupert,4790263,GS,LV,2026-10-08T01:30Z,C,tpm,,,0.878,0.797,11,0.739,0.0,,0,23
Iliana Rupert,4790263,GS,LV,2026-10-08T01:30Z,C,pra,,,0.956,0.926,11,25.687,0.0,,0,23
Iliana Rupert,4790263,GS,LV,2026-10-08T01:30Z,C,pr,,,0.96,0.933,11,23.281,0.0,,0,23
Iliana Rupert,4790263,GS,LV,2026-10-08T01:30Z,C,pa,,,0.964,0.94,11,17.513,0.0,,0,23
Iliana Rupert,4790263,GS,LV,2026-10-08T01:30Z,C,ra,,,0.934,0.89,12,10.579,0.0,,0,23
Iliana Rupert,4790263,GS,LV,2026-10-08T01:30Z,C,stl,,,1.09,1.15,8,1.011,0.0,,0,23
Iliana Rupert,4790263,GS,LV,2026-10-08T01:30Z,C,blk,,,0.792,0.653,16,0.791,0.0,,0,23
Janelle Salaun,4790264,GS,LV,2026-10-08T01:30Z,F,pts,10.71,9.76,0.912,0.853,13,28.231,2.3,17.2,44,38
Janelle Salaun,4790264,GS,LV,2026-10-08T01:30Z,F,reb,3.65,3.51,0.962,0.936,5,16.496,1.1,6.0,44,38
Janelle Salaun,4790264,GS,LV,2026-10-08T01:30Z,F,ast,1.14,0.97,0.849,0.749,15,5.313,0.0,2.4,44,38
Janelle Salaun,4790264,GS,LV,2026-10-08T01:30Z,F,tpm,1.79,1.53,0.856,0.761,12,2.366,0.0,3.3,44,38
Janelle Salaun,4790264,GS,LV,2026-10-08T01:30Z,F,pra,15.49,14.24,0.919,0.866,13,50.04,5.1,23.4,44,38
Janelle Salaun,4790264,GS,LV,2026-10-08T01:30Z,F,pr,14.35,13.34,0.929,0.882,11,44.726,4.8,21.9,44,38
Janelle Salaun,4790264,GS,LV,2026-10-08T01:30Z,F,pa,11.84,10.67,0.901,0.835,15,33.544,2.6,18.7,44,38
Janelle Salaun,4790264,GS,LV,2026-10-08T01:30Z,F,ra,4.79,4.45,0.929,0.882,8,21.809,1.2,7.7,44,38
Janelle Salaun,4790264,GS,LV,2026-10-08T01:30Z,F,stl,0.37,0.37,0.979,0.966,12,2.513,0.0,1.3,44,38
Janelle Salaun,4790264,GS,LV,2026-10-08T01:30Z,F,blk,0.06,0.05,0.839,0.732,15,1.078,0.0,0.4,44,38
Kaitlyn Chen,4899328,GS,LV,2026-10-08T01:30Z,G,pts,7.55,7.02,0.929,0.882,14,44.46,0.0,14.6,48,25
Kaitlyn Chen,4899328,GS,LV,2026-10-08T01:30Z,G,reb,1.31,1.23,0.939,0.898,14,11.491,0.0,2.6,48,25
Kaitlyn Chen,4899328,GS,LV,2026-10-08T01:30Z,G,ast,1.74,1.51,0.868,0.781,18,11.981,0.0,3.5,48,25
Kaitlyn Chen,4899328,GS,LV,2026-10-08T01:30Z,G,tpm,0.94,0.79,0.844,0.739,15,5.326,0.0,2.4,48,25
Kaitlyn Chen,4899328,GS,LV,2026-10-08T01:30Z,G,pra,10.61,9.75,0.919,0.865,15,67.933,0.6,18.9,48,25
Kaitlyn Chen,4899328,GS,LV,2026-10-08T01:30Z,G,pr,8.86,8.25,0.931,0.885,14,55.952,0.0,16.5,48,25
Kaitlyn Chen,4899328,GS,LV,2026-10-08T01:30Z,G,pa,9.3,8.51,0.915,0.858,16,56.441,0.0,17.0,48,25
Kaitlyn Chen,4899328,GS,LV,2026-10-08T01:30Z,G,ra,3.05,2.75,0.9,0.834,17,23.472,0.3,5.2,48,25
Kaitlyn Chen,4899328,GS,LV,2026-10-08T01:30Z,G,stl,0.28,0.27,0.946,0.91,14,3.708,0.0,1.0,48,25
Kaitlyn Chen,4899328,GS,LV,2026-10-08T01:30Z,G,blk,0.1,0.1,0.987,0.978,15,0.902,0.0,0.4,48,25
Sika Kone,5017721,ATL,NY,2026-10-07T23:30Z,F,pts,1.66,1.53,0.918,0.864,12,28.569,0.0,5.1,36,21
Sika Kone,5017721,ATL,NY,2026-10-07T23:30Z,F,reb,0.86,0.78,0.906,0.843,16,14.864,0.0,2.3,36,21
Sika Kone,5017721,ATL,NY,2026-10-07T23:30Z,F,ast,0.16,0.14,0.883,0.805,10,5.715,0.0,0.8,36,21
Sika Kone,5017721,ATL,NY,2026-10-07T23:30Z,F,tpm,0.18,0.15,0.854,0.757,13,2.355,0.0,0.6,36,21
Sika Kone,5017721,ATL,NY,2026-10-07T23:30Z,F,pra,2.68,2.44,0.91,0.85,14,49.147,0.0,7.6,36,21
Sika Kone,5017721,ATL,NY,2026-10-07T23:30Z,F,pr,2.52,2.31,0.914,0.857,14,43.433,0.0,7.2,36,21
Sika Kone,5017721,ATL,NY,2026-10-07T23:30Z,F,pa,1.82,1.66,0.912,0.853,13,34.284,0.0,5.5,36,21
Sika Kone,5017721,ATL,NY,2026-10-07T23:30Z,F,ra,1.02,0.92,0.899,0.832,13,20.579,0.0,2.7,36,21
Sika Kone,5017721,ATL,NY,2026-10-07T23:30Z,F,stl,0.04,0.04,1.032,1.054,7,2.742,0.0,0.3,36,21
Sika Kone,5017721,ATL,NY,2026-10-07T23:30Z,F,blk,0.0,0.0,1.024,1.039,12,1.531,0.0,0.2,36,21
Indya Nivar,5105740,ATL,NY,2026-10-07T23:30Z,G,pts,,,0.939,0.898,11,45.278,0.0,,23,0
Indya Nivar,5105740,ATL,NY,2026-10-07T23:30Z,G,reb,,,0.968,0.947,7,12.121,0.0,,23,0
Indya Nivar,5105740,ATL,NY,2026-10-07T23:30Z,G,ast,,,0.911,0.852,11,13.082,0.0,,23,0
Indya Nivar,5105740,ATL,NY,2026-10-07T23:30Z,G,tpm,,,0.882,0.804,10,5.789,0.0,,23,0
Indya Nivar,5105740,ATL,NY,2026-10-07T23:30Z,G,pra,,,0.938,0.897,12,70.481,0.0,,23,0
Indya Nivar,5105740,ATL,NY,2026-10-07T23:30Z,G,pr,,,0.945,0.908,12,57.399,0.0,,23,0
Indya Nivar,5105740,ATL,NY,2026-10-07T23:30Z,G,pa,,,0.932,0.887,11,58.36,0.0,,23,0
Indya Nivar,5105740,ATL,NY,2026-10-07T23:30Z,G,ra,,,0.937,0.895,12,25.202,0.0,,23,0
Indya Nivar,5105740,ATL,NY,2026-10-07T23:30Z,G,stl,,,0.952,0.92,13,3.747,0.0,,23,0
Indya Nivar,5105740,ATL,NY,2026-10-07T23:30Z,G,blk,,,1.096,1.161,12,1.07,0.0,,23,0
Madina Okot,5108587,ATL,NY,2026-10-07T23:30Z,C,pts,,,0.941,0.901,13,14.283,0.0,,45,0
Madina Okot,5108587,ATL,NY,2026-10-07T23:30Z,C,reb,,,0.931,0.885,14,8.054,0.0,,45,0
Madina Okot,5108587,ATL,NY,2026-10-07T23:30Z,C,ast,,,1.003,1.005,4,2.795,0.0,,45,0
Madina Okot,5108587,ATL,NY,2026-10-07T23:30Z,C,tpm,,,0.876,0.794,12,0.736,0.0,,45,0
Madina Okot,5108587,ATL,NY,2026-10-07T23:30Z,C,pra,,,0.944,0.906,14,25.132,0.0,,45,0
Madina Okot,5108587,ATL,NY,2026-10-07T23:30Z,C,pr,,,0.937,0.895,14,22.337,0.0,,45,0
Madina Okot,5108587,ATL,NY,2026-10-07T23:30Z,C,pa,,,0.95,0.917,13,17.078,0.0,,45,0
Madina Okot,5108587,ATL,NY,2026-10-07T23:30Z,C,ra,,,0.948,0.913,9,10.85,0.0,,45,0
Madina Okot,5108587,ATL,NY,2026-10-07T23:30Z,C,stl,,,1.111,1.184,6,1.041,0.0,,45,0
Madina Okot,5108587,ATL,NY,2026-10-07T23:30Z,C,blk,,,0.871,0.785,15,0.952,0.0,,45,0
Isobel Borlase,5208983,ATL,NY,2026-10-07T23:30Z,G,pts,,,0.939,0.898,11,45.278,0.0,,47,0
Isobel Borlase,5208983,ATL,NY,2026-10-07T23:30Z,G,reb,,,0.968,0.947,7,12.121,0.0,,47,0
Isobel Borlase,5208983,ATL,NY,2026-10-07T23:30Z,G,ast,,,0.911,0.852,11,13.082,0.0,,47,0
Isobel Borlase,5208983,ATL,NY,2026-10-07T23:30Z,G,tpm,,,0.882,0.804,10,5.789,0.0,,47,0
Isobel Borlase,5208983,ATL,NY,2026-10-07T23:30Z,G,pra,,,0.938,0.897,12,70.481,0.0,,47,0
Isobel Borlase,5208983,ATL,NY,2026-10-07T23:30Z,G,pr,,,0.945,0.908,12,57.399,0.0,,47,0
Isobel Borlase,5208983,ATL,NY,2026-10-07T23:30Z,G,pa,,,0.932,0.887,11,58.36,0.0,,47,0
Isobel Borlase,5208983,ATL,NY,2026-10-07T23:30Z,G,ra,,,0.937,0.895,12,25.202,0.0,,47,0
Isobel Borlase,5208983,ATL,NY,2026-10-07T23:30Z,G,stl,,,0.952,0.92,13,3.747,0.0,,47,0
Isobel Borlase,5208983,ATL,NY,2026-10-07T23:30Z,G,blk,,,1.096,1.161,12,1.07,0.0,,47,0
Mai Yamamoto,5220104,LV,GS,2026-10-08T01:30Z,G,pts,,,0.88,0.8,19,40.355,0.0,,18,0
Mai Yamamoto,5220104,LV,GS,2026-10-08T01:30Z,G,reb,,,0.95,0.916,12,11.717,0.0,,18,0
Mai Yamamoto,5220104,LV,GS,2026-10-08T01:30Z,G,ast,,,0.87,0.783,17,12.025,0.0,,18,0
Mai Yamamoto,5220104,LV,GS,2026-10-08T01:30Z,G,tpm,,,0.874,0.789,11,5.687,0.0,,18,0
Mai Yamamoto,5220104,LV,GS,2026-10-08T01:30Z,G,pra,,,0.89,0.816,18,64.097,0.0,,18,0
Mai Yamamoto,5220104,LV,GS,2026-10-08T01:30Z,G,pr,,,0.894,0.824,19,52.072,0.0,,18,0
Mai Yamamoto,5220104,LV,GS,2026-10-08T01:30Z,G,pa,,,0.878,0.796,19,52.38,0.0,,18,0
Mai Yamamoto,5220104,LV,GS,2026-10-08T01:30Z,G,ra,,,0.906,0.844,16,23.742,0.0,,18,0
Mai Yamamoto,5220104,LV,GS,2026-10-08T01:30Z,G,stl,,,0.965,0.942,12,3.838,0.0,,18,0
Mai Yamamoto,5220104,LV,GS,2026-10-08T01:30Z,G,blk,,,1.176,1.293,7,1.192,0.0,,18,0
Juste Jocyte,5277552,GS,LV,2026-10-08T01:30Z,G,pts,,,0.929,0.882,14,44.46,0.0,,17,0
Juste Jocyte,5277552,GS,LV,2026-10-08T01:30Z,G,reb,,,0.939,0.898,14,11.491,0.0,,17,0
Juste Jocyte,5277552,GS,LV,2026-10-08T01:30Z,G,ast,,,0.868,0.781,18,11.981,0.0,,17,0
Juste Jocyte,5277552,GS,LV,2026-10-08T01:30Z,G,tpm,,,0.844,0.739,15,5.326,0.0,,17,0
Juste Jocyte,5277552,GS,LV,2026-10-08T01:30Z,G,pra,,,0.919,0.865,15,67.933,0.0,,17,0
Juste Jocyte,5277552,GS,LV,2026-10-08T01:30Z,G,pr,,,0.931,0.885,14,55.952,0.0,,17,0
Juste Jocyte,5277552,GS,LV,2026-10-08T01:30Z,G,pa,,,0.915,0.858,16,56.441,0.0,,17,0
Juste Jocyte,5277552,GS,LV,2026-10-08T01:30Z,G,ra,,,0.9,0.834,17,23.472,0.0,,17,0
Juste Jocyte,5277552,GS,LV,2026-10-08T01:30Z,G,stl,,,0.946,0.91,14,3.708,0.0,,17,0
Juste Jocyte,5277552,GS,LV,2026-10-08T01:30Z,G,blk,,,0.987,0.978,15,0.902,0.0,,17,0
Pauline Astier,5345320,NY,ATL,2026-10-07T23:30Z,G,pts,,,0.895,0.825,18,41.603,0.0,,48,0
Pauline Astier,5345320,NY,ATL,2026-10-07T23:30Z,G,reb,,,0.906,0.843,17,10.787,0.0,,48,0
Pauline Astier,5345320,NY,ATL,2026-10-07T23:30Z,G,ast,,,0.853,0.755,19,11.588,0.0,,48,0
Pauline Astier,5345320,NY,ATL,2026-10-07T23:30Z,G,tpm,,,0.786,0.644,19,4.638,0.0,,48,0
Pauline Astier,5345320,NY,ATL,2026-10-07T23:30Z,G,pra,,,0.889,0.814,19,63.979,0.0,,48,0
Pauline Astier,5345320,NY,ATL,2026-10-07T23:30Z,G,pr,,,0.897,0.829,18,52.39,0.0,,48,0
Pauline Astier,5345320,NY,ATL,2026-10-07T23:30Z,G,pa,,,0.885,0.809,18,53.192,0.0,,48,0
Pauline Astier,5345320,NY,ATL,2026-10-07T23:30Z,G,ra,,,0.877,0.795,19,22.376,0.0,,48,0
Pauline Astier,5345320,NY,ATL,2026-10-07T23:30Z,G,stl,,,0.887,0.811,17,3.305,0.0,,48,0
Pauline Astier,5345320,NY,ATL,2026-10-07T23:30Z,G,blk,,,1.134,1.223,10,1.128,0.0,,48,0
Aminata Gueye,5447776,GS,LV,2026-10-08T01:30Z,C,pts,,,0.972,0.953,10,15.107,0.0,,3,0
Aminata Gueye,5447776,GS,LV,2026-10-08T01:30Z,C,reb,,,0.939,0.898,11,8.173,0.0,,3,0
Aminata Gueye,5447776,GS,LV,2026-10-08T01:30Z,C,ast,,,0.919,0.865,10,2.406,0.0,,3,0
Aminata Gueye,5447776,GS,LV,2026-10-08T01:30Z,C,tpm,,,0.878,0.797,11,0.739,0.0,,3,0
Aminata Gueye,5447776,GS,LV,2026-10-08T01:30Z,C,pra,,,0.956,0.926,11,25.687,0.0,,3,0
Aminata Gueye,5447776,GS,LV,2026-10-08T01:30Z,C,pr,,,0.96,0.933,11,23.281,0.0,,3,0
Aminata Gueye,5447776,GS,LV,2026-10-08T01:30Z,C,pa,,,0.964,0.94,11,17.513,0.0,,3,0
Aminata Gueye,5447776,GS,LV,2026-10-08T01:30Z,C,ra,,,0.934,0.89,12,10.579,0.0,,3,0
Aminata Gueye,5447776,GS,LV,2026-10-08T01:30Z,C,stl,,,1.09,1.15,8,1.011,0.0,,3,0
Aminata Gueye,5447776,GS,LV,2026-10-08T01:30Z,C,blk,,,0.792,0.653,16,0.791,0.0,,3,0
