team,gp,pf,pa,pf_prior,pa_prior,rating,pace,l10,wins,losses
ATL,47,91.4,84.06,83.77,76.81,7.213,170.5,13.8,33,14
CHI,44,86.77,90.66,75.8,85.84,-5.939,172.17,-8.7,16,28
CLA,0,,,131.0,151.0,-20.0,282.0,-20.0,0,0
COL,0,,,151.0,131.0,20.0,282.0,20.0,0,0
CON,44,78.86,88.07,75.84,85.95,-9.508,165.22,-14.9,11,33
COOP,1,122.0,129.0,,,-7.0,251.0,-7.0,0,1
DAL,47,89.23,85.79,81.68,87.98,0.199,173.23,8.2,28,19
GS,48,82.65,75.54,77.52,76.85,4.961,156.91,8.9,35,13
IND,47,95.51,90.72,84.09,81.26,4.135,179.28,1.9,29,18
LA,44,87.05,91.32,85.66,88.23,-3.705,176.87,-3.0,16,28
LV,49,90.92,85.86,84.7,81.12,4.565,173.12,12.3,33,16
MIN,46,90.07,83.89,85.18,76.88,6.881,169.99,-3.2,33,13
NY,48,89.46,85.94,83.45,80.17,3.439,171.47,4.9,29,19
PHX,44,84.36,87.59,82.6,80.42,-1.424,168.98,-1.0,16,28
POR,44,86.23,91.02,,,-4.795,177.25,-5.4,17,27
SEA,44,82.18,88.93,81.91,80.49,-4.025,168.21,-10.4,8,36
SPO,1,129.0,122.0,,,7.0,251.0,7.0,1,0
TOR,44,85.66,94.36,,,-8.705,180.02,-16.3,11,33
WSH,46,83.65,83.15,77.14,81.57,-1.144,164.1,4.7,28,18
