team,season,hc,oc,dc
ARI,2024,Jonathan Gannon,Drew Petzing,Nick Rallis
ATL,2024,Raheem Morris,Zac Robinson,Jimmy Lake
BAL,2024,John Harbaugh,Todd Monken,Zach Orr
BUF,2024,Sean McDermott,Joe Brady,Bobby Babich
CAR,2024,Dave Canales,Brad Idzik,Ejiro Evero
CHI,2024,Thomas Brown,Shane Waldron / Thomas Brown,Eric Washington
CIN,2024,Zac Taylor,Dan Pitcher,Lou Anarumo
CLE,2024,Kevin Stefanski,Ken Dorsey,Jim Schwartz
DAL,2024,Mike McCarthy,Brian Schottenheimer,Mike Zimmer
DEN,2024,Sean Payton,Joe Lombardi,Vance Joseph
DET,2024,Dan Campbell,Ben Johnson,Aaron Glenn
GB,2024,Matt LaFleur,Adam Stenavich,Jeff Hafley
HOU,2024,DeMeco Ryans,Bobby Slowik,Matt Burke
IND,2024,Shane Steichen,Jim Bob Cooter,Gus Bradley
JAX,2024,Doug Pederson,Press Taylor,Ryan Nielsen
KC,2024,Andy Reid,Matt Nagy,Steve Spagnuolo
LV,2024,Antonio Pierce,Luke Getsy / Scott Turner,Patrick Graham
LAC,2024,Jim Harbaugh,Greg Roman,Jesse Minter
LAR,2024,Sean McVay,Mike LaFleur,Chris Shula
MIA,2024,Mike McDaniel,Frank Smith,Anthony Weaver
MIN,2024,Kevin O'Connell,Wes Phillips,Brian Flores
NE,2024,Jerod Mayo,Alex Van Pelt,DeMarcus Covington
NO,2024,Dennis Allen,Klint Kubiak,Joe Woods
NYG,2024,Brian Daboll,Mike Kafka,Shane Bowen
NYJ,2024,Robert Saleh,Nathaniel Hackett,Jeff Ulbrich
PHI,2024,Nick Sirianni,Kellen Moore,Vic Fangio
PIT,2024,Mike Tomlin,Arthur Smith,Teryl Austin
SEA,2024,Mike Macdonald,Ryan Grubb,Aden Durde
SF,2024,Kyle Shanahan,Kyle Shanahan (HC calls plays),Nick Sorensen
TB,2024,Todd Bowles,Liam Coen,Larry Foote / Kacy Rodgers (Bowles calls)
TEN,2024,Brian Callahan,Nick Holz,Dennard Wilson
WAS,2024,Dan Quinn,Kliff Kingsbury,Joe Whitt
ARI,2025,Jonathan Gannon,Drew Petzing,Nick Rallis
ATL,2025,Raheem Morris,Zac Robinson,Jeff Ulbrich
BAL,2025,John Harbaugh,Todd Monken,Zach Orr
BUF,2025,Sean McDermott,Joe Brady,Bobby Babich
CAR,2025,Dave Canales,Brad Idzik,Ejiro Evero
CHI,2025,Ben Johnson,Declan Doyle,Dennis Allen
CIN,2025,Zac Taylor,Dan Pitcher,Al Golden
CLE,2025,Kevin Stefanski,Tommy Rees,Jim Schwartz
DAL,2025,Brian Schottenheimer,Klayton Adams,Matt Eberflus
DEN,2025,Sean Payton,Joe Lombardi,Vance Joseph
DET,2025,Dan Campbell,John Morton,Kelvin Sheppard
GB,2025,Matt LaFleur,Adam Stenavich,Jeff Hafley
HOU,2025,DeMeco Ryans,Nick Caley,Matt Burke
IND,2025,Shane Steichen,Jim Bob Cooter,Lou Anarumo
JAX,2025,Liam Coen,Grant Udinski,Anthony Campanile
KC,2025,Andy Reid,Matt Nagy,Steve Spagnuolo
LV,2025,Pete Carroll,Chip Kelly / Greg Olson,Patrick Graham
LAC,2025,Jim Harbaugh,Greg Roman,Jesse Minter
LAR,2025,Sean McVay,Mike LaFleur,Chris Shula
MIA,2025,Mike McDaniel,Frank Smith,Anthony Weaver
MIN,2025,Kevin O'Connell,Wes Phillips,Brian Flores
NE,2025,Mike Vrabel,Josh McDaniels,Terrell Williams
NO,2025,Kellen Moore,Doug Nussmeier,Brandon Staley
NYG,2025,Brian Daboll,Mike Kafka,Shane Bowen / Charlie Bullen
NYJ,2025,Aaron Glenn,Tanner Engstrand,Steve Wilks
PHI,2025,Nick Sirianni,Kevin Patullo,Vic Fangio
PIT,2025,Mike Tomlin,Arthur Smith,Teryl Austin
SEA,2025,Mike Macdonald,Klint Kubiak,Aden Durde
SF,2025,Kyle Shanahan,Klay Kubiak,Robert Saleh
TB,2025,Todd Bowles,Josh Grizzard,Todd Bowles (HC calls defense)
TEN,2025,Brian Callahan,Nick Holz,Dennard Wilson
WAS,2025,Dan Quinn,Kliff Kingsbury,Joe Whitt / Dan Quinn
ARI,2026,Mike LaFleur,Nathaniel Hackett,Nick Rallis
ATL,2026,Kevin Stefanski,Tommy Rees,Jeff Ulbrich
BAL,2026,Jesse Minter,Declan Doyle,Anthony Weaver
BUF,2026,Joe Brady,Pete Carmichael,Jim Leonhard
CAR,2026,Dave Canales,Brad Idzik,Ejiro Evero
CHI,2026,Ben Johnson,Press Taylor,Dennis Allen
CIN,2026,Zac Taylor,Dan Pitcher,Al Golden
CLE,2026,Todd Monken,Travis Switzer,Mike Rutenberg
DAL,2026,Brian Schottenheimer,Klayton Adams,Christian Parker
DEN,2026,Sean Payton,Davis Webb,Vance Joseph
DET,2026,Dan Campbell,Drew Petzing,Kelvin Sheppard
GB,2026,Matt LaFleur,Adam Stenavich,Jonathan Gannon
HOU,2026,DeMeco Ryans,Nick Caley,Matt Burke
IND,2026,Shane Steichen,Jim Bob Cooter,Lou Anarumo
JAX,2026,Liam Coen,Grant Udinski,Anthony Campanile
KC,2026,Andy Reid,Eric Bieniemy,Steve Spagnuolo
LV,2026,Klint Kubiak,Andrew Janocko,Rob Leonard
LAC,2026,Jim Harbaugh,Mike McDaniel,Chris O'Leary
LAR,2026,Sean McVay,Nate Scheelhaase,Chris Shula
MIA,2026,Jeff Hafley,Bobby Slowik,Sean Duggan
MIN,2026,Kevin O'Connell,Wes Phillips,Brian Flores
NE,2026,Mike Vrabel,Josh McDaniels,Zak Kuhr
NO,2026,Kellen Moore,Doug Nussmeier,Brandon Staley
NYG,2026,John Harbaugh,Matt Nagy,Dennard Wilson
NYJ,2026,Aaron Glenn,Frank Reich,Brian Duker
PHI,2026,Nick Sirianni,Sean Mannion,Vic Fangio
PIT,2026,Mike McCarthy,Brian Angelichio,Patrick Graham
SEA,2026,Mike Macdonald,Brian Fleury,Aden Durde
SF,2026,Kyle Shanahan,Klay Kubiak,Raheem Morris
TB,2026,Todd Bowles,Zac Robinson,Todd Bowles (HC calls defense)
TEN,2026,Robert Saleh,Brian Daboll,Gus Bradley
WAS,2026,Dan Quinn,David Blough,Daronte Jones
