Position,Name,ID,Roster Position,Salary,Game Info,TeamAbbrev,AvgPointsPerGame
RB,Jahmyr Gibbs,,FLEX,9800,,DET,
WR,Jaxon Smith-Njigba,,FLEX,8800,,SEA,
RB,Bijan Robinson,,FLEX,8700,,ATL,
WR,CeeDee Lamb,,FLEX,8300,,DAL,
RB,Christian McCaffrey,,FLEX,8200,,SF,
WR,Ja'Marr Chase,,FLEX,8100,,CIN,
RB,Derrick Henry,,FLEX,8000,,BAL,
WR,Amon-Ra St. Brown,,FLEX,7900,,DET,
RB,Jonathan Taylor,,FLEX,7800,,IND,
WR,Puka Nacua,,FLEX,7800,,LAR,
WR,Chris Olave,,FLEX,7700,,NO,
WR,Nico Collins,,FLEX,7500,,HOU,
QB,Josh Allen,,QB,7400,,BUF,
RB,Javonte Williams,,FLEX,7300,,DAL,
RB,Ashton Jeanty,,FLEX,7200,,LV,
RB,James Cook III,,FLEX,7100,,BUF,
WR,Tee Higgins,,FLEX,7100,,CIN,
WR,Zay Flowers,,FLEX,7000,,BAL,
TE,Brock Bowers,,FLEX,7000,,LV,
QB,Joe Burrow,,QB,6900,,CIN,
RB,Chase Brown,,FLEX,6900,,CIN,
WR,Davante Adams,,FLEX,6800,,LAR,
QB,Dak Prescott,,QB,6700,,DAL,
TE,Trey McBride,,FLEX,6700,,ARI,
WR,Drake London,,FLEX,6700,,ATL,
RB,Jaylen Warren,,FLEX,6700,,PIT,
QB,Jared Goff,,QB,6600,,DET,
WR,Garrett Wilson,,FLEX,6600,,NYJ,
RB,Aaron Jones Sr.,,FLEX,6500,,MIN,
QB,Brock Purdy,,QB,6500,,SF,
WR,Mike Evans,,FLEX,6500,,SF,
WR,Christian Watson,,FLEX,6400,,GB,
RB,Kyren Williams,,FLEX,6400,,LAR,
QB,Jalen Hurts,,QB,6400,,PHI,
WR,George Pickens,,FLEX,6300,,DAL,
QB,Drake Maye,,QB,6300,,NE,
WR,Malik Nabers,,FLEX,6300,,NYG,
WR,Michael Wilson,,FLEX,6200,,ARI,
WR,Parker Washington,,FLEX,6200,,JAX,
RB,D'Andre Swift,,FLEX,6200,,CHI,
WR,Jaylen Waddle,,FLEX,6100,,DEN,
QB,Tyler Shough,,QB,6100,,NO,
RB,Jeremiyah Love,,FLEX,6100,,ARI,
QB,Jayden Daniels,,QB,6000,,WAS,
QB,Matthew Stafford,,QB,6000,,LAR,
RB,Omarion Hampton,,FLEX,6000,,LAC,
RB,Cam Skattebo,,FLEX,6000,,NYG,
WR,Josh Downs,,FLEX,6000,,IND,
QB,Trevor Lawrence,,QB,5900,,JAX,
QB,C.J. Stroud,,QB,5900,,HOU,
WR,Jameson Williams,,FLEX,5900,,DET,
QB,Sam Darnold,,QB,5800,,SEA,
RB,David Montgomery,,FLEX,5800,,HOU,
RB,Bhayshul Tuten,,FLEX,5800,,JAX,
WR,Jordan Addison,,FLEX,5800,,MIN,
QB,Jordan Love,,QB,5700,,GB,
RB,Quinshon Judkins,,FLEX,5700,,CLE,
RB,Bucky Irving,,FLEX,5700,,TB,
WR,Matthew Golden,,FLEX,5700,,GB,
QB,Bo Nix,,QB,5600,,DEN,
WR,DJ Moore,,FLEX,5600,,BUF,
RB,Tony Pollard,,FLEX,5600,,TEN,
QB,Jacoby Brissett,,QB,5500,,ARI,
RB,Rhamondre Stevenson,,FLEX,5500,,NE,
WR,Stefon Diggs,,FLEX,5500,,WAS,
RB,Zach Charbonnet,,FLEX,5500,,SEA,
WR,Deebo Samuel Sr.,,FLEX,5500,,SF,
RB,Braelon Allen,,FLEX,5400,,NYJ,
QB,Kirk Cousins,,QB,5400,,LV,
RB,Alvin Kamara,,FLEX,5400,,NO,
WR,DK Metcalf,,FLEX,5400,,PIT,
QB,Aaron Rodgers,,QB,5300,,PIT,
RB,Ollie Gordon II,,FLEX,5300,,MIA,
RB,Emanuel Wilson,,FLEX,5300,,SEA,
WR,Carnell Tate,,FLEX,5300,,TEN,
QB,Kyler Murray,,QB,5200,,MIN,
TE,George Kittle,,FLEX,5200,,SF,
RB,RJ Harvey,,FLEX,5200,,DEN,
RB,Kyle Monangai,,FLEX,5200,,CHI,
WR,Denzel Boston,,FLEX,5200,,CLE,
WR,Devaughn Vele,,FLEX,5200,,NO,
QB,Justin Herbert,,QB,5100,,LAC,
QB,Deshaun Watson,,QB,5100,,CLE,
WR,Quentin Johnston,,FLEX,5100,,LAC,
RB,Will Shipley,,FLEX,5100,,PHI,
TE,Dalton Kincaid,,FLEX,5100,,BUF,
WR,Emeka Egbuka,,FLEX,5100,,TB,
RB,Tyler Allgeier,,FLEX,5100,,ARI,
QB,Daniel Jones,,QB,5000,,IND,
QB,Geno Smith,,QB,5000,,NYJ,
WR,Romeo Doubs,,FLEX,5000,,NE,
TE,Tyler Warren,,FLEX,5000,,IND,
WR,Khalil Shakir,,FLEX,5000,,BUF,
RB,TreVeyon Henderson,,FLEX,5000,,NE,
RB,J.K. Dobbins,,FLEX,5000,,DEN,
WR,Luther Burden III,,FLEX,4900,,CHI,
QB,Michael Penix Jr.,,QB,4900,,ATL,
TE,Sam LaPorta,,FLEX,4900,,DET,
QB,Cam Ward,,QB,4900,,TEN,
WR,Dontayvion Wicks,,FLEX,4900,,PHI,
RB,Jacory Croskey-Merritt,,FLEX,4900,,WAS,
RB,Blake Corum,,FLEX,4900,,LAR,
RB,Kendre Miller,,FLEX,4900,,NO,
QB,Jameis Winston,,QB,4800,,NYG,
TE,T.J. Hockenson,,FLEX,4800,,MIN,
QB,Tyler Huntley,,QB,4800,,BAL,
WR,Jakobi Meyers,,FLEX,4800,,JAX,
RB,MarShawn Lloyd,,FLEX,4800,,GB,
RB,Woody Marks,,FLEX,4800,,HOU,
WR,Tre Tucker,,FLEX,4800,,LV,
RB,Chris Rodriguez Jr.,,FLEX,4800,,JAX,
RB,Jaylen Wright,,FLEX,4800,,MIA,
QB,Jalon Daniels,,QB,4700,,TB,
QB,Tyson Bagent,,QB,4700,,CHI,
WR,Rome Odunze,,FLEX,4700,,CHI,
TE,Tucker Kraft,,FLEX,4700,,GB,
WR,Chris Godwin Jr.,,FLEX,4700,,TB,
RB,Brian Robinson Jr.,,FLEX,4700,,ATL,
RB,Kenny Gainwell,,FLEX,4700,,TB,
RB,Raheim Sanders,,FLEX,4700,,CLE,
QB,Malik Willis,,QB,4600,,MIA,
WR,Malik Washington,,FLEX,4600,,MIA,
WR,Courtland Sutton,,FLEX,4600,,DEN,
RB,Kaleb Johnson,,FLEX,4600,,GB,
TE,Colston Loveland,,FLEX,4600,,CHI,
WR,Keon Coleman,,FLEX,4600,,BUF,
RB,Tyjae Spears,,FLEX,4600,,TEN,
TE,Juwan Johnson,,FLEX,4500,,NO,
WR,Wan'Dale Robinson,,FLEX,4500,,TEN,
RB,Keaton Mitchell,,FLEX,4500,,LAC,
RB,Najee Harris,,FLEX,4500,,NYG,
RB,George Holani,,FLEX,4500,,SEA,
WR,Marvin Harrison Jr.,,FLEX,4400,,ARI,
RB,Austin Ekeler,,FLEX,4400,,WAS,
WR,Makai Lemon,,FLEX,4400,,PHI,
TE,Harold Fannin Jr.,,FLEX,4400,,CLE,
RB,Samaje Perine,,FLEX,4400,,CIN,
TE,Isaiah Likely,,FLEX,4300,,NYG,
TE,Jake Ferguson,,FLEX,4300,,DAL,
WR,Malachi Fields,,FLEX,4300,,NYG,
RB,Kimani Vidal,,FLEX,4300,,LAC,
RB,Seth McGowan,,FLEX,4300,,IND,
WR,KC Concepcion Jr.,,FLEX,4200,,CLE,
WR,Brian Thomas Jr.,,FLEX,4200,,JAX,
RB,Isaiah Davis,,FLEX,4200,,NYJ,
RB,Justice Hill,,FLEX,4200,,BAL,
WR,Tre' Harris,,FLEX,4100,,LAC,
WR,Rashod Bateman,,FLEX,4100,,BAL,
WR,Jauan Jennings,,FLEX,4100,,MIN,
TE,Mike Gesicki,,FLEX,4100,,CIN,
RB,Ty Johnson,,FLEX,4100,,BUF,
RB,Jaleel McLaughlin,,FLEX,4100,,CLE,
RB,Chris Brooks,,FLEX,4100,,GB,
TE,Dalton Schultz,,FLEX,4000,,HOU,
WR,Rashid Shaheed,,FLEX,4000,,SEA,
TE,Mark Andrews,,FLEX,4000,,BAL,
WR,Xavier Hutchinson,,FLEX,4000,,HOU,
RB,Ray Davis,,FLEX,4000,,BUF,
RB,Tyrone Tracy Jr.,,FLEX,4000,,NYG,
RB,Phil Mafah,,FLEX,4000,,NYG,
RB,Demond Claiborne,,FLEX,4000,,MIN,
TE,Pat Freiermuth,,FLEX,3900,,PIT,
WR,Kayshon Boutte,,FLEX,3900,,HOU,
WR,Kalif Raymond,,FLEX,3900,,CHI,
TE,Kenyon Sadiq,,FLEX,3800,,NYJ,
WR,Antonio Williams,,FLEX,3800,,WAS,
WR,Ryan Flournoy,,FLEX,3800,,DAL,
WR,Cooper Kupp,,FLEX,3800,,SEA,
TE,Hunter Henry,,FLEX,3700,,NE,
TE,Kyle Pitts Sr.,,FLEX,3700,,ATL,
DST,Cowboys,,DST,3700,,DAL,
WR,Roman Wilson,,FLEX,3700,,PIT,
WR,Jerry Jeudy,,FLEX,3700,,CLE,
TE,Oronde Gadsden II,,FLEX,3600,,LAC,
WR,Chris Bell,,FLEX,3600,,MIA,
WR,Laquon Treadwell,,FLEX,3600,,IND,
WR,Jalen Nailor,,FLEX,3600,,LV,
TE,Brenton Strange,,FLEX,3500,,JAX,
TE,Michael Mayer,,FLEX,3500,,LV,
WR,Dohnte Meyers,,FLEX,3500,,CIN,
WR,DeMario Douglas,,FLEX,3500,,NE,
DST,Bengals,,DST,3500,,CIN,
WR,Calvin Ridley,,FLEX,3500,,TEN,
TE,Cade Otton,,FLEX,3400,,TB,
DST,Texans,,DST,3400,,HOU,
WR,Ted Hurst III,,FLEX,3400,,TB,
WR,Kendrick Bourne,,FLEX,3400,,ARI,
WR,Germie Bernard,,FLEX,3400,,PIT,
WR,Isaac TeSlaa,,FLEX,3400,,DET,
WR,Marvin Mims Jr.,,FLEX,3400,,DEN,
TE,Tyler Higbee,,FLEX,3300,,LAR,
WR,Darius Cooper,,FLEX,3300,,PHI,
DST,Steelers,,DST,3300,,PIT,
DST,Ravens,,DST,3300,,BAL,
WR,Cody White,,FLEX,3300,,LV,
WR,Efton Chism III,,FLEX,3200,,NE,
DST,Broncos,,DST,3200,,DEN,
WR,Troy Franklin,,FLEX,3200,,DEN,
TE,Zach Ertz,,FLEX,3200,,PHI,
TE,AJ Barner,,FLEX,3200,,SEA,
WR,Treylon Burks,,FLEX,3200,,WAS,
DST,Jaguars,,DST,3200,,JAX,
WR,Jahan Dotson,,FLEX,3200,,ATL,
WR,Skyy Moore,,FLEX,3200,,GB,
WR,Jaylin Noel,,FLEX,3200,,HOU,
TE,Greg Dulcich,,FLEX,3100,,MIA,
DST,Rams,,DST,3100,,LAR,
DST,Vikings,,DST,3100,,MIN,
WR,Dyami Brown,,FLEX,3100,,WAS,
WR,Kyle Williams,,FLEX,3100,,NE,
WR,Konata Mumpfield,,FLEX,3100,,LAR,
DST,Patriots,,DST,3000,,NE,
DST,Lions,,DST,3000,,DET,
WR,Travis Hunter,,FLEX,3000,,JAX,
WR,Jordan Watkins,,FLEX,3000,,SF,
WR,Ryan Miller,,FLEX,3000,,MIA,
WR,Elijah Sarratt,,FLEX,3000,,BAL,
WR,Tai Felton,,FLEX,3000,,MIN,
WR,Jalen Tolbert,,FLEX,3000,,MIA,
WR,Elic Ayomanor,,FLEX,3000,,TEN,
WR,Zachariah Branch,,FLEX,3000,,ATL,
WR,Ben Skowronek,,FLEX,3000,,PIT,
WR,KaVontae Turpin,,FLEX,3000,,DAL,
WR,Tory Horton,,FLEX,3000,,SEA,
WR,Jahdae Walker,,FLEX,3000,,CHI,
WR,Devontez Walker,,FLEX,3000,,BAL,
WR,Josh Cameron,,FLEX,3000,,JAX,
TE,Darnell Washington,,FLEX,2900,,PIT,
DST,Commanders,,DST,2900,,WAS,
DST,Bears,,DST,2900,,CHI,
TE,Gunnar Helm,,FLEX,2800,,TEN,
DST,Browns,,DST,2800,,CLE,
DST,Seahawks,,DST,2800,,SEA,
TE,Evan Engram,,FLEX,2800,,DEN,
DST,Jets,,DST,2700,,NYJ,
DST,Packers,,DST,2700,,GB,
TE,Elijah Higgins,,FLEX,2700,,ARI,
TE,Eli Raridon,,FLEX,2700,,NE,
DST,Saints,,DST,2600,,NO,
TE,Theo Johnson,,FLEX,2600,,NYG,
DST,Giants,,DST,2600,,NYG,
TE,Dawson Knox,,FLEX,2600,,BUF,
DST,Colts,,DST,2500,,IND,
DST,Raiders,,DST,2500,,LV,
TE,Mo Alie-Cox,,FLEX,2500,,IND,
TE,Ian Thomas,,FLEX,2500,,LV,
TE,Jeremy Ruckert,,FLEX,2500,,NYJ,
TE,Nate Adkins,,FLEX,2500,,DEN,
TE,Foster Moreau,,FLEX,2500,,HOU,
DST,49ers,,DST,2400,,SF,
DST,Falcons,,DST,2400,,ATL,
DST,Chargers,,DST,2300,,LAC,
DST,Bills,,DST,2300,,BUF,
DST,Eagles,,DST,2200,,PHI,
DST,Cardinals,,DST,2200,,ARI,
DST,Buccaneers,,DST,2100,,TB,
DST,Titans,,DST,2100,,TEN,
DST,Dolphins,,DST,2000,,MIA,
