stadium,city,state,country,lat,lon
AT&T Stadium,Arlington,TX,USA,32.7473,-97.0945
Acrisure Stadium,Pittsburgh,PA,USA,40.4468,-80.0158
Allegiant Stadium,Las Vegas,NV,USA,36.0909,-115.1833
Bank of America Stadium,Charlotte,NC,USA,35.2258,-80.8528
Bernabeu,Madrid,,Spain,40.4531,-3.6883
Caesars Superdome,New Orleans,LA,USA,29.9511,-90.0812
Empower Field at Mile High,Denver,CO,USA,39.7439,-105.0201
Estadio Banorte,Mexico City,,Mexico,19.3029,-99.1505
EverBank Stadium,Jacksonville,FL,USA,30.3239,-81.6373
FC Bayern Munich Stadium,Munich,,Germany,48.2188,11.6247
Ford Field,Detroit,MI,USA,42.3400,-83.0456
GEHA Field at Arrowhead Stadium,Kansas City,MO,USA,39.0489,-94.4839
Gillette Stadium,Foxborough,MA,USA,42.0909,-71.2643
Hard Rock Stadium,Miami Gardens,FL,USA,25.9580,-80.2389
Highmark Stadium,Orchard Park,NY,USA,42.7738,-78.7870
Huntington Bank Field,Cleveland,OH,USA,41.5061,-81.6995
Lambeau Field,Green Bay,WI,USA,44.5013,-88.0622
Levi's Stadium,Santa Clara,CA,USA,37.4030,-121.9700
Lincoln Financial Field,Philadelphia,PA,USA,39.9008,-75.1675
Lucas Oil Stadium,Indianapolis,IN,USA,39.7601,-86.1639
Lumen Field,Seattle,WA,USA,47.5952,-122.3316
M&T Bank Stadium,Baltimore,MD,USA,39.2780,-76.6227
Maracana Stadium,Rio de Janeiro,,Brazil,-22.9121,-43.2302
Melbourne Cricket Ground,Melbourne,VIC,Australia,-37.8200,144.9834
Mercedes-Benz Stadium,Atlanta,GA,USA,33.7554,-84.4008
MetLife Stadium,East Rutherford,NJ,USA,40.8135,-74.0745
Nissan Stadium,Nashville,TN,USA,36.1665,-86.7713
Northwest Stadium,Landover,MD,USA,38.9077,-76.8645
Paycor Stadium,Cincinnati,OH,USA,39.0955,-84.5161
Raymond James Stadium,Tampa,FL,USA,27.9759,-82.5033
Reliant Stadium,Houston,TX,USA,29.6847,-95.4107
SoFi Stadium,Inglewood,CA,USA,33.9535,-118.3392
Soldier Field,Chicago,IL,USA,41.8623,-87.6167
Stade de France,Saint-Denis,,France,48.9245,2.3602
State Farm Stadium,Glendale,AZ,USA,33.5276,-112.2626
Tottenham Hotspur Stadium,London,,England,51.6043,-0.0664
U.S. Bank Stadium,Minneapolis,MN,USA,44.9736,-93.2575
Wembley Stadium,London,,England,51.5560,-0.2795
