BarkSa00,RB
HenrDe00,RB
GibbJa01,RB
JackLa00,QB
ChasJa00,WR
RobiBi01,RB
JacoJo01,RB
AlleJo02,QB
BurrJo01,QB
WillKy02,RB
CookJa01,RB
JeffJu00,WR
MayfBa00,QB
TaylJo02,RB
KittGe00,TE
DaniJa02,QB
AchaDe00,RB
StxxAm00,WR
ThomBr06,WR
BoweBr01,TE
ConnJa00,RB
MixoJo00,RB
McLaTe00,WR
McBrTr01,TE
BrowCh10,RB
LondDr00,WR
HubbCh01,RB
SmitJo01,TE
AndrMa00,TE
IrviBu00,RB
KamaAl00,RB
JoneAa00,RB
GoffJa00,QB
MontDa01,RB
EvanMi00,WR
HallBr03,RB
NabeMa00,WR
NixxBo00,QB
HurtJa00,QB
LambCe00,WR
LaPoSa01,TE
SuttCo00,WR
McCoLa00,WR
KrafTu00,TE
ErtzZa00,TE
AdamDa01,WR
DarnSa00,QB
WillJa11,WR
SwifDA00,RB
SmitJa06,WR
JeudJe00,WR
WilsGa00,WR
HarrNa00,RB
AddiJo00,WR
BrowAJ00,WR
HiggTe00,WR
FreiPa00,TE
MurrKy00,QB
KelcTr00,TE
CollNi00,WR
ReedJa03,WR
DobbJK00,RB
PollTo00,RB
DowdRi01,RB
HillTy00,WR
FlowZa00,WR
HarrMa09,WR
RidlCa00,WR
JennJa00,WR
HerbJu00,QB
SmitDe07,WR
MeyeJa01,WR
MahoPa00,QB
PurdBr00,QB
SmitGe00,QB
RodgAa00,QB
WillCa03,QB
LoveJo03,QB
StroCJ00,QB
StafMa00,QB
YounBr01,QB
TagoTu00,QB
MayeDr00,QB
CousKi00,QB
WilsRu00,QB
RichAn03,QB
CarrDe02,QB
WhitRa01,RB
CharZa00,RB
LawrTr00,QB
TracTy00,RB
StevRh00,RB
RobiBr01,RB
JoneDa05,QB
WalkKe00,RB
HuntKa00,RB
WinsJa00,QB
BateRa00,WR
MoonDa00,WR
NacuPu00,WR
WortXa00,WR
MetcDK00,WR
PierAl00,WR
BigsTa00,RB
JohnQu02,WR
LeviWi00,QB
FielJu00,QB
PresDa01,QB
AlleKe00,WR
DownJo00,WR
RushCo00,QB
KuppCo00,WR
ShakKh00,WR
WillJa10,RB
PickGe00,WR
MasoJo00,RB
WestNi00,WR
SamuDe00,WR
TolbJa00,WR
MattAl01,RB
DaviRa04,RB
FlacJo00,QB
McMiJa01,WR
EkelAu00,RB
FordJe00,RB
PittMi01,WR
JoneMa05,QB
MinsGa00,QB
RudoMa00,QB
AllgTy00,RB
OConAi00,QB
RobiDe01,WR
ThieAd00,WR
WaddJa00,WR
EtieTr00,RB
HopkDe00,WR
MimsMa00,WR
OdunRo00,WR
RobiWa01,WR
DellNa00,WR
LazaAl00,WR
GodwCh00,WR
DoubRo00,WR
WarrJa01,RB
AbduAm00,RB
HillJu00,RB
NjokDa00,TE
WilsEm00,RB
IosiAn00,WR
PittKy00,TE
SpeaTy00,RB
AustCa00,WR
ColeKe02,WR
DougDe00,WR
LikeIs00,TE
OttoCa00,TE
TuckTr00,WR
GibsAn00,RB
LockDr00,QB
AkerCa00,RB
BoutKa00,WR
CoopAm00,WR
GuerIs00,RB
HenrHu00,TE
HillTa00,TE
McClRa00,WR
WilsMi02,WR
GesiMi00,TE
WatsDe00,QB
LegeXa00,WR
SingDe00,RB
WatsCh00,WR
DiggSt00,WR
NailJa00,WR
JohnTy02,RB
GrayNo00,TE
JohnJu02,TE
KmetCo00,TE
McLaJa00,RB
TurpKa00,WR
LockTy00,WR
WickDo00,WR
ConkTy00,TE
MoreFo00,TE
SlayDa01,WR
HollMa00,WR
PalmJo00,WR
RattSp00,QB
ZaccOl01,WR
AlleBr05,RB
ValdMa00,WR
VeleDe00,WR
SchuDa00,TE
WashPa01,WR
HoopAu00,TE
PearRi00,WR
GoedDa00,TE
OkonCh00,TE
CokeJa01,WR
EdwaGu00,RB
HuntTy01,QB
JohnRo07,RB
DissWi00,TE
MoorEl00,WR
ShahRa00,WR
TuckSe00,RB
DaltAn00,QB
MossZa00,RB
PatrTi00,WR
ChubNi00,RB
AtweTu00,WR
KincDa00,TE
FantNo00,TE
JohnDi01,WR
McNiJe00,RB
DortGr01,WR
MoorDa03,WR
PeriSa00,RB
SandMi01,RB
MostRa00,RB
WillMa12,QB
AkinJo00,TE
BrowNo00,WR
StraBr00,TE
TillCe01,WR
BarnAJ00,TE
ShepSt00,WR
GainKe00,RB
ElliEz00,RB
HockTJ00,TE
MariMa01,QB
BrisJa00,QB
FergJa00,TE
OlavCh00,WR
PachIs00,RB
CookBr00,WR
EstiAu00,RB
KirkCh01,WR
OlivJo00,TE
PeniMi00,QB
EngrEv00,TE
PierDa01,RB
BensTr01,RB
RiceRa01,WR
WatsJu01,WR
JeffVa00,WR
RaymKa00,WR
SandJa01,TE
BoydTy00,WR
DemeEm00,RB
FranTr00,WR
JohnTh00,TE
JuszKy00,FB
SermTr00,RB
AiyuBr00,WR
BourKe00,WR
BrowDy00,WR
DaviIs00,RB
KnoxDa00,TE
OgunDa00,RB
CalcGr00,TE
WillMi07,WR
AghoNe00,WR
JohnTy00,WR
ParkCo02,TE
SmitJu00,WR
DaviGa01,WR
GoodTy00,RB
HumpLi01,WR
McCaCh01,RB
SamuCu00,WR
TremTo00,TE
WhylJo01,TE
VannNi00,TE
BrooCh00,RB
DobbJo00,QB
MetcJo00,WR
MitcAd00,WR
RodrCh00,RB
TrauAd00,TE
TurnDJ00,WR
WhitJo04,WR
AdkiNa00,TE
HaskHa00,RB
SchoLu00,TE
WilsCe01,WR
HiggEl00,TE
McKeTa01,QB
WashMa00,WR
VidaKi00,RB
WillJa06,RB
CoruBl00,RB
DaviDe02,WR
ForeDO00,RB
TaylPa01,RB
MundJo00,TE
PattCo00,RB
WashDa03,TE
CartMi03,RB
HodgKh00,WR
MillRy01,WR
PickKe00,QB
ReynJo00,WR
WallTy00,WR
BrooJa03,WR
DurhPa00,TE
JohnDE04,RB
MillKe01,RB
WrigJa04,RB
DotsJa00,WR
PalmTr00,WR
WhitZa01,RB
ChanTy01,RB
HeatMa00,WR
HerbKh00,RB
RiddDe00,QB
WrigBr01,TE
AlieMo00,TE
HardMe00,WR
McCoSi00,RB
PolkJa00,WR
StroPi00,RB
GaroJi00,QB
HudsTa00,TE
PettDa00,WR
TaylTy00,QB
BurtMi00,FB
HastJa02,RB
HigbTy00,TE
KolaCh00,TE
McInKe00,RB
MiltJo00,QB
SmarSt00,TE
StovCa00,TE
DallDe00,RB
GranKy00,TE
MeanBu00,WR
ReynCr00,RB
WoodRo02,WR
BoboJa00,WR
CrowJa00,WR
DuliAs00,WR
McCaLu00,WR
OgleAn00,TE
SampDr00,TE
SteeCa00,RB
AllxEr00,TE
AustKe00,WR
MayeMi00,TE
SaubEr00,TE
ThomDo02,QB
IngoAl01,FB
KrulLu00,TE
LuepHu00,RB
MeltBo00,WR
MingJo00,WR
TrubMi00,QB
BoylTi00,QB
MimsJo00,RB
RicaPa00,FB
SherTr00,WR
BellDa00,TE
DeViTo00,QB
HaenJa00,QB
LancTr00,QB
RiveRo01,RB
ShavTy00,WR
HutcXa00,WR
JarrRa00,WR
JoneTo04,RB
OsboKJ00,WR
ShipWi00,RB
BurtJe01,WR
ChesJu00,RB
FehoSi00,WR
MartTa00,WR
RuckJe00,TE
SmitAi00,WR
WhitBl01,TE
YeboKe00,TE
HeywCo00,TE
HillJu02,TE
MillDa02,QB
MorrQu00,TE
OlivBr02,WR
PruiMy00,TE
TiptMa00,WR
WilsJo03,WR
BrowMa04,WR
BryaHa00,TE
CampPa00,WR
CharDJ00,WR
CulpDe00,TE
ManhCh00,TE
SinnBe00,TE
SpanBr00,TE
VaugDe00,RB
BlacRa00,RB
ConlCh00,WR
DuveDe00,WR
FlouRy00,WR
GipsXa00,WR
JoneZa00,WR
ReagJa00,WR
ThomSk00,QB
WalkDe01,WR
WilkKr00,WR
WilsJe01,RB
CowiJa00,WR
CracRi00,WR
EdwaCl00,RB
FarrLu00,TE
GrayEr01,RB
HursHa00,TE
JenkEJ00,TE
MillSc01,WR
PoweBr00,WR
SkowBe00,WR
WoodMi00,WR
ZappBa00,QB
AlleBr00,QB
BadiTy00,RB
BateJo00,TE
BeckOd00,WR
HyatJa00,WR
LongHu00,TE
MitcKe01,RB
NwanKe00,RB
ShenLa00,WR
SmitIh00,WR
BoonMi00,RB
BrooJo02,RB
BrowPh01,TE
CartDe02,WR
HendPe01,TE
JoneCh11,WR
MusgLu00,TE
RemiNi00,WR
SmytDu00,TE
ThorTy00,WR
VakiSi00,RB
WentCa00,QB
WoerCh00,TE
AlleDa02,TE
BurkTr00,WR
ChisDa00,WR
EskrDW00,WR
EverGe00,TE
FiskTu00,TE
JoneTi00,WR
KiboJa00,RB
MarsTe00,WR
ReimTi00,TE
SimsBe00,TE
SmitXa00,WR
TaylJJ01,RB
WhitCo05,WR
AlixRa00,RB
BachAl00,WR
BellDa02,WR
CookDa01,RB
CoveBr00,WR
DulcGr00,TE
GranCa00,TE
HeinTa00,QB
HomeTr00,RB
HookHe00,QB
JeffJe00,RB
JennTe00,RB
MallWi00,TE
McClJa05,RB
RobiAl02,WR
ThomDe07,WR
BellJa00,TE
BellRo01,WR
BlaiCh00,WR
ConnTa00,TE
CorlMa00,WR
GoulAn00,WR
HolkDa00,TE
IrwiTr00,WR
KinsMa00,WR
LloyMa00,RB
MillAn02,WR
ShamAa00,RB
ThraJa01,WR
TramAu00,WR
WardJo00,RB
WatsBl00,RB
ZylsSh00,TE
AlleKy00,QB
AndeRo04,WR
BakeJa00,WR
CollCh01,RB
DardJa00,WR
DaviTy03,RB
DaviZa00,TE
DeguJo00,TE
DuboGr00,WR
DwelRo00,TE
FortJo01,TE
FranFe00,TE
GaskMy00,RB
GillRe00,FB
HodgIs00,WR
HolaGe00,RB
JohnBr23,WR
JohnCo01,WR
JohnJo05,QB
JohnKa01,WR
JordBr00,TE
KeytRa00,WR
MartDa01,TE
McAlTy00,WR
MullNi00,QB
OladCh00,QB
PryoKe00,WR
RossJo00,WR
SchrCo00,RB
ScotTy00,WR
ShenJo00,TE
StidJa00,QB
StolJa00,TE
SwaiGe00,TE
TaylTr02,WR
ThomIa00,TE
TomlEr01,TE
WashCa01,WR
WhitMi01,QB
WileJa00,TE
WillIs03,WR
AlexMa02,WR
BageTy00,QB
BateBr00,TE
BeckAn01,TE
BerrBr00,WR
BlasKh00,RB
BrigGa00,RB
BrooBr01,RB
BrowJa08,QB
CallMa01,WR
CephJo00,WR
CharIr00,WR
CookEl00,WR
CuppBa00,TE
DaviKa02,WR
DrisJe00,QB
EricAl01,WR
EvanDa02,RB
EzukEr00,WR
FantPr00,TE
FirkAn00,TE
FitzDe00,WR
FitzJo00,TE
FordBr00,WR
HairTr00,FB
HarrDe07,WR
HessPa00,TE
HullEv00,RB
IngrKe01,RB
JackJe01,WR
JackTr02,WR
JohnJa07,WR
JohnJa12,FB
JoneVe00,WR
KaliNi00,TE
KellJo00,RB
KellJo01,RB
KennTo01,WR
KiefKo00,TE
KuntZa00,TE
LewiMa00,TE
MabrTy00,TE
MattJo00,TE
McLaTa00,TE
MillDa04,RB
MiltKe01,RB
MitcJa00,TE
MoorCh00,WR
MoorSk01,WR
MoreJa01,WR
MuseNi00,TE
OdukTh00,TE
PascZa00,WR
PattJa01,RB
PrenAd00,FB
ProcJa00,WR
QuitTe00,TE
RiceBr00,WR
RobiKe03,RB
RossJu00,WR
RussBr00,TE
ShorJu00,TE
SmitBr07,WR
SmitIr01,TE
SullSt00,TE
ThomCo04,WR
TongJa00,TE
TonyRo00,TE
TrasKy00,QB
TreaLa00,WR
TremBr00,WR
VaugKe00,RB
VirgJa00,WR
VokoTr00,TE
WashCa00,RB
WashMo00,WR
WaynJa01,WR
WeavXa00,WR
WestJa01,TE
WilcMi01,TE
WillAv02,RB
WillBr06,TE
WillDJ00,RB
WillRo08,TE
WillTr06,RB
WilsRo02,WR
YankCo00,TE
YounDa02,WR
HoweSa00,QB
LaubDy00,RB
SimsSt00,WR
ToneKa00,WR
TuneCl00,QB
JackJh00,WR
