ts,league,away,home,commence,market,point,p,n_books
2026-10-08T02:14Z,nfl,TB,DAL,2026-10-09T00:15:00Z,moneyline,,0.7922,5
2026-10-08T02:14Z,nfl,TB,DAL,2026-10-09T00:15:00Z,spread,-8.5,0.4987,5
2026-10-08T02:14Z,nfl,TB,DAL,2026-10-09T00:15:00Z,total,48.0,0.4978,5
2026-10-08T02:14Z,nfl,PHI,JAX,2026-10-11T13:30:00Z,moneyline,,0.7593,5
2026-10-08T02:14Z,nfl,PHI,JAX,2026-10-11T13:30:00Z,spread,-7.5,0.5,5
2026-10-08T02:14Z,nfl,PHI,JAX,2026-10-11T13:30:00Z,total,41.5,0.4974,5
2026-10-08T02:14Z,nfl,CHI,GB,2026-10-11T17:00:00Z,moneyline,,0.4472,5
2026-10-08T02:14Z,nfl,CHI,GB,2026-10-11T17:00:00Z,spread,2.5,0.5011,5
2026-10-08T02:14Z,nfl,CHI,GB,2026-10-11T17:00:00Z,total,45.5,0.4989,5
2026-10-08T02:14Z,nfl,CIN,MIA,2026-10-11T17:00:00Z,moneyline,,0.2705,5
2026-10-08T02:14Z,nfl,CIN,MIA,2026-10-11T17:00:00Z,spread,6.5,0.4971,5
2026-10-08T02:14Z,nfl,CIN,MIA,2026-10-11T17:00:00Z,total,42.5,0.4998,5
2026-10-08T02:14Z,nfl,CLE,NYJ,2026-10-11T17:00:00Z,moneyline,,0.5381,5
2026-10-08T02:14Z,nfl,CLE,NYJ,2026-10-11T17:00:00Z,spread,-1.5,0.5061,5
2026-10-08T02:14Z,nfl,CLE,NYJ,2026-10-11T17:00:00Z,total,40.0,0.4959,5
2026-10-08T02:14Z,nfl,HOU,TEN,2026-10-11T17:00:00Z,moneyline,,0.241,5
2026-10-08T02:14Z,nfl,HOU,TEN,2026-10-11T17:00:00Z,spread,7.5,0.5062,5
2026-10-08T02:14Z,nfl,HOU,TEN,2026-10-11T17:00:00Z,total,37.5,0.5017,5
2026-10-08T02:14Z,nfl,IND,PIT,2026-10-11T17:00:00Z,moneyline,,0.5595,5
2026-10-08T02:14Z,nfl,IND,PIT,2026-10-11T17:00:00Z,spread,-2.5,0.4967,5
2026-10-08T02:14Z,nfl,IND,PIT,2026-10-11T17:00:00Z,total,44.5,0.4968,5
2026-10-08T02:14Z,nfl,LV,NE,2026-10-11T17:00:00Z,moneyline,,0.6334,5
2026-10-08T02:14Z,nfl,LV,NE,2026-10-11T17:00:00Z,spread,-3.5,0.5024,5
2026-10-08T02:14Z,nfl,LV,NE,2026-10-11T17:00:00Z,total,45.0,0.498,5
2026-10-08T02:14Z,nfl,MIN,NO,2026-10-11T17:00:00Z,moneyline,,0.4542,5
2026-10-08T02:14Z,nfl,MIN,NO,2026-10-11T17:00:00Z,spread,2.0,0.4959,5
2026-10-08T02:14Z,nfl,MIN,NO,2026-10-11T17:00:00Z,total,42.0,0.5009,5
2026-10-08T02:14Z,nfl,NYG,WSH,2026-10-11T17:00:00Z,moneyline,,0.6245,5
2026-10-08T02:14Z,nfl,NYG,WSH,2026-10-11T17:00:00Z,spread,-3.5,0.5036,5
2026-10-08T02:14Z,nfl,NYG,WSH,2026-10-11T17:00:00Z,total,42.5,0.5002,5
2026-10-08T02:14Z,nfl,DEN,LAC,2026-10-11T20:05:00Z,moneyline,,0.3802,5
2026-10-08T02:14Z,nfl,DEN,LAC,2026-10-11T20:05:00Z,spread,3.5,0.5108,5
2026-10-08T02:14Z,nfl,DEN,LAC,2026-10-11T20:05:00Z,total,42.5,0.4938,5
2026-10-08T02:14Z,nfl,DET,ARI,2026-10-11T20:25:00Z,moneyline,,0.3187,5
2026-10-08T02:14Z,nfl,DET,ARI,2026-10-11T20:25:00Z,spread,5.5,0.5019,5
2026-10-08T02:14Z,nfl,DET,ARI,2026-10-11T20:25:00Z,total,54.5,0.5046,5
2026-10-08T02:14Z,nfl,SF,SEA,2026-10-11T20:25:00Z,moneyline,,0.5933,5
2026-10-08T02:14Z,nfl,SF,SEA,2026-10-11T20:25:00Z,spread,-3.0,0.5076,5
2026-10-08T02:14Z,nfl,SF,SEA,2026-10-11T20:25:00Z,total,46.0,0.5054,5
2026-10-08T02:14Z,nfl,BAL,ATL,2026-10-12T00:20:00Z,moneyline,,0.6088,5
2026-10-08T02:14Z,nfl,BAL,ATL,2026-10-12T00:20:00Z,spread,-3.5,0.491,5
2026-10-08T02:14Z,nfl,BAL,ATL,2026-10-12T00:20:00Z,total,43.5,0.5034,5
2026-10-08T02:14Z,nfl,BUF,LAR,2026-10-13T00:15:00Z,moneyline,,0.5896,5
2026-10-08T02:14Z,nfl,BUF,LAR,2026-10-13T00:15:00Z,spread,-3.0,0.4989,5
2026-10-08T02:14Z,nfl,BUF,LAR,2026-10-13T00:15:00Z,total,54.5,0.5067,5
2026-10-08T02:14Z,nfl,SEA,DEN,2026-10-16T00:15:00Z,moneyline,,0.4503,3
2026-10-08T02:14Z,nfl,SEA,DEN,2026-10-16T00:15:00Z,spread,2.5,0.5011,3
2026-10-08T02:14Z,nfl,SEA,DEN,2026-10-16T00:15:00Z,total,42.5,0.4946,3
2026-10-08T02:14Z,nfl,HOU,JAX,2026-10-18T13:30:00Z,moneyline,,0.5974,3
2026-10-08T02:14Z,nfl,HOU,JAX,2026-10-18T13:30:00Z,spread,-3.0,0.5058,3
2026-10-08T02:14Z,nfl,HOU,JAX,2026-10-18T13:30:00Z,total,42.5,0.5,3
2026-10-08T02:14Z,nfl,CHI,ATL,2026-10-18T17:00:00Z,moneyline,,0.4634,3
2026-10-08T02:14Z,nfl,CHI,ATL,2026-10-18T17:00:00Z,spread,1.5,0.4964,3
2026-10-08T02:14Z,nfl,CHI,ATL,2026-10-18T17:00:00Z,total,47.5,0.5,3
2026-10-08T02:14Z,nfl,BAL,CLE,2026-10-18T17:00:00Z,moneyline,,0.4037,3
2026-10-08T02:14Z,nfl,BAL,CLE,2026-10-18T17:00:00Z,spread,2.5,0.4874,3
2026-10-08T02:14Z,nfl,BAL,CLE,2026-10-18T17:00:00Z,total,40.5,0.5029,3
2026-10-08T02:14Z,nfl,Carolina Panthers,PHI,2026-10-18T17:00:00Z,moneyline,,0.5401,3
2026-10-08T02:14Z,nfl,Carolina Panthers,PHI,2026-10-18T17:00:00Z,spread,-2.0,0.5,3
2026-10-08T02:14Z,nfl,Carolina Panthers,PHI,2026-10-18T17:00:00Z,total,42.5,0.5065,3
2026-10-08T02:14Z,nfl,TEN,IND,2026-10-18T17:00:00Z,moneyline,,0.7245,3
2026-10-08T02:14Z,nfl,TEN,IND,2026-10-18T17:00:00Z,spread,-6.5,0.5032,3
2026-10-08T02:14Z,nfl,TEN,IND,2026-10-18T17:00:00Z,total,43.5,0.4989,3
2026-10-08T02:14Z,nfl,NYJ,NE,2026-10-18T17:00:00Z,moneyline,,0.7353,3
2026-10-08T02:14Z,nfl,NYJ,NE,2026-10-18T17:00:00Z,spread,-7.0,0.4895,3
2026-10-08T02:14Z,nfl,NYJ,NE,2026-10-18T17:00:00Z,total,43.5,0.4989,3
2026-10-08T02:14Z,nfl,NO,NYG,2026-10-18T17:00:00Z,moneyline,,0.4826,3
2026-10-08T02:14Z,nfl,NO,NYG,2026-10-18T17:00:00Z,spread,1.5,0.5072,3
2026-10-08T02:14Z,nfl,NO,NYG,2026-10-18T17:00:00Z,total,44.5,0.5018,3
2026-10-08T02:14Z,nfl,PIT,TB,2026-10-18T17:00:00Z,moneyline,,0.4288,3
2026-10-08T02:14Z,nfl,PIT,TB,2026-10-18T17:00:00Z,spread,2.5,0.504,3
2026-10-08T02:14Z,nfl,PIT,TB,2026-10-18T17:00:00Z,total,39.0,0.5011,3
2026-10-08T02:14Z,nfl,ARI,LAR,2026-10-18T20:05:00Z,moneyline,,0.8337,3
2026-10-08T02:14Z,nfl,ARI,LAR,2026-10-18T20:05:00Z,spread,-10.5,0.4964,3
2026-10-08T02:14Z,nfl,ARI,LAR,2026-10-18T20:05:00Z,total,50.5,0.4964,3
2026-10-08T02:14Z,nfl,BUF,LV,2026-10-18T20:25:00Z,moneyline,,0.3246,3
2026-10-08T02:14Z,nfl,BUF,LV,2026-10-18T20:25:00Z,spread,4.5,0.4918,3
2026-10-08T02:14Z,nfl,BUF,LV,2026-10-18T20:25:00Z,total,51.5,0.4975,3
2026-10-08T02:14Z,nfl,LAC,Kansas City Chiefs,2026-10-18T20:25:00Z,moneyline,,0.7719,3
2026-10-08T02:14Z,nfl,LAC,Kansas City Chiefs,2026-10-18T20:25:00Z,spread,-7.5,0.4986,3
2026-10-08T02:14Z,nfl,LAC,Kansas City Chiefs,2026-10-18T20:25:00Z,total,45.5,0.5011,3
2026-10-08T02:14Z,nfl,DAL,GB,2026-10-19T00:20:00Z,moneyline,,0.4459,3
2026-10-08T02:14Z,nfl,DAL,GB,2026-10-19T00:20:00Z,spread,2.0,0.4975,3
2026-10-08T02:14Z,nfl,DAL,GB,2026-10-19T00:20:00Z,total,50.5,0.5047,3
2026-10-08T02:14Z,nfl,WSH,SF,2026-10-20T00:15:00Z,moneyline,,0.7698,3
2026-10-08T02:14Z,nfl,WSH,SF,2026-10-20T00:15:00Z,spread,-7.5,0.5018,3
2026-10-08T02:14Z,nfl,WSH,SF,2026-10-20T00:15:00Z,total,50.5,0.4953,3
2026-10-08T02:14Z,cfb,JXST,KENN,2026-10-07T23:05:00Z,moneyline,,0.3848,4
2026-10-08T02:14Z,cfb,JXST,KENN,2026-10-07T23:05:00Z,spread,0.0,0.5345,4
2026-10-08T02:14Z,cfb,JXST,KENN,2026-10-07T23:05:00Z,total,52.5,0.52,4
2026-10-08T02:14Z,cfb,NMSU,FIU,2026-10-08T00:13:00Z,moneyline,,0.939,4
2026-10-08T02:14Z,cfb,NMSU,FIU,2026-10-08T00:13:00Z,spread,-15.5,0.4952,4
2026-10-08T02:14Z,cfb,NMSU,FIU,2026-10-08T00:13:00Z,total,34.5,0.4965,4
2026-10-08T02:14Z,cfb,Sam Houston State Bearkats,LIB,2026-10-08T23:00:00Z,moneyline,,0.8104,5
2026-10-08T02:14Z,cfb,Sam Houston State Bearkats,LIB,2026-10-08T23:00:00Z,spread,-13.5,0.4972,5
2026-10-08T02:14Z,cfb,Sam Houston State Bearkats,LIB,2026-10-08T23:00:00Z,total,52.5,0.4995,5
2026-10-08T02:14Z,cfb,MOST,WKU,2026-10-08T23:00:00Z,moneyline,,0.5205,5
2026-10-08T02:14Z,cfb,MOST,WKU,2026-10-08T23:00:00Z,spread,-1.5,0.5013,5
2026-10-08T02:14Z,cfb,MOST,WKU,2026-10-08T23:00:00Z,total,56.5,0.502,5
2026-10-08T02:14Z,cfb,USA,ARST,2026-10-08T23:30:00Z,moneyline,,0.5583,5
2026-10-08T02:14Z,cfb,USA,ARST,2026-10-08T23:30:00Z,spread,-2.5,0.4989,5
2026-10-08T02:14Z,cfb,USA,ARST,2026-10-08T23:30:00Z,total,59.5,0.5019,5
2026-10-08T02:14Z,cfb,USF,UTSA,2026-10-08T23:30:00Z,moneyline,,0.7011,5
2026-10-08T02:14Z,cfb,USF,UTSA,2026-10-08T23:30:00Z,spread,-7.0,0.4883,5
2026-10-08T02:14Z,cfb,USF,UTSA,2026-10-08T23:30:00Z,total,49.5,0.5009,5
2026-10-08T02:14Z,cfb,FSU,LOU,2026-10-09T23:00:00Z,moneyline,,0.6161,5
2026-10-08T02:14Z,cfb,FSU,LOU,2026-10-09T23:00:00Z,spread,-3.5,0.5046,5
2026-10-08T02:14Z,cfb,FSU,LOU,2026-10-09T23:00:00Z,total,59.5,0.492,5
2026-10-08T02:14Z,cfb,IOWA,WASH,2026-10-10T01:00:00Z,moneyline,,0.5951,5
2026-10-08T02:14Z,cfb,IOWA,WASH,2026-10-10T01:00:00Z,spread,-3.5,0.489,5
2026-10-08T02:14Z,cfb,IOWA,WASH,2026-10-10T01:00:00Z,total,41.5,0.5007,5
2026-10-08T02:14Z,cfb,WYO,San Jose State Spartans,2026-10-10T01:00:00Z,moneyline,,0.6689,5
2026-10-08T02:14Z,cfb,WYO,San Jose State Spartans,2026-10-10T01:00:00Z,spread,-6.0,0.5086,5
2026-10-08T02:14Z,cfb,WYO,San Jose State Spartans,2026-10-10T01:00:00Z,total,42.5,0.504,5
2026-10-08T02:14Z,cfb,WSU,USU,2026-10-10T01:00:00Z,moneyline,,0.6461,5
2026-10-08T02:14Z,cfb,WSU,USU,2026-10-10T01:00:00Z,spread,-5.5,0.5019,5
2026-10-08T02:14Z,cfb,WSU,USU,2026-10-10T01:00:00Z,total,43.5,0.4989,5
2026-10-08T02:14Z,cfb,ISU,BYU,2026-10-10T02:15:00Z,moneyline,,0.7791,5
2026-10-08T02:14Z,cfb,ISU,BYU,2026-10-10T02:15:00Z,spread,-10.0,0.5069,5
2026-10-08T02:14Z,cfb,ISU,BYU,2026-10-10T02:15:00Z,total,46.5,0.4948,5
2026-10-08T02:14Z,cfb,ARIZ,WVU,2026-10-10T16:00:00Z,moneyline,,0.4066,5
2026-10-08T02:14Z,cfb,ARIZ,WVU,2026-10-10T16:00:00Z,spread,3.0,0.505,5
2026-10-08T02:14Z,cfb,ARIZ,WVU,2026-10-10T16:00:00Z,total,61.5,0.4985,5
2026-10-08T02:14Z,cfb,TULN,ARMY,2026-10-10T16:00:00Z,moneyline,,0.5979,5
2026-10-08T02:14Z,cfb,TULN,ARMY,2026-10-10T16:00:00Z,spread,-3.5,0.497,5
2026-10-08T02:14Z,cfb,TULN,ARMY,2026-10-10T16:00:00Z,total,48.5,0.4963,5
2026-10-08T02:14Z,cfb,SAC,BGSU,2026-10-10T16:00:00Z,moneyline,,0.7216,5
2026-10-08T02:14Z,cfb,SAC,BGSU,2026-10-10T16:00:00Z,spread,-7.5,0.4983,5
2026-10-08T02:14Z,cfb,SAC,BGSU,2026-10-10T16:00:00Z,total,44.5,0.4985,5
2026-10-08T02:14Z,cfb,IU,NEB,2026-10-10T16:00:00Z,moneyline,,0.2732,5
2026-10-08T02:14Z,cfb,IU,NEB,2026-10-10T16:00:00Z,spread,7.5,0.5026,5
2026-10-08T02:14Z,cfb,IU,NEB,2026-10-10T16:00:00Z,total,48.5,0.5052,5
2026-10-08T02:14Z,cfb,TA&M,MIZ,2026-10-10T16:00:00Z,moneyline,,0.6013,5
2026-10-08T02:14Z,cfb,TA&M,MIZ,2026-10-10T16:00:00Z,spread,-3.5,0.4919,5
2026-10-08T02:14Z,cfb,TA&M,MIZ,2026-10-10T16:00:00Z,total,48.5,0.4907,5
2026-10-08T02:14Z,cfb,WAKE,NCSU,2026-10-10T16:00:00Z,moneyline,,0.3914,5
2026-10-08T02:14Z,cfb,WAKE,NCSU,2026-10-10T16:00:00Z,spread,3.5,0.5106,5
2026-10-08T02:14Z,cfb,WAKE,NCSU,2026-10-10T16:00:00Z,total,59.5,0.4972,5
2026-10-08T02:14Z,cfb,UNC,PITT,2026-10-10T16:00:00Z,moneyline,,0.6149,5
2026-10-08T02:14Z,cfb,UNC,PITT,2026-10-10T16:00:00Z,spread,-3.5,0.5053,5
2026-10-08T02:14Z,cfb,UNC,PITT,2026-10-10T16:00:00Z,total,47.5,0.49,5
2026-10-08T02:14Z,cfb,UCF,OKST,2026-10-10T16:00:00Z,moneyline,,0.777,5
2026-10-08T02:14Z,cfb,UCF,OKST,2026-10-10T16:00:00Z,spread,-10.5,0.4966,5
2026-10-08T02:14Z,cfb,UCF,OKST,2026-10-10T16:00:00Z,total,53.5,0.505,5
2026-10-08T02:14Z,cfb,BALL,NU,2026-10-10T16:30:00Z,spread,-37.0,0.5054,5
2026-10-08T02:14Z,cfb,BALL,NU,2026-10-10T16:30:00Z,total,52.5,0.495,5
2026-10-08T02:14Z,cfb,SC,FLA,2026-10-10T16:45:00Z,moneyline,,0.7957,5
2026-10-08T02:14Z,cfb,SC,FLA,2026-10-10T16:45:00Z,spread,-11.5,0.5013,5
2026-10-08T02:14Z,cfb,SC,FLA,2026-10-10T16:45:00Z,total,60.5,0.4976,5
2026-10-08T02:14Z,cfb,ODU,Appalachian State Mountaineers,2026-10-10T17:00:00Z,moneyline,,0.7539,5
2026-10-08T02:14Z,cfb,ODU,Appalachian State Mountaineers,2026-10-10T17:00:00Z,spread,-9.5,0.505,5
2026-10-08T02:14Z,cfb,ODU,Appalachian State Mountaineers,2026-10-10T17:00:00Z,total,50.5,0.4922,5
2026-10-08T02:14Z,cfb,M-OH,UMass Minutemen,2026-10-10T18:00:00Z,moneyline,,0.4589,5
2026-10-08T02:14Z,cfb,M-OH,UMass Minutemen,2026-10-10T18:00:00Z,spread,2.5,0.507,5
2026-10-08T02:14Z,cfb,M-OH,UMass Minutemen,2026-10-10T18:00:00Z,total,47.5,0.4976,5
2026-10-08T02:14Z,cfb,EMU,AKR,2026-10-10T19:30:00Z,moneyline,,0.2998,5
2026-10-08T02:14Z,cfb,EMU,AKR,2026-10-10T19:30:00Z,spread,7.0,0.4967,5
2026-10-08T02:14Z,cfb,EMU,AKR,2026-10-10T19:30:00Z,total,51.5,0.4981,5
2026-10-08T02:14Z,cfb,BUFF,TOL,2026-10-10T19:30:00Z,moneyline,,0.9144,5
2026-10-08T02:14Z,cfb,BUFF,TOL,2026-10-10T19:30:00Z,spread,-20.5,0.5042,5
2026-10-08T02:14Z,cfb,BUFF,TOL,2026-10-10T19:30:00Z,total,54.5,0.5095,5
2026-10-08T02:14Z,cfb,VT,CAL,2026-10-10T19:30:00Z,moneyline,,0.2445,5
2026-10-08T02:14Z,cfb,VT,CAL,2026-10-10T19:30:00Z,spread,10.0,0.5078,5
2026-10-08T02:14Z,cfb,VT,CAL,2026-10-10T19:30:00Z,total,53.5,0.5011,5
2026-10-08T02:14Z,cfb,CMU,OHIO,2026-10-10T19:30:00Z,moneyline,,0.5701,5
2026-10-08T02:14Z,cfb,CMU,OHIO,2026-10-10T19:30:00Z,spread,-3.0,0.5063,5
2026-10-08T02:14Z,cfb,CMU,OHIO,2026-10-10T19:30:00Z,total,46.5,0.5017,5
2026-10-08T02:14Z,cfb,CLT,UNT,2026-10-10T19:30:00Z,moneyline,,0.9541,4
2026-10-08T02:14Z,cfb,CLT,UNT,2026-10-10T19:30:00Z,spread,-28.5,0.4982,5
2026-10-08T02:14Z,cfb,CLT,UNT,2026-10-10T19:30:00Z,total,57.5,0.5041,5
2026-10-08T02:14Z,cfb,DUKE,GT,2026-10-10T19:30:00Z,moneyline,,0.3052,5
2026-10-08T02:14Z,cfb,DUKE,GT,2026-10-10T19:30:00Z,spread,6.5,0.4842,5
2026-10-08T02:14Z,cfb,DUKE,GT,2026-10-10T19:30:00Z,total,44.5,0.4906,5
2026-10-08T02:14Z,cfb,HOU,KSU,2026-10-10T19:30:00Z,moneyline,,0.5545,5
2026-10-08T02:14Z,cfb,HOU,KSU,2026-10-10T19:30:00Z,spread,-2.5,0.5043,5
2026-10-08T02:14Z,cfb,HOU,KSU,2026-10-10T19:30:00Z,total,55.5,0.4881,5
2026-10-08T02:14Z,cfb,ILL,MSU,2026-10-10T19:30:00Z,moneyline,,0.4466,5
2026-10-08T02:14Z,cfb,ILL,MSU,2026-10-10T19:30:00Z,spread,2.5,0.492,5
2026-10-08T02:14Z,cfb,ILL,MSU,2026-10-10T19:30:00Z,total,47.5,0.4994,5
2026-10-08T02:14Z,cfb,KENT,WMU,2026-10-10T19:30:00Z,moneyline,,0.8275,5
2026-10-08T02:14Z,cfb,KENT,WMU,2026-10-10T19:30:00Z,spread,-13.5,0.5072,5
2026-10-08T02:14Z,cfb,KENT,WMU,2026-10-10T19:30:00Z,total,43.5,0.5021,5
2026-10-08T02:14Z,cfb,TLSA,NAVY,2026-10-10T19:30:00Z,moneyline,,0.5544,5
2026-10-08T02:14Z,cfb,TLSA,NAVY,2026-10-10T19:30:00Z,spread,-2.5,0.503,5
2026-10-08T02:14Z,cfb,TLSA,NAVY,2026-10-10T19:30:00Z,total,48.5,0.4996,5
2026-10-08T02:14Z,cfb,STAN,ND,2026-10-10T19:30:00Z,spread,-38.5,0.505,5
2026-10-08T02:14Z,cfb,STAN,ND,2026-10-10T19:30:00Z,total,54.5,0.5035,5
2026-10-08T02:14Z,cfb,TEX,OU,2026-10-10T19:30:00Z,moneyline,,0.2662,5
2026-10-08T02:14Z,cfb,TEX,OU,2026-10-10T19:30:00Z,spread,7.5,0.5004,5
2026-10-08T02:14Z,cfb,TEX,OU,2026-10-10T19:30:00Z,total,39.0,0.5022,5
2026-10-08T02:14Z,cfb,MISS,VAN,2026-10-10T19:30:00Z,moneyline,,0.2491,5
2026-10-08T02:14Z,cfb,MISS,VAN,2026-10-10T19:30:00Z,spread,9.5,0.5043,5
2026-10-08T02:14Z,cfb,MISS,VAN,2026-10-10T19:30:00Z,total,56.5,0.4988,5
2026-10-08T02:14Z,cfb,UCLA,ORE,2026-10-10T19:30:00Z,moneyline,,0.7808,5
2026-10-08T02:14Z,cfb,UCLA,ORE,2026-10-10T19:30:00Z,spread,-11.5,0.4983,5
2026-10-08T02:14Z,cfb,UCLA,ORE,2026-10-10T19:30:00Z,total,58.5,0.4994,5
2026-10-08T02:14Z,cfb,CONN,TEM,2026-10-10T19:45:00Z,moneyline,,0.6152,5
2026-10-08T02:14Z,cfb,CONN,TEM,2026-10-10T19:45:00Z,spread,-3.5,0.5004,5
2026-10-08T02:14Z,cfb,CONN,TEM,2026-10-10T19:45:00Z,total,54.5,0.5058,5
2026-10-08T02:14Z,cfb,RICE,ECU,2026-10-10T20:00:00Z,moneyline,,0.7617,5
2026-10-08T02:14Z,cfb,RICE,ECU,2026-10-10T20:00:00Z,spread,-10.0,0.5028,5
2026-10-08T02:14Z,cfb,RICE,ECU,2026-10-10T20:00:00Z,total,47.5,0.4964,5
2026-10-08T02:14Z,cfb,TENN,ARK,2026-10-10T20:15:00Z,moneyline,,0.1932,5
2026-10-08T02:14Z,cfb,TENN,ARK,2026-10-10T20:15:00Z,spread,13.5,0.4996,5
2026-10-08T02:14Z,cfb,TENN,ARK,2026-10-10T20:15:00Z,total,51.5,0.4921,5
2026-10-08T02:14Z,cfb,MD,OSU,2026-10-10T20:15:00Z,spread,-34.5,0.5002,5
2026-10-08T02:14Z,cfb,MD,OSU,2026-10-10T20:15:00Z,total,56.5,0.4994,5
2026-10-08T02:14Z,cfb,MD,OSU,2026-10-10T20:15:00Z,moneyline,,0.9774,2
2026-10-08T02:14Z,cfb,SDSU,ORST,2026-10-10T22:00:00Z,moneyline,,0.8477,5
2026-10-08T02:14Z,cfb,SDSU,ORST,2026-10-10T22:00:00Z,spread,-15.0,0.5017,5
2026-10-08T02:14Z,cfb,SDSU,ORST,2026-10-10T22:00:00Z,total,53.5,0.4959,5
2026-10-08T02:14Z,cfb,CCU,MRSH,2026-10-10T23:00:00Z,moneyline,,0.5867,5
2026-10-08T02:14Z,cfb,CCU,MRSH,2026-10-10T23:00:00Z,spread,-3.5,0.4835,5
2026-10-08T02:14Z,cfb,CCU,MRSH,2026-10-10T23:00:00Z,total,58.5,0.492,5
2026-10-08T02:14Z,cfb,LSU,UK,2026-10-10T23:00:00Z,moneyline,,0.2603,5
2026-10-08T02:14Z,cfb,LSU,UK,2026-10-10T23:00:00Z,spread,8.5,0.4981,5
2026-10-08T02:14Z,cfb,LSU,UK,2026-10-10T23:00:00Z,total,51.5,0.5017,5
2026-10-08T02:14Z,cfb,UAB,MEM,2026-10-10T23:00:00Z,moneyline,,0.8238,5
2026-10-08T02:14Z,cfb,UAB,MEM,2026-10-10T23:00:00Z,spread,-14.0,0.4921,5
2026-10-08T02:14Z,cfb,UAB,MEM,2026-10-10T23:00:00Z,total,52.5,0.4967,5
2026-10-08T02:14Z,cfb,NEV,UTEP,2026-10-10T23:00:00Z,moneyline,,0.2431,5
2026-10-08T02:14Z,cfb,NEV,UTEP,2026-10-10T23:00:00Z,spread,9.5,0.4951,5
2026-10-08T02:14Z,cfb,NEV,UTEP,2026-10-10T23:00:00Z,total,49.5,0.4885,5
2026-10-08T02:14Z,cfb,NDSU,UNLV,2026-10-10T23:00:00Z,moneyline,,0.4075,5
2026-10-08T02:14Z,cfb,NDSU,UNLV,2026-10-10T23:00:00Z,spread,3.5,0.5019,5
2026-10-08T02:14Z,cfb,NDSU,UNLV,2026-10-10T23:00:00Z,total,47.5,0.5022,5
2026-10-08T02:14Z,cfb,AFA,NIU,2026-10-10T23:30:00Z,moneyline,,0.275,5
2026-10-08T02:14Z,cfb,AFA,NIU,2026-10-10T23:30:00Z,spread,7.5,0.5096,5
2026-10-08T02:14Z,cfb,AFA,NIU,2026-10-10T23:30:00Z,total,46.5,0.5012,5
2026-10-08T02:14Z,cfb,UGA,ALA,2026-10-10T23:30:00Z,moneyline,,0.5213,5
2026-10-08T02:14Z,cfb,UGA,ALA,2026-10-10T23:30:00Z,spread,-1.5,0.4996,5
2026-10-08T02:14Z,cfb,UGA,ALA,2026-10-10T23:30:00Z,total,51.5,0.4928,5
2026-10-08T02:14Z,cfb,JMU,GASO,2026-10-10T23:30:00Z,moneyline,,0.2817,5
2026-10-08T02:14Z,cfb,JMU,GASO,2026-10-10T23:30:00Z,spread,7.5,0.5061,5
2026-10-08T02:14Z,cfb,JMU,GASO,2026-10-10T23:30:00Z,total,51.5,0.501,5
2026-10-08T02:14Z,cfb,Louisiana Ragin Cajuns,LT,2026-10-10T23:30:00Z,moneyline,,0.5766,5
2026-10-08T02:14Z,cfb,Louisiana Ragin Cajuns,LT,2026-10-10T23:30:00Z,spread,-3.0,0.5073,5
2026-10-08T02:14Z,cfb,Louisiana Ragin Cajuns,LT,2026-10-10T23:30:00Z,total,47.5,0.4966,5
2026-10-08T02:14Z,cfb,USC,PSU,2026-10-10T23:30:00Z,moneyline,,0.524,5
2026-10-08T02:14Z,cfb,USC,PSU,2026-10-10T23:30:00Z,spread,-1.5,0.4959,5
2026-10-08T02:14Z,cfb,USC,PSU,2026-10-10T23:30:00Z,total,54.5,0.5063,5
2026-10-08T02:14Z,cfb,SYR,UVA,2026-10-10T23:30:00Z,moneyline,,0.7438,5
2026-10-08T02:14Z,cfb,SYR,UVA,2026-10-10T23:30:00Z,spread,-9.5,0.4983,5
2026-10-08T02:14Z,cfb,SYR,UVA,2026-10-10T23:30:00Z,total,50.5,0.498,5
2026-10-08T02:14Z,cfb,MINN,PUR,2026-10-11T00:00:00Z,moneyline,,0.4481,5
2026-10-08T02:14Z,cfb,MINN,PUR,2026-10-11T00:00:00Z,spread,2.5,0.4935,5
2026-10-08T02:14Z,cfb,MINN,PUR,2026-10-11T00:00:00Z,total,50.5,0.5058,5
2026-10-08T02:14Z,cfb,KU,UTAH,2026-10-11T02:15:00Z,moneyline,,0.8468,5
2026-10-08T02:14Z,cfb,KU,UTAH,2026-10-11T02:15:00Z,spread,-15.5,0.4997,5
2026-10-08T02:14Z,cfb,KU,UTAH,2026-10-11T02:15:00Z,total,50.5,0.5071,5
2026-10-08T02:14Z,cfb,Hawaii Rainbow Warriors,ASU,2026-10-11T02:30:00Z,moneyline,,0.908,5
2026-10-08T02:14Z,cfb,Hawaii Rainbow Warriors,ASU,2026-10-11T02:30:00Z,spread,-20.5,0.5069,5
2026-10-08T02:14Z,cfb,Hawaii Rainbow Warriors,ASU,2026-10-11T02:30:00Z,total,50.5,0.501,5
2026-10-08T02:14Z,cfb,BOIS,FRES,2026-10-11T02:30:00Z,moneyline,,0.3231,5
2026-10-08T02:14Z,cfb,BOIS,FRES,2026-10-11T02:30:00Z,spread,6.5,0.4972,5
2026-10-08T02:14Z,cfb,BOIS,FRES,2026-10-11T02:30:00Z,total,48.5,0.4959,5
2026-10-08T02:14Z,cfb,FLA,TEX,2026-10-17T16:00:00Z,moneyline,,0.7444,2
2026-10-08T02:14Z,cfb,FLA,TEX,2026-10-17T16:00:00Z,spread,-9.5,0.5043,2
2026-10-08T02:14Z,cfb,FLA,TEX,2026-10-17T16:00:00Z,total,54.0,0.4946,2
2026-10-08T02:14Z,cfb,OSU,IU,2026-10-17T16:00:00Z,moneyline,,0.4298,2
2026-10-08T02:14Z,cfb,OSU,IU,2026-10-17T16:00:00Z,spread,3.0,0.5064,2
2026-10-08T02:14Z,cfb,OSU,IU,2026-10-17T16:00:00Z,total,49.0,0.5,2
2026-10-08T02:14Z,cfb,KU,KSU,2026-10-17T16:00:00Z,moneyline,,0.7441,1
2026-10-08T02:14Z,cfb,KU,KSU,2026-10-17T16:00:00Z,spread,-9.5,0.5,1
2026-10-08T02:14Z,cfb,KU,KSU,2026-10-17T16:00:00Z,total,55.5,0.5,1
2026-10-08T02:14Z,cfb,Mississippi State Bulldogs,LSU,2026-10-17T16:00:00Z,moneyline,,0.7902,2
2026-10-08T02:14Z,cfb,Mississippi State Bulldogs,LSU,2026-10-17T16:00:00Z,spread,-12.0,0.5,2
2026-10-08T02:14Z,cfb,Mississippi State Bulldogs,LSU,2026-10-17T16:00:00Z,total,59.5,0.5054,2
2026-10-08T02:14Z,cfb,PSU,Michigan Wolverines,2026-10-17T16:00:00Z,moneyline,,0.6575,1
2026-10-08T02:14Z,cfb,PSU,Michigan Wolverines,2026-10-17T16:00:00Z,spread,-5.5,0.5,1
2026-10-08T02:14Z,cfb,PSU,Michigan Wolverines,2026-10-17T16:00:00Z,total,43.5,0.5,1
2026-10-08T02:14Z,cfb,NEB,ORE,2026-10-17T16:00:00Z,moneyline,,0.8043,1
2026-10-08T02:14Z,cfb,NEB,ORE,2026-10-17T16:00:00Z,spread,-12.5,0.5,1
2026-10-08T02:14Z,cfb,NEB,ORE,2026-10-17T16:00:00Z,total,58.5,0.5,1
2026-10-08T02:14Z,cfb,Wisconsin Badgers,UCLA,2026-10-17T16:00:00Z,moneyline,,0.583,1
2026-10-08T02:14Z,cfb,Wisconsin Badgers,UCLA,2026-10-17T16:00:00Z,spread,-3.0,0.5108,1
2026-10-08T02:14Z,cfb,Wisconsin Badgers,UCLA,2026-10-17T16:00:00Z,total,49.5,0.5,1
2026-10-08T02:14Z,cfb,ALA,TENN,2026-10-17T19:30:00Z,moneyline,,0.3555,2
2026-10-08T02:14Z,cfb,ALA,TENN,2026-10-17T19:30:00Z,spread,5.0,0.4946,2
2026-10-08T02:14Z,cfb,ALA,TENN,2026-10-17T19:30:00Z,total,56.5,0.5,2
2026-10-08T02:14Z,cfb,Auburn Tigers,UGA,2026-10-17T19:30:00Z,moneyline,,0.8962,2
2026-10-08T02:14Z,cfb,Auburn Tigers,UGA,2026-10-17T19:30:00Z,spread,-18.5,0.5,2
2026-10-08T02:14Z,cfb,Auburn Tigers,UGA,2026-10-17T19:30:00Z,total,50.5,0.4904,2
2026-10-08T02:14Z,cfb,UNC,DUKE,2026-10-17T19:30:00Z,moneyline,,0.6309,1
2026-10-08T02:14Z,cfb,UNC,DUKE,2026-10-17T19:30:00Z,spread,-4.5,0.5,1
2026-10-08T02:14Z,cfb,UNC,DUKE,2026-10-17T19:30:00Z,total,47.5,0.4892,1
2026-10-08T02:14Z,cfb,MIZ,MISS,2026-10-17T19:30:00Z,moneyline,,0.6824,2
2026-10-08T02:14Z,cfb,MIZ,MISS,2026-10-17T19:30:00Z,spread,-6.75,0.4936,2
2026-10-08T02:14Z,cfb,MIZ,MISS,2026-10-17T19:30:00Z,total,58.0,0.5054,2
2026-10-08T02:14Z,cfb,FSU,Miami Hurricanes,2026-10-17T23:00:00Z,moneyline,,0.9037,2
2026-10-08T02:14Z,cfb,FSU,Miami Hurricanes,2026-10-17T23:00:00Z,spread,-19.5,0.5096,2
2026-10-08T02:14Z,cfb,FSU,Miami Hurricanes,2026-10-17T23:00:00Z,total,55.0,0.5,2
2026-10-08T02:14Z,cfb,ND,BYU,2026-10-17T23:30:00Z,moneyline,,0.1811,2
2026-10-08T02:14Z,cfb,ND,BYU,2026-10-17T23:30:00Z,spread,13.0,0.4892,2
2026-10-08T02:14Z,cfb,ND,BYU,2026-10-17T23:30:00Z,total,48.0,0.4946,2
2026-10-08T02:14Z,cfb,OKST,HOU,2026-10-17T23:30:00Z,moneyline,,0.5809,2
2026-10-08T02:14Z,cfb,OKST,HOU,2026-10-17T23:30:00Z,spread,-3.0,0.5118,2
2026-10-08T02:14Z,cfb,OKST,HOU,2026-10-17T23:30:00Z,total,57.5,0.4957,2
2026-10-08T02:14Z,cfb,UK,OU,2026-10-17T23:30:00Z,moneyline,,0.675,1
2026-10-08T02:14Z,cfb,UK,OU,2026-10-17T23:30:00Z,spread,-6.5,0.5,1
2026-10-08T02:14Z,cfb,UK,OU,2026-10-17T23:30:00Z,total,41.5,0.5,1
2026-10-08T17:20Z,cfb,Sam Houston State Bearkats,LIB,2026-10-08T23:00:00Z,moneyline,,0.8161,5
2026-10-08T17:20Z,cfb,Sam Houston State Bearkats,LIB,2026-10-08T23:00:00Z,spread,-13.5,0.4987,5
2026-10-08T17:20Z,cfb,Sam Houston State Bearkats,LIB,2026-10-08T23:00:00Z,total,52.5,0.5021,5
2026-10-08T17:20Z,cfb,MOST,WKU,2026-10-08T23:00:00Z,moneyline,,0.5021,5
2026-10-08T17:20Z,cfb,MOST,WKU,2026-10-08T23:00:00Z,spread,-1.5,0.4996,5
2026-10-08T17:20Z,cfb,MOST,WKU,2026-10-08T23:00:00Z,total,56.5,0.499,5
2026-10-08T17:20Z,cfb,USA,ARST,2026-10-08T23:30:00Z,moneyline,,0.5702,5
2026-10-08T17:20Z,cfb,USA,ARST,2026-10-08T23:30:00Z,spread,-3.0,0.5068,5
2026-10-08T17:20Z,cfb,USA,ARST,2026-10-08T23:30:00Z,total,60.5,0.4966,5
2026-10-08T17:20Z,cfb,USF,UTSA,2026-10-08T23:30:00Z,moneyline,,0.6761,5
2026-10-08T17:20Z,cfb,USF,UTSA,2026-10-08T23:30:00Z,spread,-6.5,0.4972,5
2026-10-08T17:20Z,cfb,USF,UTSA,2026-10-08T23:30:00Z,total,49.5,0.5035,5
2026-10-08T17:20Z,cfb,FSU,LOU,2026-10-09T23:00:00Z,moneyline,,0.6087,5
2026-10-08T17:20Z,cfb,FSU,LOU,2026-10-09T23:00:00Z,spread,-3.5,0.4987,5
2026-10-08T17:20Z,cfb,FSU,LOU,2026-10-09T23:00:00Z,total,59.5,0.4941,5
2026-10-08T17:20Z,cfb,IOWA,WASH,2026-10-10T01:00:00Z,moneyline,,0.5889,5
2026-10-08T17:20Z,cfb,IOWA,WASH,2026-10-10T01:00:00Z,spread,-3.0,0.4974,5
2026-10-08T17:20Z,cfb,IOWA,WASH,2026-10-10T01:00:00Z,total,41.5,0.4968,5
2026-10-08T17:20Z,cfb,WYO,San Jose State Spartans,2026-10-10T01:00:00Z,moneyline,,0.6274,5
2026-10-08T17:20Z,cfb,WYO,San Jose State Spartans,2026-10-10T01:00:00Z,spread,-4.5,0.5019,5
2026-10-08T17:20Z,cfb,WYO,San Jose State Spartans,2026-10-10T01:00:00Z,total,42.5,0.5034,5
2026-10-08T17:20Z,cfb,WSU,USU,2026-10-10T01:00:00Z,moneyline,,0.64,5
2026-10-08T17:20Z,cfb,WSU,USU,2026-10-10T01:00:00Z,spread,-5.5,0.5015,5
2026-10-08T17:20Z,cfb,WSU,USU,2026-10-10T01:00:00Z,total,44.0,0.4958,5
2026-10-08T17:20Z,cfb,ISU,BYU,2026-10-10T02:15:00Z,moneyline,,0.7668,5
2026-10-08T17:20Z,cfb,ISU,BYU,2026-10-10T02:15:00Z,spread,-10.5,0.4916,5
2026-10-08T17:20Z,cfb,ISU,BYU,2026-10-10T02:15:00Z,total,46.5,0.4931,5
2026-10-08T17:20Z,cfb,ARIZ,WVU,2026-10-10T16:00:00Z,moneyline,,0.4024,5
2026-10-08T17:20Z,cfb,ARIZ,WVU,2026-10-10T16:00:00Z,spread,3.0,0.5015,5
2026-10-08T17:20Z,cfb,ARIZ,WVU,2026-10-10T16:00:00Z,total,61.5,0.4921,5
2026-10-08T17:20Z,cfb,TULN,ARMY,2026-10-10T16:00:00Z,moneyline,,0.5906,5
2026-10-08T17:20Z,cfb,TULN,ARMY,2026-10-10T16:00:00Z,spread,-3.5,0.4931,5
2026-10-08T17:20Z,cfb,TULN,ARMY,2026-10-10T16:00:00Z,total,48.0,0.5006,5
2026-10-08T17:20Z,cfb,SAC,BGSU,2026-10-10T16:00:00Z,moneyline,,0.7248,5
2026-10-08T17:20Z,cfb,SAC,BGSU,2026-10-10T16:00:00Z,spread,-7.5,0.5009,5
2026-10-08T17:20Z,cfb,SAC,BGSU,2026-10-10T16:00:00Z,total,43.5,0.4984,5
2026-10-08T17:20Z,cfb,IU,NEB,2026-10-10T16:00:00Z,moneyline,,0.2794,5
2026-10-08T17:20Z,cfb,IU,NEB,2026-10-10T16:00:00Z,spread,7.5,0.5059,5
2026-10-08T17:20Z,cfb,IU,NEB,2026-10-10T16:00:00Z,total,48.5,0.5015,5
2026-10-08T17:20Z,cfb,TA&M,MIZ,2026-10-10T16:00:00Z,moneyline,,0.6021,5
2026-10-08T17:20Z,cfb,TA&M,MIZ,2026-10-10T16:00:00Z,spread,-3.5,0.4891,5
2026-10-08T17:20Z,cfb,TA&M,MIZ,2026-10-10T16:00:00Z,total,48.5,0.4885,5
2026-10-08T17:20Z,cfb,WAKE,NCSU,2026-10-10T16:00:00Z,moneyline,,0.3897,5
2026-10-08T17:20Z,cfb,WAKE,NCSU,2026-10-10T16:00:00Z,spread,3.5,0.5039,5
2026-10-08T17:20Z,cfb,WAKE,NCSU,2026-10-10T16:00:00Z,total,59.5,0.4987,5
2026-10-08T17:20Z,cfb,UNC,PITT,2026-10-10T16:00:00Z,moneyline,,0.616,5
2026-10-08T17:20Z,cfb,UNC,PITT,2026-10-10T16:00:00Z,spread,-3.5,0.4998,5
2026-10-08T17:20Z,cfb,UNC,PITT,2026-10-10T16:00:00Z,total,47.5,0.4981,5
2026-10-08T17:20Z,cfb,UCF,OKST,2026-10-10T16:00:00Z,moneyline,,0.7823,5
2026-10-08T17:20Z,cfb,UCF,OKST,2026-10-10T16:00:00Z,spread,-10.5,0.5028,5
2026-10-08T17:20Z,cfb,UCF,OKST,2026-10-10T16:00:00Z,total,53.5,0.5032,5
2026-10-08T17:20Z,cfb,BALL,NU,2026-10-10T16:30:00Z,spread,-37.5,0.4991,5
2026-10-08T17:20Z,cfb,BALL,NU,2026-10-10T16:30:00Z,total,52.5,0.4985,5
2026-10-08T17:20Z,cfb,SC,FLA,2026-10-10T16:45:00Z,moneyline,,0.7841,5
2026-10-08T17:20Z,cfb,SC,FLA,2026-10-10T16:45:00Z,spread,-11.5,0.5007,5
2026-10-08T17:20Z,cfb,SC,FLA,2026-10-10T16:45:00Z,total,59.5,0.4941,5
2026-10-08T17:20Z,cfb,ODU,Appalachian State Mountaineers,2026-10-10T17:00:00Z,moneyline,,0.7564,5
2026-10-08T17:20Z,cfb,ODU,Appalachian State Mountaineers,2026-10-10T17:00:00Z,spread,-9.5,0.501,5
2026-10-08T17:20Z,cfb,ODU,Appalachian State Mountaineers,2026-10-10T17:00:00Z,total,48.5,0.4892,5
2026-10-08T17:20Z,cfb,M-OH,UMass Minutemen,2026-10-10T18:00:00Z,moneyline,,0.4654,5
2026-10-08T17:20Z,cfb,M-OH,UMass Minutemen,2026-10-10T18:00:00Z,spread,2.5,0.5078,4
2026-10-08T17:20Z,cfb,M-OH,UMass Minutemen,2026-10-10T18:00:00Z,total,47.5,0.4993,5
2026-10-08T17:20Z,cfb,EMU,AKR,2026-10-10T19:30:00Z,moneyline,,0.3066,5
2026-10-08T17:20Z,cfb,EMU,AKR,2026-10-10T19:30:00Z,spread,6.5,0.4855,5
2026-10-08T17:20Z,cfb,EMU,AKR,2026-10-10T19:30:00Z,total,51.5,0.5009,5
2026-10-08T17:20Z,cfb,BUFF,TOL,2026-10-10T19:30:00Z,moneyline,,0.9109,5
2026-10-08T17:20Z,cfb,BUFF,TOL,2026-10-10T19:30:00Z,spread,-21.0,0.4941,5
2026-10-08T17:20Z,cfb,BUFF,TOL,2026-10-10T19:30:00Z,total,54.5,0.5133,5
2026-10-08T17:20Z,cfb,VT,CAL,2026-10-10T19:30:00Z,moneyline,,0.248,5
2026-10-08T17:20Z,cfb,VT,CAL,2026-10-10T19:30:00Z,spread,10.0,0.4963,5
2026-10-08T17:20Z,cfb,VT,CAL,2026-10-10T19:30:00Z,total,53.5,0.4974,5
2026-10-08T17:20Z,cfb,CMU,OHIO,2026-10-10T19:30:00Z,moneyline,,0.5679,5
2026-10-08T17:20Z,cfb,CMU,OHIO,2026-10-10T19:30:00Z,spread,-3.0,0.498,5
2026-10-08T17:20Z,cfb,CMU,OHIO,2026-10-10T19:30:00Z,total,46.5,0.5022,5
2026-10-08T17:20Z,cfb,CLT,UNT,2026-10-10T19:30:00Z,moneyline,,0.9505,4
2026-10-08T17:20Z,cfb,CLT,UNT,2026-10-10T19:30:00Z,spread,-28.5,0.5019,5
2026-10-08T17:20Z,cfb,CLT,UNT,2026-10-10T19:30:00Z,total,57.5,0.5065,5
2026-10-08T17:20Z,cfb,DUKE,GT,2026-10-10T19:30:00Z,moneyline,,0.3105,5
2026-10-08T17:20Z,cfb,DUKE,GT,2026-10-10T19:30:00Z,spread,6.5,0.4867,5
2026-10-08T17:20Z,cfb,DUKE,GT,2026-10-10T19:30:00Z,total,43.5,0.4966,5
2026-10-08T17:20Z,cfb,HOU,KSU,2026-10-10T19:30:00Z,moneyline,,0.5596,5
2026-10-08T17:20Z,cfb,HOU,KSU,2026-10-10T19:30:00Z,spread,-2.5,0.5071,5
2026-10-08T17:20Z,cfb,HOU,KSU,2026-10-10T19:30:00Z,total,55.5,0.4868,5
2026-10-08T17:20Z,cfb,ILL,MSU,2026-10-10T19:30:00Z,moneyline,,0.4474,5
2026-10-08T17:20Z,cfb,ILL,MSU,2026-10-10T19:30:00Z,spread,2.5,0.4937,5
2026-10-08T17:20Z,cfb,ILL,MSU,2026-10-10T19:30:00Z,total,47.5,0.5022,5
2026-10-08T17:20Z,cfb,KENT,WMU,2026-10-10T19:30:00Z,moneyline,,0.8246,5
2026-10-08T17:20Z,cfb,KENT,WMU,2026-10-10T19:30:00Z,spread,-13.5,0.5128,5
2026-10-08T17:20Z,cfb,KENT,WMU,2026-10-10T19:30:00Z,total,43.5,0.5021,5
2026-10-08T17:20Z,cfb,TLSA,NAVY,2026-10-10T19:30:00Z,moneyline,,0.5474,5
2026-10-08T17:20Z,cfb,TLSA,NAVY,2026-10-10T19:30:00Z,spread,-2.5,0.4998,5
2026-10-08T17:20Z,cfb,TLSA,NAVY,2026-10-10T19:30:00Z,total,48.5,0.4976,5
2026-10-08T17:20Z,cfb,STAN,ND,2026-10-10T19:30:00Z,spread,-38.5,0.5011,5
2026-10-08T17:20Z,cfb,STAN,ND,2026-10-10T19:30:00Z,total,54.5,0.5009,5
2026-10-08T17:20Z,cfb,TEX,OU,2026-10-10T19:30:00Z,moneyline,,0.2697,5
2026-10-08T17:20Z,cfb,TEX,OU,2026-10-10T19:30:00Z,spread,7.5,0.5,5
2026-10-08T17:20Z,cfb,TEX,OU,2026-10-10T19:30:00Z,total,39.5,0.4996,5
2026-10-08T17:20Z,cfb,MISS,VAN,2026-10-10T19:30:00Z,moneyline,,0.2454,5
2026-10-08T17:20Z,cfb,MISS,VAN,2026-10-10T19:30:00Z,spread,9.5,0.4993,5
2026-10-08T17:20Z,cfb,MISS,VAN,2026-10-10T19:30:00Z,total,55.5,0.506,5
2026-10-08T17:20Z,cfb,UCLA,ORE,2026-10-10T19:30:00Z,moneyline,,0.7913,5
2026-10-08T17:20Z,cfb,UCLA,ORE,2026-10-10T19:30:00Z,spread,-11.5,0.5,5
2026-10-08T17:20Z,cfb,UCLA,ORE,2026-10-10T19:30:00Z,total,58.5,0.5056,5
2026-10-08T17:20Z,cfb,CONN,TEM,2026-10-10T19:45:00Z,moneyline,,0.6181,5
2026-10-08T17:20Z,cfb,CONN,TEM,2026-10-10T19:45:00Z,spread,-3.5,0.5022,5
2026-10-08T17:20Z,cfb,CONN,TEM,2026-10-10T19:45:00Z,total,54.5,0.503,5
2026-10-08T17:20Z,cfb,RICE,ECU,2026-10-10T20:00:00Z,moneyline,,0.7611,5
2026-10-08T17:20Z,cfb,RICE,ECU,2026-10-10T20:00:00Z,spread,-10.0,0.4937,5
2026-10-08T17:20Z,cfb,RICE,ECU,2026-10-10T20:00:00Z,total,47.5,0.4964,5
2026-10-08T17:20Z,cfb,TENN,ARK,2026-10-10T20:15:00Z,moneyline,,0.195,5
2026-10-08T17:20Z,cfb,TENN,ARK,2026-10-10T20:15:00Z,spread,13.5,0.4972,5
2026-10-08T17:20Z,cfb,TENN,ARK,2026-10-10T20:15:00Z,total,51.5,0.4959,5
2026-10-08T17:20Z,cfb,MD,OSU,2026-10-10T20:15:00Z,spread,-34.5,0.503,5
2026-10-08T17:20Z,cfb,MD,OSU,2026-10-10T20:15:00Z,total,56.5,0.4972,5
2026-10-08T17:20Z,cfb,MD,OSU,2026-10-10T20:15:00Z,moneyline,,0.9736,2
2026-10-08T17:20Z,cfb,SDSU,ORST,2026-10-10T22:00:00Z,moneyline,,0.8424,5
2026-10-08T17:20Z,cfb,SDSU,ORST,2026-10-10T22:00:00Z,spread,-15.0,0.5028,5
2026-10-08T17:20Z,cfb,SDSU,ORST,2026-10-10T22:00:00Z,total,53.5,0.4983,5
2026-10-08T17:20Z,cfb,CCU,MRSH,2026-10-10T23:00:00Z,moneyline,,0.607,5
2026-10-08T17:20Z,cfb,CCU,MRSH,2026-10-10T23:00:00Z,spread,-3.5,0.4963,5
2026-10-08T17:20Z,cfb,CCU,MRSH,2026-10-10T23:00:00Z,total,58.5,0.4947,5
2026-10-08T17:20Z,cfb,LSU,UK,2026-10-10T23:00:00Z,moneyline,,0.2624,5
2026-10-08T17:20Z,cfb,LSU,UK,2026-10-10T23:00:00Z,spread,8.5,0.4998,5
2026-10-08T17:20Z,cfb,LSU,UK,2026-10-10T23:00:00Z,total,52.0,0.5002,5
2026-10-08T17:20Z,cfb,UAB,MEM,2026-10-10T23:00:00Z,moneyline,,0.8319,4
2026-10-08T17:20Z,cfb,UAB,MEM,2026-10-10T23:00:00Z,spread,-14.25,0.5051,4
2026-10-08T17:20Z,cfb,UAB,MEM,2026-10-10T23:00:00Z,total,52.5,0.4908,4
2026-10-08T17:20Z,cfb,NEV,UTEP,2026-10-10T23:00:00Z,moneyline,,0.2459,5
2026-10-08T17:20Z,cfb,NEV,UTEP,2026-10-10T23:00:00Z,spread,9.5,0.4994,5
2026-10-08T17:20Z,cfb,NEV,UTEP,2026-10-10T23:00:00Z,total,49.5,0.4929,5
2026-10-08T17:20Z,cfb,NDSU,UNLV,2026-10-10T23:00:00Z,moneyline,,0.411,5
2026-10-08T17:20Z,cfb,NDSU,UNLV,2026-10-10T23:00:00Z,spread,3.5,0.511,5
2026-10-08T17:20Z,cfb,NDSU,UNLV,2026-10-10T23:00:00Z,total,48.5,0.4968,5
2026-10-08T17:20Z,cfb,AFA,NIU,2026-10-10T23:30:00Z,moneyline,,0.2709,5
2026-10-08T17:20Z,cfb,AFA,NIU,2026-10-10T23:30:00Z,spread,7.5,0.5041,5
2026-10-08T17:20Z,cfb,AFA,NIU,2026-10-10T23:30:00Z,total,46.5,0.5008,5
2026-10-08T17:20Z,cfb,UGA,ALA,2026-10-10T23:30:00Z,moneyline,,0.5239,5
2026-10-08T17:20Z,cfb,UGA,ALA,2026-10-10T23:30:00Z,spread,-1.5,0.4976,5
2026-10-08T17:20Z,cfb,UGA,ALA,2026-10-10T23:30:00Z,total,51.5,0.4898,5
2026-10-08T17:20Z,cfb,JMU,GASO,2026-10-10T23:30:00Z,moneyline,,0.2803,5
2026-10-08T17:20Z,cfb,JMU,GASO,2026-10-10T23:30:00Z,spread,7.5,0.5046,5
2026-10-08T17:20Z,cfb,JMU,GASO,2026-10-10T23:30:00Z,total,51.5,0.5071,5
2026-10-08T17:20Z,cfb,Louisiana Ragin Cajuns,LT,2026-10-10T23:30:00Z,moneyline,,0.5724,5
2026-10-08T17:20Z,cfb,Louisiana Ragin Cajuns,LT,2026-10-10T23:30:00Z,spread,-3.0,0.5099,5
2026-10-08T17:20Z,cfb,Louisiana Ragin Cajuns,LT,2026-10-10T23:30:00Z,total,47.5,0.4913,5
2026-10-08T17:20Z,cfb,USC,PSU,2026-10-10T23:30:00Z,moneyline,,0.5265,5
2026-10-08T17:20Z,cfb,USC,PSU,2026-10-10T23:30:00Z,spread,-1.5,0.4968,5
2026-10-08T17:20Z,cfb,USC,PSU,2026-10-10T23:30:00Z,total,54.5,0.5004,5
2026-10-08T17:20Z,cfb,SYR,UVA,2026-10-10T23:30:00Z,moneyline,,0.7469,5
2026-10-08T17:20Z,cfb,SYR,UVA,2026-10-10T23:30:00Z,spread,-9.5,0.5037,5
2026-10-08T17:20Z,cfb,SYR,UVA,2026-10-10T23:30:00Z,total,50.5,0.4976,5
2026-10-08T17:20Z,cfb,MINN,PUR,2026-10-11T00:00:00Z,moneyline,,0.449,5
2026-10-08T17:20Z,cfb,MINN,PUR,2026-10-11T00:00:00Z,spread,2.5,0.4989,5
2026-10-08T17:20Z,cfb,MINN,PUR,2026-10-11T00:00:00Z,total,50.5,0.5032,5
2026-10-08T17:20Z,cfb,KU,UTAH,2026-10-11T02:15:00Z,moneyline,,0.8459,4
2026-10-08T17:20Z,cfb,KU,UTAH,2026-10-11T02:15:00Z,spread,-15.5,0.4962,4
2026-10-08T17:20Z,cfb,KU,UTAH,2026-10-11T02:15:00Z,total,51.25,0.4989,4
2026-10-08T17:20Z,cfb,Hawaii Rainbow Warriors,ASU,2026-10-11T02:30:00Z,moneyline,,0.9079,5
2026-10-08T17:20Z,cfb,Hawaii Rainbow Warriors,ASU,2026-10-11T02:30:00Z,spread,-20.5,0.5097,5
2026-10-08T17:20Z,cfb,Hawaii Rainbow Warriors,ASU,2026-10-11T02:30:00Z,total,50.5,0.4989,5
2026-10-08T17:20Z,cfb,BOIS,FRES,2026-10-11T02:30:00Z,moneyline,,0.3136,5
2026-10-08T17:20Z,cfb,BOIS,FRES,2026-10-11T02:30:00Z,spread,6.5,0.4999,5
2026-10-08T17:20Z,cfb,BOIS,FRES,2026-10-11T02:30:00Z,total,48.5,0.4985,5
2026-10-08T17:20Z,cfb,DEL,MTSU,2026-10-13T23:00:00Z,moneyline,,0.5076,1
2026-10-08T17:20Z,cfb,DEL,MTSU,2026-10-13T23:00:00Z,spread,-1.5,0.4892,1
2026-10-08T17:20Z,cfb,DEL,MTSU,2026-10-13T23:00:00Z,total,49.5,0.5,1
2026-10-08T17:20Z,cfb,FLA,TEX,2026-10-17T16:00:00Z,moneyline,,0.7376,2
2026-10-08T17:20Z,cfb,FLA,TEX,2026-10-17T16:00:00Z,spread,-9.0,0.4946,2
2026-10-08T17:20Z,cfb,FLA,TEX,2026-10-17T16:00:00Z,total,54.0,0.5054,2
2026-10-08T17:20Z,cfb,OSU,IU,2026-10-17T16:00:00Z,moneyline,,0.4418,2
2026-10-08T17:20Z,cfb,OSU,IU,2026-10-17T16:00:00Z,spread,3.0,0.5187,2
2026-10-08T17:20Z,cfb,OSU,IU,2026-10-17T16:00:00Z,total,49.0,0.5,2
2026-10-08T17:20Z,cfb,KU,KSU,2026-10-17T16:00:00Z,moneyline,,0.7441,1
2026-10-08T17:20Z,cfb,KU,KSU,2026-10-17T16:00:00Z,spread,-9.5,0.5,1
2026-10-08T17:20Z,cfb,KU,KSU,2026-10-17T16:00:00Z,total,55.5,0.5,1
2026-10-08T17:20Z,cfb,Mississippi State Bulldogs,LSU,2026-10-17T16:00:00Z,moneyline,,0.7902,2
2026-10-08T17:20Z,cfb,Mississippi State Bulldogs,LSU,2026-10-17T16:00:00Z,spread,-12.0,0.5,2
2026-10-08T17:20Z,cfb,Mississippi State Bulldogs,LSU,2026-10-17T16:00:00Z,total,59.5,0.5054,2
2026-10-08T17:20Z,cfb,PSU,Michigan Wolverines,2026-10-17T16:00:00Z,moneyline,,0.6575,1
2026-10-08T17:20Z,cfb,PSU,Michigan Wolverines,2026-10-17T16:00:00Z,spread,-5.5,0.5,1
2026-10-08T17:20Z,cfb,PSU,Michigan Wolverines,2026-10-17T16:00:00Z,total,43.5,0.5,1
2026-10-08T17:20Z,cfb,NEB,ORE,2026-10-17T16:00:00Z,moneyline,,0.8043,1
2026-10-08T17:20Z,cfb,NEB,ORE,2026-10-17T16:00:00Z,spread,-12.5,0.5,1
2026-10-08T17:20Z,cfb,NEB,ORE,2026-10-17T16:00:00Z,total,58.5,0.5,1
2026-10-08T17:20Z,cfb,Wisconsin Badgers,UCLA,2026-10-17T16:00:00Z,moneyline,,0.5934,1
2026-10-08T17:20Z,cfb,Wisconsin Badgers,UCLA,2026-10-17T16:00:00Z,spread,-3.5,0.5,1
2026-10-08T17:20Z,cfb,Wisconsin Badgers,UCLA,2026-10-17T16:00:00Z,total,49.5,0.5,1
2026-10-08T17:20Z,cfb,ALA,TENN,2026-10-17T19:30:00Z,moneyline,,0.3531,2
2026-10-08T17:20Z,cfb,ALA,TENN,2026-10-17T19:30:00Z,spread,5.0,0.4892,2
2026-10-08T17:20Z,cfb,ALA,TENN,2026-10-17T19:30:00Z,total,56.5,0.5,2
2026-10-08T17:20Z,cfb,Auburn Tigers,UGA,2026-10-17T19:30:00Z,moneyline,,0.8938,2
2026-10-08T17:20Z,cfb,Auburn Tigers,UGA,2026-10-17T19:30:00Z,spread,-18.5,0.5,2
2026-10-08T17:20Z,cfb,Auburn Tigers,UGA,2026-10-17T19:30:00Z,total,50.0,0.5,2
2026-10-08T17:20Z,cfb,UNC,DUKE,2026-10-17T19:30:00Z,moneyline,,0.6225,1
2026-10-08T17:20Z,cfb,UNC,DUKE,2026-10-17T19:30:00Z,spread,-4.5,0.5,1
2026-10-08T17:20Z,cfb,UNC,DUKE,2026-10-17T19:30:00Z,total,46.5,0.5,1
2026-10-08T17:20Z,cfb,MIZ,MISS,2026-10-17T19:30:00Z,moneyline,,0.6741,2
2026-10-08T17:20Z,cfb,MIZ,MISS,2026-10-17T19:30:00Z,spread,-6.75,0.4813,2
2026-10-08T17:20Z,cfb,MIZ,MISS,2026-10-17T19:30:00Z,total,58.0,0.5054,2
2026-10-08T17:20Z,cfb,FSU,Miami Hurricanes,2026-10-17T23:00:00Z,moneyline,,0.9051,2
2026-10-08T17:20Z,cfb,FSU,Miami Hurricanes,2026-10-17T23:00:00Z,spread,-19.5,0.5096,2
2026-10-08T17:20Z,cfb,FSU,Miami Hurricanes,2026-10-17T23:00:00Z,total,55.5,0.4925,2
2026-10-08T17:20Z,cfb,ND,BYU,2026-10-17T23:30:00Z,moneyline,,0.1969,2
2026-10-08T17:20Z,cfb,ND,BYU,2026-10-17T23:30:00Z,spread,12.5,0.4946,2
2026-10-08T17:20Z,cfb,ND,BYU,2026-10-17T23:30:00Z,total,48.5,0.4946,2
2026-10-08T17:20Z,cfb,OKST,HOU,2026-10-17T23:30:00Z,moneyline,,0.5976,2
2026-10-08T17:20Z,cfb,OKST,HOU,2026-10-17T23:30:00Z,spread,-3.0,0.5295,2
2026-10-08T17:20Z,cfb,OKST,HOU,2026-10-17T23:30:00Z,total,57.5,0.4957,2
2026-10-08T17:20Z,cfb,UK,OU,2026-10-17T23:30:00Z,moneyline,,0.675,1
2026-10-08T17:20Z,cfb,UK,OU,2026-10-17T23:30:00Z,spread,-6.5,0.5,1
2026-10-08T17:20Z,cfb,UK,OU,2026-10-17T23:30:00Z,total,41.5,0.5,1
2026-10-09T05:20Z,nfl,PIT,TB,2026-10-18T17:00:00Z,moneyline,,0.4288,3
2026-10-09T05:20Z,nfl,PIT,TB,2026-10-18T17:00:00Z,spread,2.5,0.504,3
2026-10-09T05:20Z,nfl,PIT,TB,2026-10-18T17:00:00Z,total,39.0,0.5011,3
2026-10-09T05:20Z,nfl,DAL,GB,2026-10-19T00:20:00Z,moneyline,,0.4459,3
2026-10-09T05:20Z,nfl,DAL,GB,2026-10-19T00:20:00Z,spread,2.0,0.4975,3
2026-10-09T05:20Z,nfl,DAL,GB,2026-10-19T00:20:00Z,total,50.5,0.5047,3
2026-10-09T05:20Z,nfl,PHI,JAX,2026-10-11T13:30:00Z,moneyline,,0.7632,5
2026-10-09T05:20Z,nfl,PHI,JAX,2026-10-11T13:30:00Z,spread,-7.5,0.4985,5
2026-10-09T05:20Z,nfl,PHI,JAX,2026-10-11T13:30:00Z,total,41.5,0.4998,5
2026-10-09T05:20Z,nfl,CHI,GB,2026-10-11T17:00:00Z,moneyline,,0.4714,5
2026-10-09T05:20Z,nfl,CHI,GB,2026-10-11T17:00:00Z,spread,1.5,0.5015,5
2026-10-09T05:20Z,nfl,CHI,GB,2026-10-11T17:00:00Z,total,45.5,0.5053,5
2026-10-09T05:20Z,nfl,CIN,MIA,2026-10-11T17:00:00Z,moneyline,,0.2699,5
2026-10-09T05:20Z,nfl,CIN,MIA,2026-10-11T17:00:00Z,spread,6.5,0.4949,5
2026-10-09T05:20Z,nfl,CIN,MIA,2026-10-11T17:00:00Z,total,42.5,0.4965,5
2026-10-09T05:20Z,nfl,CLE,NYJ,2026-10-11T17:00:00Z,moneyline,,0.5476,5
2026-10-09T05:20Z,nfl,CLE,NYJ,2026-10-11T17:00:00Z,spread,-2.0,0.5021,5
2026-10-09T05:20Z,nfl,CLE,NYJ,2026-10-11T17:00:00Z,total,39.5,0.4998,5
2026-10-09T05:20Z,nfl,HOU,TEN,2026-10-11T17:00:00Z,moneyline,,0.2399,5
2026-10-09T05:20Z,nfl,HOU,TEN,2026-10-11T17:00:00Z,spread,7.5,0.5043,5
2026-10-09T05:20Z,nfl,HOU,TEN,2026-10-11T17:00:00Z,total,38.0,0.5052,5
2026-10-09T05:20Z,nfl,IND,PIT,2026-10-11T17:00:00Z,moneyline,,0.5658,5
2026-10-09T05:20Z,nfl,IND,PIT,2026-10-11T17:00:00Z,spread,-2.5,0.5057,5
2026-10-09T05:20Z,nfl,IND,PIT,2026-10-11T17:00:00Z,total,44.5,0.489,5
2026-10-09T05:20Z,nfl,LV,NE,2026-10-11T17:00:00Z,moneyline,,0.6339,5
2026-10-09T05:20Z,nfl,LV,NE,2026-10-11T17:00:00Z,spread,-3.5,0.502,5
2026-10-09T05:20Z,nfl,LV,NE,2026-10-11T17:00:00Z,total,45.0,0.5054,5
2026-10-09T05:20Z,nfl,MIN,NO,2026-10-11T17:00:00Z,moneyline,,0.4425,5
2026-10-09T05:20Z,nfl,MIN,NO,2026-10-11T17:00:00Z,spread,2.5,0.4981,5
2026-10-09T05:20Z,nfl,MIN,NO,2026-10-11T17:00:00Z,total,41.5,0.4991,5
2026-10-09T05:20Z,nfl,NYG,WSH,2026-10-11T17:00:00Z,moneyline,,0.6357,5
2026-10-09T05:20Z,nfl,NYG,WSH,2026-10-11T17:00:00Z,spread,-4.0,0.5084,5
2026-10-09T05:20Z,nfl,NYG,WSH,2026-10-11T17:00:00Z,total,42.5,0.4994,5
2026-10-09T05:20Z,nfl,DEN,LAC,2026-10-11T20:05:00Z,moneyline,,0.3833,5
2026-10-09T05:20Z,nfl,DEN,LAC,2026-10-11T20:05:00Z,spread,3.5,0.5088,5
2026-10-09T05:20Z,nfl,DEN,LAC,2026-10-11T20:05:00Z,total,42.0,0.5032,5
2026-10-09T05:20Z,nfl,DET,ARI,2026-10-11T20:25:00Z,moneyline,,0.3186,5
2026-10-09T05:20Z,nfl,DET,ARI,2026-10-11T20:25:00Z,spread,5.5,0.5034,5
2026-10-09T05:20Z,nfl,DET,ARI,2026-10-11T20:25:00Z,total,54.5,0.5037,5
2026-10-09T05:20Z,nfl,SF,SEA,2026-10-11T20:25:00Z,moneyline,,0.5981,5
2026-10-09T05:20Z,nfl,SF,SEA,2026-10-11T20:25:00Z,spread,-3.0,0.5101,5
2026-10-09T05:20Z,nfl,SF,SEA,2026-10-11T20:25:00Z,total,46.5,0.4989,5
2026-10-09T05:20Z,nfl,BAL,ATL,2026-10-12T00:20:00Z,moneyline,,0.6072,5
2026-10-09T05:20Z,nfl,BAL,ATL,2026-10-12T00:20:00Z,spread,-3.5,0.4965,5
2026-10-09T05:20Z,nfl,BAL,ATL,2026-10-12T00:20:00Z,total,43.5,0.5034,5
2026-10-09T05:20Z,nfl,BUF,LAR,2026-10-13T00:15:00Z,moneyline,,0.6066,5
2026-10-09T05:20Z,nfl,BUF,LAR,2026-10-13T00:15:00Z,spread,-3.5,0.4976,5
2026-10-09T05:20Z,nfl,BUF,LAR,2026-10-13T00:15:00Z,total,54.5,0.4998,5
2026-10-09T05:20Z,nfl,SEA,DEN,2026-10-16T00:15:00Z,moneyline,,0.4503,3
2026-10-09T05:20Z,nfl,SEA,DEN,2026-10-16T00:15:00Z,spread,2.5,0.5011,3
2026-10-09T05:20Z,nfl,SEA,DEN,2026-10-16T00:15:00Z,total,42.5,0.4946,3
2026-10-09T05:20Z,nfl,HOU,JAX,2026-10-18T13:30:00Z,moneyline,,0.601,3
2026-10-09T05:20Z,nfl,HOU,JAX,2026-10-18T13:30:00Z,spread,-3.0,0.5094,3
2026-10-09T05:20Z,nfl,HOU,JAX,2026-10-18T13:30:00Z,total,42.5,0.5,3
2026-10-09T05:20Z,nfl,CHI,ATL,2026-10-18T17:00:00Z,moneyline,,0.4588,3
2026-10-09T05:20Z,nfl,CHI,ATL,2026-10-18T17:00:00Z,spread,1.5,0.4964,3
2026-10-09T05:20Z,nfl,CHI,ATL,2026-10-18T17:00:00Z,total,47.5,0.4964,3
2026-10-09T05:20Z,nfl,BAL,CLE,2026-10-18T17:00:00Z,moneyline,,0.3856,3
2026-10-09T05:20Z,nfl,BAL,CLE,2026-10-18T17:00:00Z,spread,3.0,0.4939,3
2026-10-09T05:20Z,nfl,BAL,CLE,2026-10-18T17:00:00Z,total,41.5,0.4975,3
2026-10-09T05:20Z,nfl,Carolina Panthers,PHI,2026-10-18T17:00:00Z,moneyline,,0.5372,3
2026-10-09T05:20Z,nfl,Carolina Panthers,PHI,2026-10-18T17:00:00Z,spread,-2.0,0.4964,3
2026-10-09T05:20Z,nfl,Carolina Panthers,PHI,2026-10-18T17:00:00Z,total,42.5,0.5065,3
2026-10-09T05:20Z,nfl,TEN,IND,2026-10-18T17:00:00Z,moneyline,,0.7219,3
2026-10-09T05:20Z,nfl,TEN,IND,2026-10-18T17:00:00Z,spread,-6.5,0.5032,3
2026-10-09T05:20Z,nfl,TEN,IND,2026-10-18T17:00:00Z,total,43.5,0.4989,3
2026-10-09T05:20Z,nfl,NYJ,NE,2026-10-18T17:00:00Z,moneyline,,0.7353,3
2026-10-09T05:20Z,nfl,NYJ,NE,2026-10-18T17:00:00Z,spread,-7.0,0.4895,3
2026-10-09T05:20Z,nfl,NYJ,NE,2026-10-18T17:00:00Z,total,43.5,0.4989,3
2026-10-09T05:20Z,nfl,NO,NYG,2026-10-18T17:00:00Z,moneyline,,0.4826,3
2026-10-09T05:20Z,nfl,NO,NYG,2026-10-18T17:00:00Z,spread,1.5,0.5072,3
2026-10-09T05:20Z,nfl,NO,NYG,2026-10-18T17:00:00Z,total,44.5,0.5018,3
2026-10-09T05:20Z,nfl,ARI,LAR,2026-10-18T20:05:00Z,moneyline,,0.8352,3
2026-10-09T05:20Z,nfl,ARI,LAR,2026-10-18T20:05:00Z,spread,-10.5,0.4964,3
2026-10-09T05:20Z,nfl,ARI,LAR,2026-10-18T20:05:00Z,total,50.5,0.4964,3
2026-10-09T05:20Z,nfl,BUF,LV,2026-10-18T20:25:00Z,moneyline,,0.3246,3
2026-10-09T05:20Z,nfl,BUF,LV,2026-10-18T20:25:00Z,spread,4.5,0.4918,3
2026-10-09T05:20Z,nfl,BUF,LV,2026-10-18T20:25:00Z,total,51.5,0.4975,3
2026-10-09T05:20Z,nfl,LAC,Kansas City Chiefs,2026-10-18T20:25:00Z,moneyline,,0.7719,3
2026-10-09T05:20Z,nfl,LAC,Kansas City Chiefs,2026-10-18T20:25:00Z,spread,-7.5,0.4986,3
2026-10-09T05:20Z,nfl,LAC,Kansas City Chiefs,2026-10-18T20:25:00Z,total,45.5,0.5011,3
2026-10-09T05:20Z,nfl,WSH,SF,2026-10-20T00:15:00Z,moneyline,,0.7734,3
2026-10-09T05:20Z,nfl,WSH,SF,2026-10-20T00:15:00Z,spread,-7.5,0.5061,3
2026-10-09T05:20Z,nfl,WSH,SF,2026-10-20T00:15:00Z,total,50.5,0.4953,3
2026-10-09T17:20Z,cfb,FSU,LOU,2026-10-09T23:00:00Z,moneyline,,0.6159,5
2026-10-09T17:20Z,cfb,FSU,LOU,2026-10-09T23:00:00Z,spread,-4.0,0.4981,5
2026-10-09T17:20Z,cfb,FSU,LOU,2026-10-09T23:00:00Z,total,59.5,0.4981,5
2026-10-09T17:20Z,cfb,IOWA,WASH,2026-10-10T01:00:00Z,moneyline,,0.5722,5
2026-10-09T17:20Z,cfb,IOWA,WASH,2026-10-10T01:00:00Z,spread,-2.5,0.5144,5
2026-10-09T17:20Z,cfb,IOWA,WASH,2026-10-10T01:00:00Z,total,40.5,0.5085,5
2026-10-09T17:20Z,cfb,WYO,San Jose State Spartans,2026-10-10T01:00:00Z,moneyline,,0.624,5
2026-10-09T17:20Z,cfb,WYO,San Jose State Spartans,2026-10-10T01:00:00Z,spread,-4.5,0.4948,5
2026-10-09T17:20Z,cfb,WYO,San Jose State Spartans,2026-10-10T01:00:00Z,total,42.5,0.4959,5
2026-10-09T17:20Z,cfb,WSU,USU,2026-10-10T01:00:00Z,moneyline,,0.6431,5
2026-10-09T17:20Z,cfb,WSU,USU,2026-10-10T01:00:00Z,spread,-5.5,0.4985,5
2026-10-09T17:20Z,cfb,WSU,USU,2026-10-10T01:00:00Z,total,43.5,0.507,5
2026-10-09T17:20Z,cfb,ISU,BYU,2026-10-10T02:15:00Z,moneyline,,0.777,5
2026-10-09T17:20Z,cfb,ISU,BYU,2026-10-10T02:15:00Z,spread,-10.5,0.4963,5
2026-10-09T17:20Z,cfb,ISU,BYU,2026-10-10T02:15:00Z,total,46.5,0.4974,5
2026-10-09T17:20Z,cfb,ARIZ,WVU,2026-10-10T16:00:00Z,moneyline,,0.4157,5
2026-10-09T17:20Z,cfb,ARIZ,WVU,2026-10-10T16:00:00Z,spread,3.0,0.5069,5
2026-10-09T17:20Z,cfb,ARIZ,WVU,2026-10-10T16:00:00Z,total,61.5,0.4924,5
2026-10-09T17:20Z,cfb,TULN,ARMY,2026-10-10T16:00:00Z,moneyline,,0.5997,5
2026-10-09T17:20Z,cfb,TULN,ARMY,2026-10-10T16:00:00Z,spread,-3.5,0.4872,5
2026-10-09T17:20Z,cfb,TULN,ARMY,2026-10-10T16:00:00Z,total,48.5,0.4902,5
2026-10-09T17:20Z,cfb,SAC,BGSU,2026-10-10T16:00:00Z,moneyline,,0.7314,5
2026-10-09T17:20Z,cfb,SAC,BGSU,2026-10-10T16:00:00Z,spread,-8.5,0.4924,5
2026-10-09T17:20Z,cfb,SAC,BGSU,2026-10-10T16:00:00Z,total,43.5,0.5005,5
2026-10-09T17:20Z,cfb,IU,NEB,2026-10-10T16:00:00Z,moneyline,,0.2781,5
2026-10-09T17:20Z,cfb,IU,NEB,2026-10-10T16:00:00Z,spread,7.5,0.5032,5
2026-10-09T17:20Z,cfb,IU,NEB,2026-10-10T16:00:00Z,total,47.5,0.4975,5
2026-10-09T17:20Z,cfb,TA&M,MIZ,2026-10-10T16:00:00Z,moneyline,,0.6085,5
2026-10-09T17:20Z,cfb,TA&M,MIZ,2026-10-10T16:00:00Z,spread,-3.5,0.4911,5
2026-10-09T17:20Z,cfb,TA&M,MIZ,2026-10-10T16:00:00Z,total,48.5,0.5024,5
2026-10-09T17:20Z,cfb,WAKE,NCSU,2026-10-10T16:00:00Z,moneyline,,0.3924,5
2026-10-09T17:20Z,cfb,WAKE,NCSU,2026-10-10T16:00:00Z,spread,3.5,0.511,5
2026-10-09T17:20Z,cfb,WAKE,NCSU,2026-10-10T16:00:00Z,total,58.5,0.495,5
2026-10-09T17:20Z,cfb,UNC,PITT,2026-10-10T16:00:00Z,moneyline,,0.6124,5
2026-10-09T17:20Z,cfb,UNC,PITT,2026-10-10T16:00:00Z,spread,-3.5,0.4978,5
2026-10-09T17:20Z,cfb,UNC,PITT,2026-10-10T16:00:00Z,total,47.5,0.4916,5
2026-10-09T17:20Z,cfb,UCF,OKST,2026-10-10T16:00:00Z,moneyline,,0.7796,5
2026-10-09T17:20Z,cfb,UCF,OKST,2026-10-10T16:00:00Z,spread,-10.5,0.5015,5
2026-10-09T17:20Z,cfb,UCF,OKST,2026-10-10T16:00:00Z,total,53.5,0.4959,5
2026-10-09T17:20Z,cfb,BALL,NU,2026-10-10T16:30:00Z,spread,-35.5,0.5045,5
2026-10-09T17:20Z,cfb,BALL,NU,2026-10-10T16:30:00Z,total,52.5,0.4959,5
2026-10-09T17:20Z,cfb,SC,FLA,2026-10-10T16:45:00Z,moneyline,,0.7933,5
2026-10-09T17:20Z,cfb,SC,FLA,2026-10-10T16:45:00Z,spread,-11.5,0.5013,5
2026-10-09T17:20Z,cfb,SC,FLA,2026-10-10T16:45:00Z,total,59.5,0.5011,5
2026-10-09T17:20Z,cfb,ODU,Appalachian State Mountaineers,2026-10-10T17:00:00Z,moneyline,,0.7542,5
2026-10-09T17:20Z,cfb,ODU,Appalachian State Mountaineers,2026-10-10T17:00:00Z,spread,-9.5,0.5069,5
2026-10-09T17:20Z,cfb,ODU,Appalachian State Mountaineers,2026-10-10T17:00:00Z,total,47.5,0.5041,5
2026-10-09T17:20Z,cfb,RICE,ECU,2026-10-10T17:00:00Z,moneyline,,0.757,5
2026-10-09T17:20Z,cfb,RICE,ECU,2026-10-10T17:00:00Z,spread,-10.0,0.4942,5
2026-10-09T17:20Z,cfb,RICE,ECU,2026-10-10T17:00:00Z,total,47.5,0.4964,5
2026-10-09T17:20Z,cfb,M-OH,UMass Minutemen,2026-10-10T18:00:00Z,moneyline,,0.3983,5
2026-10-09T17:20Z,cfb,M-OH,UMass Minutemen,2026-10-10T18:00:00Z,spread,3.5,0.4946,4
2026-10-09T17:20Z,cfb,M-OH,UMass Minutemen,2026-10-10T18:00:00Z,total,45.5,0.4952,5
2026-10-09T17:20Z,cfb,EMU,AKR,2026-10-10T19:30:00Z,moneyline,,0.3177,5
2026-10-09T17:20Z,cfb,EMU,AKR,2026-10-10T19:30:00Z,spread,6.5,0.4993,5
2026-10-09T17:20Z,cfb,EMU,AKR,2026-10-10T19:30:00Z,total,51.5,0.5009,5
2026-10-09T17:20Z,cfb,BUFF,TOL,2026-10-10T19:30:00Z,moneyline,,0.9071,5
2026-10-09T17:20Z,cfb,BUFF,TOL,2026-10-10T19:30:00Z,spread,-20.5,0.4989,5
2026-10-09T17:20Z,cfb,BUFF,TOL,2026-10-10T19:30:00Z,total,55.5,0.501,5
2026-10-09T17:20Z,cfb,VT,CAL,2026-10-10T19:30:00Z,moneyline,,0.2433,5
2026-10-09T17:20Z,cfb,VT,CAL,2026-10-10T19:30:00Z,spread,10.0,0.4941,5
2026-10-09T17:20Z,cfb,VT,CAL,2026-10-10T19:30:00Z,total,53.5,0.4991,5
2026-10-09T17:20Z,cfb,CMU,OHIO,2026-10-10T19:30:00Z,moneyline,,0.566,5
2026-10-09T17:20Z,cfb,CMU,OHIO,2026-10-10T19:30:00Z,spread,-2.5,0.511,5
2026-10-09T17:20Z,cfb,CMU,OHIO,2026-10-10T19:30:00Z,total,46.5,0.503,5
2026-10-09T17:20Z,cfb,CLT,UNT,2026-10-10T19:30:00Z,moneyline,,0.9505,4
2026-10-09T17:20Z,cfb,CLT,UNT,2026-10-10T19:30:00Z,spread,-28.5,0.5002,5
2026-10-09T17:20Z,cfb,CLT,UNT,2026-10-10T19:30:00Z,total,57.5,0.5105,5
2026-10-09T17:20Z,cfb,DUKE,GT,2026-10-10T19:30:00Z,moneyline,,0.3147,5
2026-10-09T17:20Z,cfb,DUKE,GT,2026-10-10T19:30:00Z,spread,6.5,0.4915,5
2026-10-09T17:20Z,cfb,DUKE,GT,2026-10-10T19:30:00Z,total,43.5,0.5082,5
2026-10-09T17:20Z,cfb,HOU,KSU,2026-10-10T19:30:00Z,moneyline,,0.5574,5
2026-10-09T17:20Z,cfb,HOU,KSU,2026-10-10T19:30:00Z,spread,-2.5,0.5069,5
2026-10-09T17:20Z,cfb,HOU,KSU,2026-10-10T19:30:00Z,total,55.5,0.5004,5
2026-10-09T17:20Z,cfb,ILL,MSU,2026-10-10T19:30:00Z,moneyline,,0.44,5
2026-10-09T17:20Z,cfb,ILL,MSU,2026-10-10T19:30:00Z,spread,2.5,0.4842,5
2026-10-09T17:20Z,cfb,ILL,MSU,2026-10-10T19:30:00Z,total,48.0,0.5006,5
2026-10-09T17:20Z,cfb,KENT,WMU,2026-10-10T19:30:00Z,moneyline,,0.8234,5
2026-10-09T17:20Z,cfb,KENT,WMU,2026-10-10T19:30:00Z,spread,-14.0,0.4993,5
2026-10-09T17:20Z,cfb,KENT,WMU,2026-10-10T19:30:00Z,total,43.5,0.5011,5
2026-10-09T17:20Z,cfb,TLSA,NAVY,2026-10-10T19:30:00Z,moneyline,,0.5303,5
2026-10-09T17:20Z,cfb,TLSA,NAVY,2026-10-10T19:30:00Z,spread,-1.5,0.5043,5
2026-10-09T17:20Z,cfb,TLSA,NAVY,2026-10-10T19:30:00Z,total,48.5,0.4955,5
2026-10-09T17:20Z,cfb,STAN,ND,2026-10-10T19:30:00Z,spread,-39.5,0.4989,5
2026-10-09T17:20Z,cfb,STAN,ND,2026-10-10T19:30:00Z,total,54.5,0.4939,5
2026-10-09T17:20Z,cfb,TEX,OU,2026-10-10T19:30:00Z,moneyline,,0.2666,5
2026-10-09T17:20Z,cfb,TEX,OU,2026-10-10T19:30:00Z,spread,7.5,0.4994,5
2026-10-09T17:20Z,cfb,TEX,OU,2026-10-10T19:30:00Z,total,39.5,0.4972,5
2026-10-09T17:20Z,cfb,MISS,VAN,2026-10-10T19:30:00Z,moneyline,,0.2531,5
2026-10-09T17:20Z,cfb,MISS,VAN,2026-10-10T19:30:00Z,spread,9.5,0.5106,5
2026-10-09T17:20Z,cfb,MISS,VAN,2026-10-10T19:30:00Z,total,54.5,0.5042,5
2026-10-09T17:20Z,cfb,UCLA,ORE,2026-10-10T19:30:00Z,moneyline,,0.7877,5
2026-10-09T17:20Z,cfb,UCLA,ORE,2026-10-10T19:30:00Z,spread,-11.5,0.4985,5
2026-10-09T17:20Z,cfb,UCLA,ORE,2026-10-10T19:30:00Z,total,59.5,0.4993,5
2026-10-09T17:20Z,cfb,CONN,TEM,2026-10-10T19:45:00Z,moneyline,,0.6104,5
2026-10-09T17:20Z,cfb,CONN,TEM,2026-10-10T19:45:00Z,spread,-3.5,0.5024,5
2026-10-09T17:20Z,cfb,CONN,TEM,2026-10-10T19:45:00Z,total,54.5,0.5022,5
2026-10-09T17:20Z,cfb,TENN,ARK,2026-10-10T20:15:00Z,moneyline,,0.1895,5
2026-10-09T17:20Z,cfb,TENN,ARK,2026-10-10T20:15:00Z,spread,13.5,0.494,5
2026-10-09T17:20Z,cfb,TENN,ARK,2026-10-10T20:15:00Z,total,51.5,0.4948,5
2026-10-09T17:20Z,cfb,MD,OSU,2026-10-10T20:15:00Z,spread,-33.0,0.5,5
2026-10-09T17:20Z,cfb,MD,OSU,2026-10-10T20:15:00Z,total,56.5,0.5006,5
2026-10-09T17:20Z,cfb,MD,OSU,2026-10-10T20:15:00Z,moneyline,,0.9734,3
2026-10-09T17:20Z,cfb,SDSU,ORST,2026-10-10T22:00:00Z,moneyline,,0.8471,5
2026-10-09T17:20Z,cfb,SDSU,ORST,2026-10-10T22:00:00Z,spread,-15.5,0.4976,5
2026-10-09T17:20Z,cfb,SDSU,ORST,2026-10-10T22:00:00Z,total,53.5,0.4987,5
2026-10-09T17:20Z,cfb,CCU,MRSH,2026-10-10T23:00:00Z,moneyline,,0.6115,5
2026-10-09T17:20Z,cfb,CCU,MRSH,2026-10-10T23:00:00Z,spread,-3.5,0.5002,5
2026-10-09T17:20Z,cfb,CCU,MRSH,2026-10-10T23:00:00Z,total,58.5,0.505,5
2026-10-09T17:20Z,cfb,LSU,UK,2026-10-10T23:00:00Z,moneyline,,0.2562,5
2026-10-09T17:20Z,cfb,LSU,UK,2026-10-10T23:00:00Z,spread,8.5,0.5013,5
2026-10-09T17:20Z,cfb,LSU,UK,2026-10-10T23:00:00Z,total,51.0,0.5007,5
2026-10-09T17:20Z,cfb,UAB,MEM,2026-10-10T23:00:00Z,moneyline,,0.8282,5
2026-10-09T17:20Z,cfb,UAB,MEM,2026-10-10T23:00:00Z,spread,-14.5,0.4903,5
2026-10-09T17:20Z,cfb,UAB,MEM,2026-10-10T23:00:00Z,total,53.5,0.5019,5
2026-10-09T17:20Z,cfb,NEV,UTEP,2026-10-10T23:00:00Z,moneyline,,0.2456,5
2026-10-09T17:20Z,cfb,NEV,UTEP,2026-10-10T23:00:00Z,spread,10.0,0.5015,5
2026-10-09T17:20Z,cfb,NEV,UTEP,2026-10-10T23:00:00Z,total,49.5,0.4929,5
2026-10-09T17:20Z,cfb,NDSU,UNLV,2026-10-10T23:00:00Z,moneyline,,0.4119,5
2026-10-09T17:20Z,cfb,NDSU,UNLV,2026-10-10T23:00:00Z,spread,3.5,0.5016,5
2026-10-09T17:20Z,cfb,NDSU,UNLV,2026-10-10T23:00:00Z,total,48.5,0.4955,5
2026-10-09T17:20Z,cfb,AFA,NIU,2026-10-10T23:30:00Z,moneyline,,0.2762,5
2026-10-09T17:20Z,cfb,AFA,NIU,2026-10-10T23:30:00Z,spread,7.5,0.4963,5
2026-10-09T17:20Z,cfb,AFA,NIU,2026-10-10T23:30:00Z,total,46.5,0.5049,5
2026-10-09T17:20Z,cfb,UGA,ALA,2026-10-10T23:30:00Z,moneyline,,0.5284,5
2026-10-09T17:20Z,cfb,UGA,ALA,2026-10-10T23:30:00Z,spread,-1.5,0.5037,5
2026-10-09T17:20Z,cfb,UGA,ALA,2026-10-10T23:30:00Z,total,51.5,0.4906,5
2026-10-09T17:20Z,cfb,JMU,GASO,2026-10-10T23:30:00Z,moneyline,,0.2803,5
2026-10-09T17:20Z,cfb,JMU,GASO,2026-10-10T23:30:00Z,spread,7.5,0.5024,5
2026-10-09T17:20Z,cfb,JMU,GASO,2026-10-10T23:30:00Z,total,51.5,0.504,5
2026-10-09T17:20Z,cfb,Louisiana Ragin Cajuns,LT,2026-10-10T23:30:00Z,moneyline,,0.5724,5
2026-10-09T17:20Z,cfb,Louisiana Ragin Cajuns,LT,2026-10-10T23:30:00Z,spread,-3.0,0.5099,5
2026-10-09T17:20Z,cfb,Louisiana Ragin Cajuns,LT,2026-10-10T23:30:00Z,total,48.5,0.4867,5
2026-10-09T17:20Z,cfb,USC,PSU,2026-10-10T23:30:00Z,moneyline,,0.5265,5
2026-10-09T17:20Z,cfb,USC,PSU,2026-10-10T23:30:00Z,spread,-1.5,0.5024,5
2026-10-09T17:20Z,cfb,USC,PSU,2026-10-10T23:30:00Z,total,54.5,0.4974,5
2026-10-09T17:20Z,cfb,SYR,UVA,2026-10-10T23:30:00Z,moneyline,,0.7516,5
2026-10-09T17:20Z,cfb,SYR,UVA,2026-10-10T23:30:00Z,spread,-9.5,0.5075,5
2026-10-09T17:20Z,cfb,SYR,UVA,2026-10-10T23:30:00Z,total,50.5,0.4982,5
2026-10-09T17:20Z,cfb,MINN,PUR,2026-10-11T00:00:00Z,moneyline,,0.453,5
2026-10-09T17:20Z,cfb,MINN,PUR,2026-10-11T00:00:00Z,spread,2.5,0.4989,5
2026-10-09T17:20Z,cfb,MINN,PUR,2026-10-11T00:00:00Z,total,50.0,0.4963,5
2026-10-09T17:20Z,cfb,KU,UTAH,2026-10-11T02:15:00Z,moneyline,,0.846,5
2026-10-09T17:20Z,cfb,KU,UTAH,2026-10-11T02:15:00Z,spread,-15.5,0.497,5
2026-10-09T17:20Z,cfb,KU,UTAH,2026-10-11T02:15:00Z,total,51.5,0.4948,5
2026-10-09T17:20Z,cfb,Hawaii Rainbow Warriors,ASU,2026-10-11T02:30:00Z,moneyline,,0.9067,5
2026-10-09T17:20Z,cfb,Hawaii Rainbow Warriors,ASU,2026-10-11T02:30:00Z,spread,-20.5,0.5119,5
2026-10-09T17:20Z,cfb,Hawaii Rainbow Warriors,ASU,2026-10-11T02:30:00Z,total,50.5,0.4973,5
2026-10-09T17:20Z,cfb,BOIS,FRES,2026-10-11T02:30:00Z,moneyline,,0.3003,5
2026-10-09T17:20Z,cfb,BOIS,FRES,2026-10-11T02:30:00Z,spread,6.5,0.4842,5
2026-10-09T17:20Z,cfb,BOIS,FRES,2026-10-11T02:30:00Z,total,48.5,0.4998,5
2026-10-09T17:20Z,cfb,DEL,MTSU,2026-10-13T23:00:00Z,moneyline,,0.5174,1
2026-10-09T17:20Z,cfb,DEL,MTSU,2026-10-13T23:00:00Z,spread,-1.5,0.5,1
2026-10-09T17:20Z,cfb,DEL,MTSU,2026-10-13T23:00:00Z,total,47.5,0.4913,1
2026-10-09T17:20Z,cfb,FIU,JXST,2026-10-14T00:00:00Z,moneyline,,0.5836,1
2026-10-09T17:20Z,cfb,FIU,JXST,2026-10-14T00:00:00Z,spread,-3.5,0.4892,1
2026-10-09T17:20Z,cfb,FIU,JXST,2026-10-14T00:00:00Z,total,46.5,0.5,1
2026-10-09T17:20Z,cfb,Colorado State Rams,Texas State Bobcats,2026-10-16T00:00:00Z,moneyline,,0.7826,1
2026-10-09T17:20Z,cfb,Colorado State Rams,Texas State Bobcats,2026-10-16T00:00:00Z,spread,-11.5,0.4913,1
2026-10-09T17:20Z,cfb,Colorado State Rams,Texas State Bobcats,2026-10-16T00:00:00Z,total,65.5,0.5043,1
2026-10-09T17:20Z,cfb,FLA,TEX,2026-10-17T16:00:00Z,moneyline,,0.7395,3
2026-10-09T17:20Z,cfb,FLA,TEX,2026-10-17T16:00:00Z,spread,-9.5,0.4974,3
2026-10-09T17:20Z,cfb,FLA,TEX,2026-10-17T16:00:00Z,total,54.5,0.5018,3
2026-10-09T17:20Z,cfb,OSU,IU,2026-10-17T16:00:00Z,moneyline,,0.4367,3
2026-10-09T17:20Z,cfb,OSU,IU,2026-10-17T16:00:00Z,spread,3.0,0.516,3
2026-10-09T17:20Z,cfb,OSU,IU,2026-10-17T16:00:00Z,total,48.5,0.5025,3
2026-10-09T17:20Z,cfb,KU,KSU,2026-10-17T16:00:00Z,moneyline,,0.7367,2
2026-10-09T17:20Z,cfb,KU,KSU,2026-10-17T16:00:00Z,spread,-8.75,0.5,2
2026-10-09T17:20Z,cfb,KU,KSU,2026-10-17T16:00:00Z,total,55.5,0.5037,2
2026-10-09T17:20Z,cfb,Mississippi State Bulldogs,LSU,2026-10-17T16:00:00Z,moneyline,,0.7917,3
2026-10-09T17:20Z,cfb,Mississippi State Bulldogs,LSU,2026-10-17T16:00:00Z,spread,-12.0,0.4989,3
2026-10-09T17:20Z,cfb,Mississippi State Bulldogs,LSU,2026-10-17T16:00:00Z,total,59.5,0.5047,3
2026-10-09T17:20Z,cfb,PSU,Michigan Wolverines,2026-10-17T16:00:00Z,moneyline,,0.6537,2
2026-10-09T17:20Z,cfb,PSU,Michigan Wolverines,2026-10-17T16:00:00Z,spread,-5.5,0.5,2
2026-10-09T17:20Z,cfb,PSU,Michigan Wolverines,2026-10-17T16:00:00Z,total,43.5,0.4989,2
2026-10-09T17:20Z,cfb,NEB,ORE,2026-10-17T16:00:00Z,moneyline,,0.8074,2
2026-10-09T17:20Z,cfb,NEB,ORE,2026-10-17T16:00:00Z,spread,-12.5,0.5016,2
2026-10-09T17:20Z,cfb,NEB,ORE,2026-10-17T16:00:00Z,total,58.5,0.4963,2
2026-10-09T17:20Z,cfb,Wisconsin Badgers,UCLA,2026-10-17T16:00:00Z,moneyline,,0.5932,2
2026-10-09T17:20Z,cfb,Wisconsin Badgers,UCLA,2026-10-17T16:00:00Z,spread,-3.5,0.4947,2
2026-10-09T17:20Z,cfb,Wisconsin Badgers,UCLA,2026-10-17T16:00:00Z,total,49.5,0.5027,2
2026-10-09T17:20Z,cfb,ALA,TENN,2026-10-17T19:30:00Z,moneyline,,0.3541,3
2026-10-09T17:20Z,cfb,ALA,TENN,2026-10-17T19:30:00Z,spread,5.5,0.4942,3
2026-10-09T17:20Z,cfb,ALA,TENN,2026-10-17T19:30:00Z,total,56.5,0.5018,3
2026-10-09T17:20Z,cfb,Auburn Tigers,UGA,2026-10-17T19:30:00Z,moneyline,,0.8899,3
2026-10-09T17:20Z,cfb,Auburn Tigers,UGA,2026-10-17T19:30:00Z,spread,-18.5,0.5,3
2026-10-09T17:20Z,cfb,Auburn Tigers,UGA,2026-10-17T19:30:00Z,total,50.5,0.5018,3
2026-10-09T17:20Z,cfb,UNC,DUKE,2026-10-17T19:30:00Z,moneyline,,0.6283,2
2026-10-09T17:20Z,cfb,UNC,DUKE,2026-10-17T19:30:00Z,spread,-4.5,0.5027,2
2026-10-09T17:20Z,cfb,UNC,DUKE,2026-10-17T19:30:00Z,total,46.5,0.5027,2
2026-10-09T17:20Z,cfb,MIZ,MISS,2026-10-17T19:30:00Z,moneyline,,0.6842,3
2026-10-09T17:20Z,cfb,MIZ,MISS,2026-10-17T19:30:00Z,spread,-6.5,0.5214,3
2026-10-09T17:20Z,cfb,MIZ,MISS,2026-10-17T19:30:00Z,total,57.5,0.5061,3
2026-10-09T17:20Z,cfb,FSU,Miami Hurricanes,2026-10-17T23:00:00Z,moneyline,,0.9016,3
2026-10-09T17:20Z,cfb,FSU,Miami Hurricanes,2026-10-17T23:00:00Z,spread,-19.5,0.5064,3
2026-10-09T17:20Z,cfb,FSU,Miami Hurricanes,2026-10-17T23:00:00Z,total,55.5,0.4975,3
2026-10-09T17:20Z,cfb,ND,BYU,2026-10-17T23:30:00Z,moneyline,,0.1858,3
2026-10-09T17:20Z,cfb,ND,BYU,2026-10-17T23:30:00Z,spread,12.5,0.4971,3
2026-10-09T17:20Z,cfb,ND,BYU,2026-10-17T23:30:00Z,total,48.5,0.5,3
2026-10-09T17:20Z,cfb,OKST,HOU,2026-10-17T23:30:00Z,moneyline,,0.592,3
2026-10-09T17:20Z,cfb,OKST,HOU,2026-10-17T23:30:00Z,spread,-3.5,0.4911,3
2026-10-09T17:20Z,cfb,OKST,HOU,2026-10-17T23:30:00Z,total,57.5,0.4961,3
2026-10-09T17:20Z,cfb,UK,OU,2026-10-17T23:30:00Z,moneyline,,0.682,2
2026-10-09T17:20Z,cfb,UK,OU,2026-10-17T23:30:00Z,spread,-6.5,0.5,2
2026-10-09T17:20Z,cfb,UK,OU,2026-10-17T23:30:00Z,total,41.5,0.5011,2
2026-10-10T00:32Z,cfb,IOWA,WASH,2026-10-10T01:00:00Z,moneyline,,0.5763,5
2026-10-10T00:32Z,cfb,IOWA,WASH,2026-10-10T01:00:00Z,spread,-3.0,0.5035,5
2026-10-10T00:32Z,cfb,IOWA,WASH,2026-10-10T01:00:00Z,total,40.5,0.4955,5
2026-10-10T00:32Z,cfb,WYO,San Jose State Spartans,2026-10-10T01:00:00Z,moneyline,,0.6214,5
2026-10-10T00:32Z,cfb,WYO,San Jose State Spartans,2026-10-10T01:00:00Z,spread,-4.5,0.4957,5
2026-10-10T00:32Z,cfb,WYO,San Jose State Spartans,2026-10-10T01:00:00Z,total,42.5,0.4978,5
2026-10-10T00:32Z,cfb,WSU,USU,2026-10-10T01:00:00Z,moneyline,,0.622,5
2026-10-10T00:32Z,cfb,WSU,USU,2026-10-10T01:00:00Z,spread,-4.5,0.495,5
2026-10-10T00:32Z,cfb,WSU,USU,2026-10-10T01:00:00Z,total,43.5,0.5043,5
2026-10-10T00:32Z,cfb,ISU,BYU,2026-10-10T02:15:00Z,moneyline,,0.7921,5
2026-10-10T00:32Z,cfb,ISU,BYU,2026-10-10T02:15:00Z,spread,-11.5,0.4976,5
2026-10-10T00:32Z,cfb,ISU,BYU,2026-10-10T02:15:00Z,total,46.5,0.4989,5
2026-10-10T00:32Z,cfb,ARIZ,WVU,2026-10-10T16:00:00Z,moneyline,,0.3999,5
2026-10-10T00:32Z,cfb,ARIZ,WVU,2026-10-10T16:00:00Z,spread,3.5,0.5051,5
2026-10-10T00:32Z,cfb,ARIZ,WVU,2026-10-10T16:00:00Z,total,60.5,0.4991,5
2026-10-10T00:32Z,cfb,TULN,ARMY,2026-10-10T16:00:00Z,moneyline,,0.604,5
2026-10-10T00:32Z,cfb,TULN,ARMY,2026-10-10T16:00:00Z,spread,-3.5,0.4961,5
2026-10-10T00:32Z,cfb,TULN,ARMY,2026-10-10T16:00:00Z,total,48.5,0.4902,5
2026-10-10T00:32Z,cfb,SAC,BGSU,2026-10-10T16:00:00Z,moneyline,,0.7347,5
2026-10-10T00:32Z,cfb,SAC,BGSU,2026-10-10T16:00:00Z,spread,-8.5,0.4983,5
2026-10-10T00:32Z,cfb,SAC,BGSU,2026-10-10T16:00:00Z,total,43.5,0.5015,5
2026-10-10T00:32Z,cfb,IU,NEB,2026-10-10T16:00:00Z,moneyline,,0.2698,5
2026-10-10T00:32Z,cfb,IU,NEB,2026-10-10T16:00:00Z,spread,7.5,0.4924,5
2026-10-10T00:32Z,cfb,IU,NEB,2026-10-10T16:00:00Z,total,48.0,0.5009,5
2026-10-10T00:32Z,cfb,TA&M,MIZ,2026-10-10T16:00:00Z,moneyline,,0.6134,5
2026-10-10T00:32Z,cfb,TA&M,MIZ,2026-10-10T16:00:00Z,spread,-3.5,0.4976,5
2026-10-10T00:32Z,cfb,TA&M,MIZ,2026-10-10T16:00:00Z,total,49.5,0.497,5
2026-10-10T00:32Z,cfb,WAKE,NCSU,2026-10-10T16:00:00Z,moneyline,,0.3968,5
2026-10-10T00:32Z,cfb,WAKE,NCSU,2026-10-10T16:00:00Z,spread,3.5,0.5157,5
2026-10-10T00:32Z,cfb,WAKE,NCSU,2026-10-10T16:00:00Z,total,58.5,0.4963,5
2026-10-10T00:32Z,cfb,UNC,PITT,2026-10-10T16:00:00Z,moneyline,,0.6184,5
2026-10-10T00:32Z,cfb,UNC,PITT,2026-10-10T16:00:00Z,spread,-3.5,0.503,5
2026-10-10T00:32Z,cfb,UNC,PITT,2026-10-10T16:00:00Z,total,47.5,0.4916,5
2026-10-10T00:32Z,cfb,UCF,OKST,2026-10-10T16:00:00Z,moneyline,,0.771,5
2026-10-10T00:32Z,cfb,UCF,OKST,2026-10-10T16:00:00Z,spread,-10.5,0.495,5
2026-10-10T00:32Z,cfb,UCF,OKST,2026-10-10T16:00:00Z,total,53.5,0.4954,5
2026-10-10T00:32Z,cfb,BALL,NU,2026-10-10T16:30:00Z,spread,-35.5,0.4972,5
2026-10-10T00:32Z,cfb,BALL,NU,2026-10-10T16:30:00Z,total,53.5,0.5002,5
2026-10-10T00:32Z,cfb,SC,FLA,2026-10-10T16:45:00Z,moneyline,,0.7895,5
2026-10-10T00:32Z,cfb,SC,FLA,2026-10-10T16:45:00Z,spread,-11.5,0.5006,5
2026-10-10T00:32Z,cfb,SC,FLA,2026-10-10T16:45:00Z,total,58.5,0.503,5
2026-10-10T00:32Z,cfb,ODU,Appalachian State Mountaineers,2026-10-10T17:00:00Z,moneyline,,0.7538,5
2026-10-10T00:32Z,cfb,ODU,Appalachian State Mountaineers,2026-10-10T17:00:00Z,spread,-9.5,0.5063,5
2026-10-10T00:32Z,cfb,ODU,Appalachian State Mountaineers,2026-10-10T17:00:00Z,total,47.5,0.5005,5
2026-10-10T00:32Z,cfb,RICE,ECU,2026-10-10T17:00:00Z,moneyline,,0.7608,5
2026-10-10T00:32Z,cfb,RICE,ECU,2026-10-10T17:00:00Z,spread,-10.0,0.4987,5
2026-10-10T00:32Z,cfb,RICE,ECU,2026-10-10T17:00:00Z,total,46.5,0.4959,5
2026-10-10T00:32Z,cfb,M-OH,UMass Minutemen,2026-10-10T18:00:00Z,moneyline,,0.3629,5
2026-10-10T00:32Z,cfb,M-OH,UMass Minutemen,2026-10-10T18:00:00Z,spread,4.5,0.5002,4
2026-10-10T00:32Z,cfb,M-OH,UMass Minutemen,2026-10-10T18:00:00Z,total,44.5,0.4916,5
2026-10-10T00:32Z,cfb,EMU,AKR,2026-10-10T19:30:00Z,moneyline,,0.3437,5
2026-10-10T00:32Z,cfb,EMU,AKR,2026-10-10T19:30:00Z,spread,5.5,0.5011,5
2026-10-10T00:32Z,cfb,EMU,AKR,2026-10-10T19:30:00Z,total,51.5,0.4996,5
2026-10-10T00:32Z,cfb,BUFF,TOL,2026-10-10T19:30:00Z,moneyline,,0.8894,5
2026-10-10T00:32Z,cfb,BUFF,TOL,2026-10-10T19:30:00Z,spread,-19.5,0.4991,5
2026-10-10T00:32Z,cfb,BUFF,TOL,2026-10-10T19:30:00Z,total,55.5,0.5013,5
2026-10-10T00:32Z,cfb,VT,CAL,2026-10-10T19:30:00Z,moneyline,,0.2463,5
2026-10-10T00:32Z,cfb,VT,CAL,2026-10-10T19:30:00Z,spread,10.0,0.4935,5
2026-10-10T00:32Z,cfb,VT,CAL,2026-10-10T19:30:00Z,total,53.5,0.4996,5
2026-10-10T00:32Z,cfb,CMU,OHIO,2026-10-10T19:30:00Z,moneyline,,0.5427,5
2026-10-10T00:32Z,cfb,CMU,OHIO,2026-10-10T19:30:00Z,spread,-2.5,0.5032,5
2026-10-10T00:32Z,cfb,CMU,OHIO,2026-10-10T19:30:00Z,total,46.5,0.5052,5
2026-10-10T00:32Z,cfb,CLT,UNT,2026-10-10T19:30:00Z,moneyline,,0.9495,4
2026-10-10T00:32Z,cfb,CLT,UNT,2026-10-10T19:30:00Z,spread,-28.5,0.5013,5
2026-10-10T00:32Z,cfb,CLT,UNT,2026-10-10T19:30:00Z,total,57.5,0.5048,5
2026-10-10T00:32Z,cfb,DUKE,GT,2026-10-10T19:30:00Z,moneyline,,0.3198,5
2026-10-10T00:32Z,cfb,DUKE,GT,2026-10-10T19:30:00Z,spread,6.5,0.4979,5
2026-10-10T00:32Z,cfb,DUKE,GT,2026-10-10T19:30:00Z,total,43.5,0.5082,5
2026-10-10T00:32Z,cfb,HOU,KSU,2026-10-10T19:30:00Z,moneyline,,0.553,5
2026-10-10T00:32Z,cfb,HOU,KSU,2026-10-10T19:30:00Z,spread,-2.5,0.5004,5
2026-10-10T00:32Z,cfb,HOU,KSU,2026-10-10T19:30:00Z,total,55.5,0.4983,5
2026-10-10T00:32Z,cfb,ILL,MSU,2026-10-10T19:30:00Z,moneyline,,0.4392,5
2026-10-10T00:32Z,cfb,ILL,MSU,2026-10-10T19:30:00Z,spread,2.5,0.4842,5
2026-10-10T00:32Z,cfb,ILL,MSU,2026-10-10T19:30:00Z,total,48.0,0.5006,5
2026-10-10T00:32Z,cfb,KENT,WMU,2026-10-10T19:30:00Z,moneyline,,0.8241,5
2026-10-10T00:32Z,cfb,KENT,WMU,2026-10-10T19:30:00Z,spread,-13.5,0.5053,5
2026-10-10T00:32Z,cfb,KENT,WMU,2026-10-10T19:30:00Z,total,43.5,0.5006,5
2026-10-10T00:32Z,cfb,TLSA,NAVY,2026-10-10T19:30:00Z,moneyline,,0.5315,5
2026-10-10T00:32Z,cfb,TLSA,NAVY,2026-10-10T19:30:00Z,spread,-1.5,0.5052,5
2026-10-10T00:32Z,cfb,TLSA,NAVY,2026-10-10T19:30:00Z,total,48.5,0.4973,5
2026-10-10T00:32Z,cfb,STAN,ND,2026-10-10T19:30:00Z,spread,-39.5,0.5009,5
2026-10-10T00:32Z,cfb,STAN,ND,2026-10-10T19:30:00Z,total,54.5,0.4961,5
2026-10-10T00:32Z,cfb,TEX,OU,2026-10-10T19:30:00Z,moneyline,,0.2727,5
2026-10-10T00:32Z,cfb,TEX,OU,2026-10-10T19:30:00Z,spread,7.5,0.5091,5
2026-10-10T00:32Z,cfb,TEX,OU,2026-10-10T19:30:00Z,total,39.5,0.4946,5
2026-10-10T00:32Z,cfb,MISS,VAN,2026-10-10T19:30:00Z,moneyline,,0.2511,5
2026-10-10T00:32Z,cfb,MISS,VAN,2026-10-10T19:30:00Z,spread,9.5,0.4959,5
2026-10-10T00:32Z,cfb,MISS,VAN,2026-10-10T19:30:00Z,total,54.5,0.5042,5
2026-10-10T00:32Z,cfb,UCLA,ORE,2026-10-10T19:30:00Z,moneyline,,0.772,5
2026-10-10T00:32Z,cfb,UCLA,ORE,2026-10-10T19:30:00Z,spread,-10.5,0.4929,5
2026-10-10T00:32Z,cfb,UCLA,ORE,2026-10-10T19:30:00Z,total,58.5,0.4969,5
2026-10-10T00:32Z,cfb,CONN,TEM,2026-10-10T19:45:00Z,moneyline,,0.6162,5
2026-10-10T00:32Z,cfb,CONN,TEM,2026-10-10T19:45:00Z,spread,-3.5,0.502,5
2026-10-10T00:32Z,cfb,CONN,TEM,2026-10-10T19:45:00Z,total,54.5,0.5028,5
2026-10-10T00:32Z,cfb,TENN,ARK,2026-10-10T20:15:00Z,moneyline,,0.1907,5
2026-10-10T00:32Z,cfb,TENN,ARK,2026-10-10T20:15:00Z,spread,13.5,0.4896,5
2026-10-10T00:32Z,cfb,TENN,ARK,2026-10-10T20:15:00Z,total,51.5,0.4935,5
2026-10-10T00:32Z,cfb,MD,OSU,2026-10-10T20:15:00Z,spread,-33.5,0.4985,5
2026-10-10T00:32Z,cfb,MD,OSU,2026-10-10T20:15:00Z,total,56.5,0.4996,5
2026-10-10T00:32Z,cfb,MD,OSU,2026-10-10T20:15:00Z,moneyline,,0.972,2
2026-10-10T00:32Z,cfb,SDSU,ORST,2026-10-10T22:00:00Z,moneyline,,0.8493,5
2026-10-10T00:32Z,cfb,SDSU,ORST,2026-10-10T22:00:00Z,spread,-16.0,0.5015,5
2026-10-10T00:32Z,cfb,SDSU,ORST,2026-10-10T22:00:00Z,total,52.5,0.5,5
2026-10-10T00:32Z,cfb,CCU,MRSH,2026-10-10T23:00:00Z,moneyline,,0.6253,5
2026-10-10T00:32Z,cfb,CCU,MRSH,2026-10-10T23:00:00Z,spread,-4.5,0.4965,5
2026-10-10T00:32Z,cfb,CCU,MRSH,2026-10-10T23:00:00Z,total,58.5,0.5095,5
2026-10-10T00:32Z,cfb,LSU,UK,2026-10-10T23:00:00Z,moneyline,,0.2538,5
2026-10-10T00:32Z,cfb,LSU,UK,2026-10-10T23:00:00Z,spread,8.5,0.4963,5
2026-10-10T00:32Z,cfb,LSU,UK,2026-10-10T23:00:00Z,total,50.5,0.5009,5
2026-10-10T00:32Z,cfb,UAB,MEM,2026-10-10T23:00:00Z,moneyline,,0.8352,5
2026-10-10T00:32Z,cfb,UAB,MEM,2026-10-10T23:00:00Z,spread,-14.5,0.4959,5
2026-10-10T00:32Z,cfb,UAB,MEM,2026-10-10T23:00:00Z,total,53.5,0.4979,5
2026-10-10T00:32Z,cfb,NEV,UTEP,2026-10-10T23:00:00Z,moneyline,,0.2458,5
2026-10-10T00:32Z,cfb,NEV,UTEP,2026-10-10T23:00:00Z,spread,9.5,0.4946,5
2026-10-10T00:32Z,cfb,NEV,UTEP,2026-10-10T23:00:00Z,total,49.5,0.4967,5
2026-10-10T00:32Z,cfb,NDSU,UNLV,2026-10-10T23:00:00Z,moneyline,,0.448,5
2026-10-10T00:32Z,cfb,NDSU,UNLV,2026-10-10T23:00:00Z,spread,2.5,0.4931,5
2026-10-10T00:32Z,cfb,NDSU,UNLV,2026-10-10T23:00:00Z,total,47.5,0.5071,5
2026-10-10T00:32Z,cfb,AFA,NIU,2026-10-10T23:30:00Z,moneyline,,0.2802,5
2026-10-10T00:32Z,cfb,AFA,NIU,2026-10-10T23:30:00Z,spread,7.5,0.5108,5
2026-10-10T00:32Z,cfb,AFA,NIU,2026-10-10T23:30:00Z,total,46.5,0.5051,5
2026-10-10T00:32Z,cfb,UGA,ALA,2026-10-10T23:30:00Z,moneyline,,0.5284,5
2026-10-10T00:32Z,cfb,UGA,ALA,2026-10-10T23:30:00Z,spread,-1.5,0.5037,5
2026-10-10T00:32Z,cfb,UGA,ALA,2026-10-10T23:30:00Z,total,51.5,0.4905,5
2026-10-10T00:32Z,cfb,JMU,GASO,2026-10-10T23:30:00Z,moneyline,,0.2841,5
2026-10-10T00:32Z,cfb,JMU,GASO,2026-10-10T23:30:00Z,spread,7.5,0.5108,5
2026-10-10T00:32Z,cfb,JMU,GASO,2026-10-10T23:30:00Z,total,51.5,0.5,5
2026-10-10T00:32Z,cfb,Louisiana Ragin Cajuns,LT,2026-10-10T23:30:00Z,moneyline,,0.5775,5
2026-10-10T00:32Z,cfb,Louisiana Ragin Cajuns,LT,2026-10-10T23:30:00Z,spread,-3.0,0.5043,5
2026-10-10T00:32Z,cfb,Louisiana Ragin Cajuns,LT,2026-10-10T23:30:00Z,total,48.5,0.4867,5
2026-10-10T00:32Z,cfb,USC,PSU,2026-10-10T23:30:00Z,moneyline,,0.5285,5
2026-10-10T00:32Z,cfb,USC,PSU,2026-10-10T23:30:00Z,spread,-1.5,0.5037,5
2026-10-10T00:32Z,cfb,USC,PSU,2026-10-10T23:30:00Z,total,54.5,0.4991,5
2026-10-10T00:32Z,cfb,SYR,UVA,2026-10-10T23:30:00Z,moneyline,,0.7588,5
2026-10-10T00:32Z,cfb,SYR,UVA,2026-10-10T23:30:00Z,spread,-10.0,0.5006,5
2026-10-10T00:32Z,cfb,SYR,UVA,2026-10-10T23:30:00Z,total,50.5,0.4961,5
2026-10-10T00:32Z,cfb,MINN,PUR,2026-10-11T00:00:00Z,moneyline,,0.4423,5
2026-10-10T00:32Z,cfb,MINN,PUR,2026-10-11T00:00:00Z,spread,2.5,0.4924,5
2026-10-10T00:32Z,cfb,MINN,PUR,2026-10-11T00:00:00Z,total,50.0,0.4963,5
2026-10-10T00:32Z,cfb,KU,UTAH,2026-10-11T02:15:00Z,moneyline,,0.8441,5
2026-10-10T00:32Z,cfb,KU,UTAH,2026-10-11T02:15:00Z,spread,-15.5,0.4987,5
2026-10-10T00:32Z,cfb,KU,UTAH,2026-10-11T02:15:00Z,total,51.5,0.4935,5
2026-10-10T00:32Z,cfb,Hawaii Rainbow Warriors,ASU,2026-10-11T02:30:00Z,moneyline,,0.9052,5
2026-10-10T00:32Z,cfb,Hawaii Rainbow Warriors,ASU,2026-10-11T02:30:00Z,spread,-21.0,0.4999,5
2026-10-10T00:32Z,cfb,Hawaii Rainbow Warriors,ASU,2026-10-11T02:30:00Z,total,50.5,0.5031,5
2026-10-10T00:32Z,cfb,BOIS,FRES,2026-10-11T02:30:00Z,moneyline,,0.3016,5
2026-10-10T00:32Z,cfb,BOIS,FRES,2026-10-11T02:30:00Z,spread,6.5,0.486,5
2026-10-10T00:32Z,cfb,BOIS,FRES,2026-10-11T02:30:00Z,total,48.5,0.4998,5
2026-10-10T00:32Z,cfb,DEL,MTSU,2026-10-13T23:00:00Z,moneyline,,0.5,2
2026-10-10T00:32Z,cfb,DEL,MTSU,2026-10-13T23:00:00Z,spread,0.0,0.5,2
2026-10-10T00:32Z,cfb,DEL,MTSU,2026-10-13T23:00:00Z,total,48.0,0.4957,2
2026-10-10T00:32Z,cfb,FIU,JXST,2026-10-14T00:00:00Z,moneyline,,0.5778,2
2026-10-10T00:32Z,cfb,FIU,JXST,2026-10-14T00:00:00Z,spread,-3.25,0.5,2
2026-10-10T00:32Z,cfb,FIU,JXST,2026-10-14T00:00:00Z,total,45.5,0.5022,2
2026-10-10T00:32Z,cfb,Colorado State Rams,Texas State Bobcats,2026-10-16T00:00:00Z,moneyline,,0.7797,2
2026-10-10T00:32Z,cfb,Colorado State Rams,Texas State Bobcats,2026-10-16T00:00:00Z,spread,-12.0,0.4903,2
2026-10-10T00:32Z,cfb,Colorado State Rams,Texas State Bobcats,2026-10-16T00:00:00Z,total,66.5,0.5022,2
2026-10-10T00:32Z,cfb,FLA,TEX,2026-10-17T16:00:00Z,moneyline,,0.7406,3
2026-10-10T00:32Z,cfb,FLA,TEX,2026-10-17T16:00:00Z,spread,-8.5,0.5018,3
2026-10-10T00:32Z,cfb,FLA,TEX,2026-10-17T16:00:00Z,total,54.5,0.5018,3
2026-10-10T00:32Z,cfb,OSU,IU,2026-10-17T16:00:00Z,moneyline,,0.4367,3
2026-10-10T00:32Z,cfb,OSU,IU,2026-10-17T16:00:00Z,spread,3.0,0.516,3
2026-10-10T00:32Z,cfb,OSU,IU,2026-10-17T16:00:00Z,total,48.5,0.5025,3
2026-10-10T00:32Z,cfb,KU,KSU,2026-10-17T16:00:00Z,moneyline,,0.7367,2
2026-10-10T00:32Z,cfb,KU,KSU,2026-10-17T16:00:00Z,spread,-8.75,0.5,2
2026-10-10T00:32Z,cfb,KU,KSU,2026-10-17T16:00:00Z,total,55.5,0.5037,2
2026-10-10T00:32Z,cfb,Mississippi State Bulldogs,LSU,2026-10-17T16:00:00Z,moneyline,,0.7917,3
2026-10-10T00:32Z,cfb,Mississippi State Bulldogs,LSU,2026-10-17T16:00:00Z,spread,-12.0,0.4989,3
2026-10-10T00:32Z,cfb,Mississippi State Bulldogs,LSU,2026-10-17T16:00:00Z,total,59.5,0.5047,3
2026-10-10T00:32Z,cfb,PSU,Michigan Wolverines,2026-10-17T16:00:00Z,moneyline,,0.6537,2
2026-10-10T00:32Z,cfb,PSU,Michigan Wolverines,2026-10-17T16:00:00Z,spread,-5.5,0.5,2
2026-10-10T00:32Z,cfb,PSU,Michigan Wolverines,2026-10-17T16:00:00Z,total,43.5,0.4989,2
2026-10-10T00:32Z,cfb,NEB,ORE,2026-10-17T16:00:00Z,moneyline,,0.8074,2
2026-10-10T00:32Z,cfb,NEB,ORE,2026-10-17T16:00:00Z,spread,-12.5,0.5016,2
2026-10-10T00:32Z,cfb,NEB,ORE,2026-10-17T16:00:00Z,total,58.5,0.4963,2
2026-10-10T00:32Z,cfb,Wisconsin Badgers,UCLA,2026-10-17T16:00:00Z,moneyline,,0.5932,2
2026-10-10T00:32Z,cfb,Wisconsin Badgers,UCLA,2026-10-17T16:00:00Z,spread,-3.5,0.4947,2
2026-10-10T00:32Z,cfb,Wisconsin Badgers,UCLA,2026-10-17T16:00:00Z,total,49.5,0.5027,2
2026-10-10T00:32Z,cfb,ALA,TENN,2026-10-17T19:30:00Z,moneyline,,0.3541,3
2026-10-10T00:32Z,cfb,ALA,TENN,2026-10-17T19:30:00Z,spread,5.5,0.4942,3
2026-10-10T00:32Z,cfb,ALA,TENN,2026-10-17T19:30:00Z,total,56.5,0.5018,3
2026-10-10T00:32Z,cfb,Auburn Tigers,UGA,2026-10-17T19:30:00Z,moneyline,,0.8899,3
2026-10-10T00:32Z,cfb,Auburn Tigers,UGA,2026-10-17T19:30:00Z,spread,-18.5,0.5,3
2026-10-10T00:32Z,cfb,Auburn Tigers,UGA,2026-10-17T19:30:00Z,total,50.5,0.5018,3
2026-10-10T00:32Z,cfb,UNC,DUKE,2026-10-17T19:30:00Z,moneyline,,0.6283,2
2026-10-10T00:32Z,cfb,UNC,DUKE,2026-10-17T19:30:00Z,spread,-4.5,0.5027,2
2026-10-10T00:32Z,cfb,UNC,DUKE,2026-10-17T19:30:00Z,total,46.5,0.5027,2
2026-10-10T00:32Z,cfb,MIZ,MISS,2026-10-17T19:30:00Z,moneyline,,0.6828,3
2026-10-10T00:32Z,cfb,MIZ,MISS,2026-10-17T19:30:00Z,spread,-6.5,0.5178,3
2026-10-10T00:32Z,cfb,MIZ,MISS,2026-10-17T19:30:00Z,total,57.5,0.5061,3
2026-10-10T00:32Z,cfb,FSU,Miami Hurricanes,2026-10-17T23:00:00Z,moneyline,,0.8993,2
2026-10-10T00:32Z,cfb,FSU,Miami Hurricanes,2026-10-17T23:00:00Z,spread,-20.0,0.5,2
2026-10-10T00:32Z,cfb,FSU,Miami Hurricanes,2026-10-17T23:00:00Z,total,55.5,0.5037,2
2026-10-10T00:32Z,cfb,ND,BYU,2026-10-17T23:30:00Z,moneyline,,0.1858,3
2026-10-10T00:32Z,cfb,ND,BYU,2026-10-17T23:30:00Z,spread,12.5,0.4971,3
2026-10-10T00:32Z,cfb,ND,BYU,2026-10-17T23:30:00Z,total,48.5,0.5,3
2026-10-10T00:32Z,cfb,OKST,HOU,2026-10-17T23:30:00Z,moneyline,,0.5844,3
2026-10-10T00:32Z,cfb,OKST,HOU,2026-10-17T23:30:00Z,spread,-3.5,0.5026,3
2026-10-10T00:32Z,cfb,OKST,HOU,2026-10-17T23:30:00Z,total,57.5,0.4961,3
2026-10-10T00:32Z,cfb,UK,OU,2026-10-17T23:30:00Z,moneyline,,0.6763,2
2026-10-10T00:32Z,cfb,UK,OU,2026-10-17T23:30:00Z,spread,-6.25,0.5,2
2026-10-10T00:32Z,cfb,UK,OU,2026-10-17T23:30:00Z,total,41.5,0.5011,2
2026-10-10T05:20Z,nfl,PIT,TB,2026-10-18T17:00:00Z,moneyline,,0.4288,3
2026-10-10T05:20Z,nfl,PIT,TB,2026-10-18T17:00:00Z,spread,2.5,0.504,3
2026-10-10T05:20Z,nfl,PIT,TB,2026-10-18T17:00:00Z,total,39.0,0.5011,3
2026-10-10T05:20Z,nfl,DAL,GB,2026-10-19T00:20:00Z,moneyline,,0.4459,3
2026-10-10T05:20Z,nfl,DAL,GB,2026-10-19T00:20:00Z,spread,2.0,0.4975,3
2026-10-10T05:20Z,nfl,DAL,GB,2026-10-19T00:20:00Z,total,50.5,0.5047,3
2026-10-10T05:20Z,nfl,PHI,JAX,2026-10-11T13:30:00Z,moneyline,,0.7635,5
2026-10-10T05:20Z,nfl,PHI,JAX,2026-10-11T13:30:00Z,spread,-7.5,0.5002,5
2026-10-10T05:20Z,nfl,PHI,JAX,2026-10-11T13:30:00Z,total,41.5,0.5028,5
2026-10-10T05:20Z,nfl,CHI,GB,2026-10-11T17:00:00Z,moneyline,,0.4703,5
2026-10-10T05:20Z,nfl,CHI,GB,2026-10-11T17:00:00Z,spread,1.5,0.4955,5
2026-10-10T05:20Z,nfl,CHI,GB,2026-10-11T17:00:00Z,total,45.5,0.5039,5
2026-10-10T05:20Z,nfl,CIN,MIA,2026-10-11T17:00:00Z,moneyline,,0.2615,5
2026-10-10T05:20Z,nfl,CIN,MIA,2026-10-11T17:00:00Z,spread,7.0,0.5063,5
2026-10-10T05:20Z,nfl,CIN,MIA,2026-10-11T17:00:00Z,total,43.5,0.5039,5
2026-10-10T05:20Z,nfl,CLE,NYJ,2026-10-11T17:00:00Z,moneyline,,0.5533,5
2026-10-10T05:20Z,nfl,CLE,NYJ,2026-10-11T17:00:00Z,spread,-2.5,0.5015,5
2026-10-10T05:20Z,nfl,CLE,NYJ,2026-10-11T17:00:00Z,total,39.5,0.5024,5
2026-10-10T05:20Z,nfl,HOU,TEN,2026-10-11T17:00:00Z,moneyline,,0.2502,5
2026-10-10T05:20Z,nfl,HOU,TEN,2026-10-11T17:00:00Z,spread,7.0,0.4914,5
2026-10-10T05:20Z,nfl,HOU,TEN,2026-10-11T17:00:00Z,total,37.5,0.5035,5
2026-10-10T05:20Z,nfl,IND,PIT,2026-10-11T17:00:00Z,moneyline,,0.5665,5
2026-10-10T05:20Z,nfl,IND,PIT,2026-10-11T17:00:00Z,spread,-2.5,0.4959,5
2026-10-10T05:20Z,nfl,IND,PIT,2026-10-11T17:00:00Z,total,43.5,0.5015,5
2026-10-10T05:20Z,nfl,LV,NE,2026-10-11T17:00:00Z,moneyline,,0.6325,5
2026-10-10T05:20Z,nfl,LV,NE,2026-10-11T17:00:00Z,spread,-3.5,0.5026,5
2026-10-10T05:20Z,nfl,LV,NE,2026-10-11T17:00:00Z,total,45.0,0.498,5
2026-10-10T05:20Z,nfl,MIN,NO,2026-10-11T17:00:00Z,moneyline,,0.4406,5
2026-10-10T05:20Z,nfl,MIN,NO,2026-10-11T17:00:00Z,spread,2.5,0.4955,5
2026-10-10T05:20Z,nfl,MIN,NO,2026-10-11T17:00:00Z,total,41.5,0.4981,5
2026-10-10T05:20Z,nfl,NYG,WSH,2026-10-11T17:00:00Z,moneyline,,0.6167,5
2026-10-10T05:20Z,nfl,NYG,WSH,2026-10-11T17:00:00Z,spread,-3.5,0.5002,5
2026-10-10T05:20Z,nfl,NYG,WSH,2026-10-11T17:00:00Z,total,41.5,0.4989,5
2026-10-10T05:20Z,nfl,DEN,LAC,2026-10-11T20:05:00Z,moneyline,,0.3717,5
2026-10-10T05:20Z,nfl,DEN,LAC,2026-10-11T20:05:00Z,spread,3.5,0.5032,5
2026-10-10T05:20Z,nfl,DEN,LAC,2026-10-11T20:05:00Z,total,42.0,0.5007,5
2026-10-10T05:20Z,nfl,DET,ARI,2026-10-11T20:25:00Z,moneyline,,0.3197,5
2026-10-10T05:20Z,nfl,DET,ARI,2026-10-11T20:25:00Z,spread,5.5,0.5026,5
2026-10-10T05:20Z,nfl,DET,ARI,2026-10-11T20:25:00Z,total,54.5,0.5046,5
2026-10-10T05:20Z,nfl,SF,SEA,2026-10-11T20:25:00Z,moneyline,,0.5987,5
2026-10-10T05:20Z,nfl,SF,SEA,2026-10-11T20:25:00Z,spread,-3.0,0.5106,5
2026-10-10T05:20Z,nfl,SF,SEA,2026-10-11T20:25:00Z,total,46.5,0.4996,5
2026-10-10T05:20Z,nfl,BAL,ATL,2026-10-12T00:20:00Z,moneyline,,0.6139,5
2026-10-10T05:20Z,nfl,BAL,ATL,2026-10-12T00:20:00Z,spread,-3.5,0.4878,5
2026-10-10T05:20Z,nfl,BAL,ATL,2026-10-12T00:20:00Z,total,43.5,0.504,5
2026-10-10T05:20Z,nfl,BUF,LAR,2026-10-13T00:15:00Z,moneyline,,0.6091,5
2026-10-10T05:20Z,nfl,BUF,LAR,2026-10-13T00:15:00Z,spread,-3.0,0.5069,5
2026-10-10T05:20Z,nfl,BUF,LAR,2026-10-13T00:15:00Z,total,54.5,0.5037,5
2026-10-10T05:20Z,nfl,SEA,DEN,2026-10-16T00:15:00Z,moneyline,,0.4525,3
2026-10-10T05:20Z,nfl,SEA,DEN,2026-10-16T00:15:00Z,spread,2.5,0.5011,3
2026-10-10T05:20Z,nfl,SEA,DEN,2026-10-16T00:15:00Z,total,42.5,0.4946,3
2026-10-10T05:20Z,nfl,HOU,JAX,2026-10-18T13:30:00Z,moneyline,,0.601,3
2026-10-10T05:20Z,nfl,HOU,JAX,2026-10-18T13:30:00Z,spread,-3.0,0.5094,3
2026-10-10T05:20Z,nfl,HOU,JAX,2026-10-18T13:30:00Z,total,42.5,0.5,3
2026-10-10T05:20Z,nfl,CHI,ATL,2026-10-18T17:00:00Z,moneyline,,0.4636,3
2026-10-10T05:20Z,nfl,CHI,ATL,2026-10-18T17:00:00Z,spread,1.5,0.4964,3
2026-10-10T05:20Z,nfl,CHI,ATL,2026-10-18T17:00:00Z,total,47.5,0.5,3
2026-10-10T05:20Z,nfl,BAL,CLE,2026-10-18T17:00:00Z,moneyline,,0.3829,3
2026-10-10T05:20Z,nfl,BAL,CLE,2026-10-18T17:00:00Z,spread,3.0,0.4885,3
2026-10-10T05:20Z,nfl,BAL,CLE,2026-10-18T17:00:00Z,total,41.5,0.5025,3
2026-10-10T05:20Z,nfl,Carolina Panthers,PHI,2026-10-18T17:00:00Z,moneyline,,0.5372,3
2026-10-10T05:20Z,nfl,Carolina Panthers,PHI,2026-10-18T17:00:00Z,spread,-2.0,0.4964,3
2026-10-10T05:20Z,nfl,Carolina Panthers,PHI,2026-10-18T17:00:00Z,total,42.5,0.5065,3
2026-10-10T05:20Z,nfl,TEN,IND,2026-10-18T17:00:00Z,moneyline,,0.7204,3
2026-10-10T05:20Z,nfl,TEN,IND,2026-10-18T17:00:00Z,spread,-6.5,0.5032,3
2026-10-10T05:20Z,nfl,TEN,IND,2026-10-18T17:00:00Z,total,43.5,0.4989,3
2026-10-10T05:20Z,nfl,NYJ,NE,2026-10-18T17:00:00Z,moneyline,,0.7353,3
2026-10-10T05:20Z,nfl,NYJ,NE,2026-10-18T17:00:00Z,spread,-7.0,0.4895,3
2026-10-10T05:20Z,nfl,NYJ,NE,2026-10-18T17:00:00Z,total,43.5,0.4989,3
2026-10-10T05:20Z,nfl,NO,NYG,2026-10-18T17:00:00Z,moneyline,,0.4826,3
2026-10-10T05:20Z,nfl,NO,NYG,2026-10-18T17:00:00Z,spread,1.5,0.5094,3
2026-10-10T05:20Z,nfl,NO,NYG,2026-10-18T17:00:00Z,total,44.5,0.5018,3
2026-10-10T05:20Z,nfl,ARI,LAR,2026-10-18T20:05:00Z,moneyline,,0.8337,3
2026-10-10T05:20Z,nfl,ARI,LAR,2026-10-18T20:05:00Z,spread,-10.5,0.4964,3
2026-10-10T05:20Z,nfl,ARI,LAR,2026-10-18T20:05:00Z,total,50.5,0.4964,3
2026-10-10T05:20Z,nfl,BUF,LV,2026-10-18T20:25:00Z,moneyline,,0.3264,3
2026-10-10T05:20Z,nfl,BUF,LV,2026-10-18T20:25:00Z,spread,4.5,0.4918,3
2026-10-10T05:20Z,nfl,BUF,LV,2026-10-18T20:25:00Z,total,51.5,0.4975,3
2026-10-10T05:20Z,nfl,LAC,Kansas City Chiefs,2026-10-18T20:25:00Z,moneyline,,0.7739,3
2026-10-10T05:20Z,nfl,LAC,Kansas City Chiefs,2026-10-18T20:25:00Z,spread,-7.5,0.4986,3
2026-10-10T05:20Z,nfl,LAC,Kansas City Chiefs,2026-10-18T20:25:00Z,total,45.5,0.5011,3
2026-10-10T05:20Z,nfl,WSH,SF,2026-10-20T00:15:00Z,moneyline,,0.7734,3
2026-10-10T05:20Z,nfl,WSH,SF,2026-10-20T00:15:00Z,spread,-7.5,0.5061,3
2026-10-10T05:20Z,nfl,WSH,SF,2026-10-20T00:15:00Z,total,50.5,0.4953,3
2026-10-10T15:11Z,cfb,FSU,Miami Hurricanes,2026-10-17T23:00:00Z,moneyline,,0.8993,2
2026-10-10T15:11Z,cfb,FSU,Miami Hurricanes,2026-10-17T23:00:00Z,spread,-20.0,0.5,2
2026-10-10T15:11Z,cfb,FSU,Miami Hurricanes,2026-10-17T23:00:00Z,total,55.5,0.5037,2
2026-10-10T15:11Z,cfb,ND,BYU,2026-10-17T23:30:00Z,moneyline,,0.1858,3
2026-10-10T15:11Z,cfb,ND,BYU,2026-10-17T23:30:00Z,spread,12.5,0.4971,3
2026-10-10T15:11Z,cfb,ND,BYU,2026-10-17T23:30:00Z,total,48.5,0.5,3
2026-10-10T15:11Z,cfb,ARIZ,WVU,2026-10-10T16:00:00Z,moneyline,,0.4005,5
2026-10-10T15:11Z,cfb,ARIZ,WVU,2026-10-10T16:00:00Z,spread,3.5,0.5041,5
2026-10-10T15:11Z,cfb,ARIZ,WVU,2026-10-10T16:00:00Z,total,60.5,0.5009,5
2026-10-10T15:11Z,cfb,TULN,ARMY,2026-10-10T16:00:00Z,moneyline,,0.6244,5
2026-10-10T15:11Z,cfb,TULN,ARMY,2026-10-10T16:00:00Z,spread,-4.0,0.5063,5
2026-10-10T15:11Z,cfb,TULN,ARMY,2026-10-10T16:00:00Z,total,48.5,0.4976,5
2026-10-10T15:11Z,cfb,SAC,BGSU,2026-10-10T16:00:00Z,moneyline,,0.7417,5
2026-10-10T15:11Z,cfb,SAC,BGSU,2026-10-10T16:00:00Z,spread,-9.5,0.4991,5
2026-10-10T15:11Z,cfb,SAC,BGSU,2026-10-10T16:00:00Z,total,43.5,0.5013,5
2026-10-10T15:11Z,cfb,IU,NEB,2026-10-10T16:00:00Z,moneyline,,0.2554,5
2026-10-10T15:11Z,cfb,IU,NEB,2026-10-10T16:00:00Z,spread,8.5,0.4985,5
2026-10-10T15:11Z,cfb,IU,NEB,2026-10-10T16:00:00Z,total,48.5,0.4909,5
2026-10-10T15:11Z,cfb,TA&M,MIZ,2026-10-10T16:00:00Z,moneyline,,0.6193,5
2026-10-10T15:11Z,cfb,TA&M,MIZ,2026-10-10T16:00:00Z,spread,-4.0,0.5011,5
2026-10-10T15:11Z,cfb,TA&M,MIZ,2026-10-10T16:00:00Z,total,50.5,0.498,5
2026-10-10T15:11Z,cfb,WAKE,NCSU,2026-10-10T16:00:00Z,moneyline,,0.3976,5
2026-10-10T15:11Z,cfb,WAKE,NCSU,2026-10-10T16:00:00Z,spread,3.5,0.5112,5
2026-10-10T15:11Z,cfb,WAKE,NCSU,2026-10-10T16:00:00Z,total,56.5,0.4993,5
2026-10-10T15:11Z,cfb,UNC,PITT,2026-10-10T16:00:00Z,moneyline,,0.6049,5
2026-10-10T15:11Z,cfb,UNC,PITT,2026-10-10T16:00:00Z,spread,-3.5,0.4939,5
2026-10-10T15:11Z,cfb,UNC,PITT,2026-10-10T16:00:00Z,total,47.0,0.5002,5
2026-10-10T15:11Z,cfb,UCF,OKST,2026-10-10T16:00:00Z,moneyline,,0.7744,5
2026-10-10T15:11Z,cfb,UCF,OKST,2026-10-10T16:00:00Z,spread,-10.5,0.4965,5
2026-10-10T15:11Z,cfb,UCF,OKST,2026-10-10T16:00:00Z,total,53.5,0.4976,5
2026-10-10T15:11Z,cfb,BALL,NU,2026-10-10T16:30:00Z,moneyline,,0.9728,1
2026-10-10T15:11Z,cfb,BALL,NU,2026-10-10T16:30:00Z,spread,-35.5,0.5015,5
2026-10-10T15:11Z,cfb,BALL,NU,2026-10-10T16:30:00Z,total,52.5,0.5075,5
2026-10-10T15:11Z,cfb,SC,FLA,2026-10-10T16:45:00Z,moneyline,,0.7863,5
2026-10-10T15:11Z,cfb,SC,FLA,2026-10-10T16:45:00Z,spread,-10.5,0.5009,5
2026-10-10T15:11Z,cfb,SC,FLA,2026-10-10T16:45:00Z,total,59.0,0.4998,5
2026-10-10T15:11Z,cfb,ODU,Appalachian State Mountaineers,2026-10-10T17:00:00Z,moneyline,,0.7547,5
2026-10-10T15:11Z,cfb,ODU,Appalachian State Mountaineers,2026-10-10T17:00:00Z,spread,-9.5,0.5048,5
2026-10-10T15:11Z,cfb,ODU,Appalachian State Mountaineers,2026-10-10T17:00:00Z,total,45.5,0.5036,5
2026-10-10T15:11Z,cfb,RICE,ECU,2026-10-10T17:00:00Z,moneyline,,0.7606,5
2026-10-10T15:11Z,cfb,RICE,ECU,2026-10-10T17:00:00Z,spread,-10.0,0.4965,5
2026-10-10T15:11Z,cfb,RICE,ECU,2026-10-10T17:00:00Z,total,46.5,0.4998,5
2026-10-10T15:11Z,cfb,M-OH,UMass Minutemen,2026-10-10T18:00:00Z,moneyline,,0.3388,5
2026-10-10T15:11Z,cfb,M-OH,UMass Minutemen,2026-10-10T18:00:00Z,spread,5.75,0.4936,4
2026-10-10T15:11Z,cfb,M-OH,UMass Minutemen,2026-10-10T18:00:00Z,total,43.5,0.5056,5
2026-10-10T15:11Z,cfb,EMU,AKR,2026-10-10T19:30:00Z,moneyline,,0.3475,5
2026-10-10T15:11Z,cfb,EMU,AKR,2026-10-10T19:30:00Z,spread,5.5,0.5022,5
2026-10-10T15:11Z,cfb,EMU,AKR,2026-10-10T19:30:00Z,total,52.5,0.4985,5
2026-10-10T15:11Z,cfb,BUFF,TOL,2026-10-10T19:30:00Z,moneyline,,0.8911,5
2026-10-10T15:11Z,cfb,BUFF,TOL,2026-10-10T19:30:00Z,spread,-19.5,0.4981,5
2026-10-10T15:11Z,cfb,BUFF,TOL,2026-10-10T19:30:00Z,total,55.5,0.4896,5
2026-10-10T15:11Z,cfb,VT,CAL,2026-10-10T19:30:00Z,moneyline,,0.2417,5
2026-10-10T15:11Z,cfb,VT,CAL,2026-10-10T19:30:00Z,spread,10.0,0.4945,5
2026-10-10T15:11Z,cfb,VT,CAL,2026-10-10T19:30:00Z,total,53.5,0.4991,5
2026-10-10T15:11Z,cfb,CMU,OHIO,2026-10-10T19:30:00Z,moneyline,,0.5427,5
2026-10-10T15:11Z,cfb,CMU,OHIO,2026-10-10T19:30:00Z,spread,-2.5,0.5024,5
2026-10-10T15:11Z,cfb,CMU,OHIO,2026-10-10T19:30:00Z,total,45.5,0.4989,5
2026-10-10T15:11Z,cfb,CLT,UNT,2026-10-10T19:30:00Z,moneyline,,0.9408,5
2026-10-10T15:11Z,cfb,CLT,UNT,2026-10-10T19:30:00Z,spread,-28.0,0.5054,5
2026-10-10T15:11Z,cfb,CLT,UNT,2026-10-10T19:30:00Z,total,57.5,0.5042,5
2026-10-10T15:11Z,cfb,DUKE,GT,2026-10-10T19:30:00Z,moneyline,,0.3473,5
2026-10-10T15:11Z,cfb,DUKE,GT,2026-10-10T19:30:00Z,spread,5.5,0.4998,5
2026-10-10T15:11Z,cfb,DUKE,GT,2026-10-10T19:30:00Z,total,45.5,0.4939,5
2026-10-10T15:11Z,cfb,HOU,KSU,2026-10-10T19:30:00Z,moneyline,,0.5472,5
2026-10-10T15:11Z,cfb,HOU,KSU,2026-10-10T19:30:00Z,spread,-2.5,0.4987,5
2026-10-10T15:11Z,cfb,HOU,KSU,2026-10-10T19:30:00Z,total,55.0,0.503,5
2026-10-10T15:11Z,cfb,ILL,MSU,2026-10-10T19:30:00Z,moneyline,,0.4383,5
2026-10-10T15:11Z,cfb,ILL,MSU,2026-10-10T19:30:00Z,spread,2.5,0.4842,5
2026-10-10T15:11Z,cfb,ILL,MSU,2026-10-10T19:30:00Z,total,48.5,0.4972,5
2026-10-10T15:11Z,cfb,KENT,WMU,2026-10-10T19:30:00Z,moneyline,,0.8251,5
2026-10-10T15:11Z,cfb,KENT,WMU,2026-10-10T19:30:00Z,spread,-13.5,0.5053,5
2026-10-10T15:11Z,cfb,KENT,WMU,2026-10-10T19:30:00Z,total,43.5,0.5006,5
2026-10-10T15:11Z,cfb,TLSA,NAVY,2026-10-10T19:30:00Z,moneyline,,0.5613,5
2026-10-10T15:11Z,cfb,TLSA,NAVY,2026-10-10T19:30:00Z,spread,-2.5,0.5126,5
2026-10-10T15:11Z,cfb,TLSA,NAVY,2026-10-10T19:30:00Z,total,47.5,0.5021,5
2026-10-10T15:11Z,cfb,STAN,ND,2026-10-10T19:30:00Z,spread,-40.0,0.4965,5
2026-10-10T15:11Z,cfb,STAN,ND,2026-10-10T19:30:00Z,total,55.5,0.4918,5
2026-10-10T15:11Z,cfb,TEX,OU,2026-10-10T19:30:00Z,moneyline,,0.2663,5
2026-10-10T15:11Z,cfb,TEX,OU,2026-10-10T19:30:00Z,spread,7.5,0.4961,5
2026-10-10T15:11Z,cfb,TEX,OU,2026-10-10T19:30:00Z,total,40.5,0.4989,5
2026-10-10T15:11Z,cfb,MISS,VAN,2026-10-10T19:30:00Z,moneyline,,0.2527,5
2026-10-10T15:11Z,cfb,MISS,VAN,2026-10-10T19:30:00Z,spread,9.5,0.4976,5
2026-10-10T15:11Z,cfb,MISS,VAN,2026-10-10T19:30:00Z,total,54.5,0.5052,5
2026-10-10T15:11Z,cfb,UCLA,ORE,2026-10-10T19:30:00Z,moneyline,,0.7742,5
2026-10-10T15:11Z,cfb,UCLA,ORE,2026-10-10T19:30:00Z,spread,-10.5,0.4933,5
2026-10-10T15:11Z,cfb,UCLA,ORE,2026-10-10T19:30:00Z,total,58.0,0.5015,5
2026-10-10T15:11Z,cfb,CONN,TEM,2026-10-10T19:45:00Z,moneyline,,0.6118,5
2026-10-10T15:11Z,cfb,CONN,TEM,2026-10-10T19:45:00Z,spread,-3.5,0.5037,5
2026-10-10T15:11Z,cfb,CONN,TEM,2026-10-10T19:45:00Z,total,54.5,0.4985,5
2026-10-10T15:11Z,cfb,TENN,ARK,2026-10-10T20:15:00Z,moneyline,,0.1833,5
2026-10-10T15:11Z,cfb,TENN,ARK,2026-10-10T20:15:00Z,spread,13.5,0.4855,5
2026-10-10T15:11Z,cfb,TENN,ARK,2026-10-10T20:15:00Z,total,51.5,0.4903,5
2026-10-10T15:11Z,cfb,MD,OSU,2026-10-10T20:15:00Z,spread,-33.5,0.4985,5
2026-10-10T15:11Z,cfb,MD,OSU,2026-10-10T20:15:00Z,total,56.5,0.4996,5
2026-10-10T15:11Z,cfb,MD,OSU,2026-10-10T20:15:00Z,moneyline,,0.9734,3
2026-10-10T15:11Z,cfb,SDSU,ORST,2026-10-10T22:00:00Z,moneyline,,0.8509,5
2026-10-10T15:11Z,cfb,SDSU,ORST,2026-10-10T22:00:00Z,spread,-16.5,0.5007,5
2026-10-10T15:11Z,cfb,SDSU,ORST,2026-10-10T22:00:00Z,total,52.5,0.4985,5
2026-10-10T15:11Z,cfb,CCU,MRSH,2026-10-10T23:00:00Z,moneyline,,0.6237,5
2026-10-10T15:11Z,cfb,CCU,MRSH,2026-10-10T23:00:00Z,spread,-4.5,0.4898,5
2026-10-10T15:11Z,cfb,CCU,MRSH,2026-10-10T23:00:00Z,total,58.5,0.4911,5
2026-10-10T15:11Z,cfb,LSU,UK,2026-10-10T23:00:00Z,moneyline,,0.2522,5
2026-10-10T15:11Z,cfb,LSU,UK,2026-10-10T23:00:00Z,spread,9.5,0.5,5
2026-10-10T15:11Z,cfb,LSU,UK,2026-10-10T23:00:00Z,total,50.5,0.5031,5
2026-10-10T15:11Z,cfb,UAB,MEM,2026-10-10T23:00:00Z,moneyline,,0.8421,5
2026-10-10T15:11Z,cfb,UAB,MEM,2026-10-10T23:00:00Z,spread,-14.5,0.502,5
2026-10-10T15:11Z,cfb,UAB,MEM,2026-10-10T23:00:00Z,total,54.5,0.4927,5
2026-10-10T15:11Z,cfb,NEV,UTEP,2026-10-10T23:00:00Z,moneyline,,0.243,5
2026-10-10T15:11Z,cfb,NEV,UTEP,2026-10-10T23:00:00Z,spread,9.5,0.4998,5
2026-10-10T15:11Z,cfb,NEV,UTEP,2026-10-10T23:00:00Z,total,47.5,0.5031,5
2026-10-10T15:11Z,cfb,NDSU,UNLV,2026-10-10T23:00:00Z,moneyline,,0.4508,5
2026-10-10T15:11Z,cfb,NDSU,UNLV,2026-10-10T23:00:00Z,spread,2.5,0.497,5
2026-10-10T15:11Z,cfb,NDSU,UNLV,2026-10-10T23:00:00Z,total,47.5,0.5045,5
2026-10-10T15:11Z,cfb,AFA,NIU,2026-10-10T23:30:00Z,moneyline,,0.2769,5
2026-10-10T15:11Z,cfb,AFA,NIU,2026-10-10T23:30:00Z,spread,7.5,0.5077,5
2026-10-10T15:11Z,cfb,AFA,NIU,2026-10-10T23:30:00Z,total,48.5,0.4963,5
2026-10-10T15:11Z,cfb,UGA,ALA,2026-10-10T23:30:00Z,moneyline,,0.5337,5
2026-10-10T15:11Z,cfb,UGA,ALA,2026-10-10T23:30:00Z,spread,-2.5,0.4972,5
2026-10-10T15:11Z,cfb,UGA,ALA,2026-10-10T23:30:00Z,total,51.5,0.5037,5
2026-10-10T15:11Z,cfb,JMU,GASO,2026-10-10T23:30:00Z,moneyline,,0.284,5
2026-10-10T15:11Z,cfb,JMU,GASO,2026-10-10T23:30:00Z,spread,7.5,0.5108,5
2026-10-10T15:11Z,cfb,JMU,GASO,2026-10-10T23:30:00Z,total,51.5,0.5026,5
2026-10-10T15:11Z,cfb,Louisiana Ragin Cajuns,LT,2026-10-10T23:30:00Z,moneyline,,0.5775,5
2026-10-10T15:11Z,cfb,Louisiana Ragin Cajuns,LT,2026-10-10T23:30:00Z,spread,-3.0,0.5021,5
2026-10-10T15:11Z,cfb,Louisiana Ragin Cajuns,LT,2026-10-10T23:30:00Z,total,48.5,0.4885,5
2026-10-10T15:11Z,cfb,USC,PSU,2026-10-10T23:30:00Z,moneyline,,0.5315,5
2026-10-10T15:11Z,cfb,USC,PSU,2026-10-10T23:30:00Z,spread,-2.5,0.4989,5
2026-10-10T15:11Z,cfb,USC,PSU,2026-10-10T23:30:00Z,total,54.5,0.4991,5
2026-10-10T15:11Z,cfb,SYR,UVA,2026-10-10T23:30:00Z,moneyline,,0.8071,5
2026-10-10T15:11Z,cfb,SYR,UVA,2026-10-10T23:30:00Z,spread,-13.5,0.4907,5
2026-10-10T15:11Z,cfb,SYR,UVA,2026-10-10T23:30:00Z,total,49.5,0.5006,5
2026-10-10T15:11Z,cfb,KU,UTAH,2026-10-11T00:00:00Z,moneyline,,0.8441,5
2026-10-10T15:11Z,cfb,KU,UTAH,2026-10-11T00:00:00Z,spread,-15.5,0.4985,5
2026-10-10T15:11Z,cfb,KU,UTAH,2026-10-11T00:00:00Z,total,49.5,0.4958,5
2026-10-10T15:11Z,cfb,MINN,PUR,2026-10-11T00:00:00Z,moneyline,,0.4417,5
2026-10-10T15:11Z,cfb,MINN,PUR,2026-10-11T00:00:00Z,spread,2.5,0.4911,5
2026-10-10T15:11Z,cfb,MINN,PUR,2026-10-11T00:00:00Z,total,49.5,0.4993,5
2026-10-10T15:11Z,cfb,Hawaii Rainbow Warriors,ASU,2026-10-11T02:30:00Z,moneyline,,0.9087,5
2026-10-10T15:11Z,cfb,Hawaii Rainbow Warriors,ASU,2026-10-11T02:30:00Z,spread,-21.0,0.5006,5
2026-10-10T15:11Z,cfb,Hawaii Rainbow Warriors,ASU,2026-10-11T02:30:00Z,total,50.5,0.5086,5
2026-10-10T15:11Z,cfb,BOIS,FRES,2026-10-11T02:30:00Z,moneyline,,0.2939,5
2026-10-10T15:11Z,cfb,BOIS,FRES,2026-10-11T02:30:00Z,spread,7.5,0.5142,5
2026-10-10T15:11Z,cfb,BOIS,FRES,2026-10-11T02:30:00Z,total,48.5,0.4998,5
2026-10-10T15:11Z,cfb,DEL,MTSU,2026-10-13T23:00:00Z,moneyline,,0.5,2
2026-10-10T15:11Z,cfb,DEL,MTSU,2026-10-13T23:00:00Z,spread,0.0,0.5,2
2026-10-10T15:11Z,cfb,DEL,MTSU,2026-10-13T23:00:00Z,total,48.0,0.4957,2
2026-10-10T15:11Z,cfb,FIU,JXST,2026-10-14T00:00:00Z,moneyline,,0.5778,2
2026-10-10T15:11Z,cfb,FIU,JXST,2026-10-14T00:00:00Z,spread,-3.25,0.5,2
2026-10-10T15:11Z,cfb,FIU,JXST,2026-10-14T00:00:00Z,total,45.5,0.5022,2
2026-10-10T15:11Z,cfb,Colorado State Rams,Texas State Bobcats,2026-10-16T00:00:00Z,moneyline,,0.7797,2
2026-10-10T15:11Z,cfb,Colorado State Rams,Texas State Bobcats,2026-10-16T00:00:00Z,spread,-12.0,0.4903,2
2026-10-10T15:11Z,cfb,Colorado State Rams,Texas State Bobcats,2026-10-16T00:00:00Z,total,66.5,0.5022,2
2026-10-10T15:11Z,cfb,FLA,TEX,2026-10-17T16:00:00Z,moneyline,,0.7406,3
2026-10-10T15:11Z,cfb,FLA,TEX,2026-10-17T16:00:00Z,spread,-8.5,0.5018,3
2026-10-10T15:11Z,cfb,FLA,TEX,2026-10-17T16:00:00Z,total,53.5,0.5047,3
2026-10-10T15:11Z,cfb,OSU,IU,2026-10-17T16:00:00Z,moneyline,,0.4302,3
2026-10-10T15:11Z,cfb,OSU,IU,2026-10-17T16:00:00Z,spread,3.0,0.5112,3
2026-10-10T15:11Z,cfb,OSU,IU,2026-10-17T16:00:00Z,total,48.5,0.5025,3
2026-10-10T15:11Z,cfb,KU,KSU,2026-10-17T16:00:00Z,moneyline,,0.7367,2
2026-10-10T15:11Z,cfb,KU,KSU,2026-10-17T16:00:00Z,spread,-8.75,0.5,2
2026-10-10T15:11Z,cfb,KU,KSU,2026-10-17T16:00:00Z,total,55.5,0.5037,2
2026-10-10T15:11Z,cfb,Mississippi State Bulldogs,LSU,2026-10-17T16:00:00Z,moneyline,,0.7917,3
2026-10-10T15:11Z,cfb,Mississippi State Bulldogs,LSU,2026-10-17T16:00:00Z,spread,-12.0,0.4989,3
2026-10-10T15:11Z,cfb,Mississippi State Bulldogs,LSU,2026-10-17T16:00:00Z,total,59.5,0.5047,3
2026-10-10T15:11Z,cfb,PSU,Michigan Wolverines,2026-10-17T16:00:00Z,moneyline,,0.6537,2
2026-10-10T15:11Z,cfb,PSU,Michigan Wolverines,2026-10-17T16:00:00Z,spread,-5.5,0.5,2
2026-10-10T15:11Z,cfb,PSU,Michigan Wolverines,2026-10-17T16:00:00Z,total,43.5,0.4989,2
2026-10-10T15:11Z,cfb,NEB,ORE,2026-10-17T16:00:00Z,moneyline,,0.8074,2
2026-10-10T15:11Z,cfb,NEB,ORE,2026-10-17T16:00:00Z,spread,-12.5,0.5016,2
2026-10-10T15:11Z,cfb,NEB,ORE,2026-10-17T16:00:00Z,total,58.5,0.4963,2
2026-10-10T15:11Z,cfb,Wisconsin Badgers,UCLA,2026-10-17T16:00:00Z,moneyline,,0.5921,2
2026-10-10T15:11Z,cfb,Wisconsin Badgers,UCLA,2026-10-17T16:00:00Z,spread,-3.5,0.4947,2
2026-10-10T15:11Z,cfb,Wisconsin Badgers,UCLA,2026-10-17T16:00:00Z,total,49.0,0.5037,2
2026-10-10T15:11Z,cfb,ALA,TENN,2026-10-17T19:30:00Z,moneyline,,0.3541,3
2026-10-10T15:11Z,cfb,ALA,TENN,2026-10-17T19:30:00Z,spread,5.5,0.4942,3
2026-10-10T15:11Z,cfb,ALA,TENN,2026-10-17T19:30:00Z,total,56.5,0.5018,3
2026-10-10T15:11Z,cfb,Auburn Tigers,UGA,2026-10-17T19:30:00Z,moneyline,,0.8899,3
2026-10-10T15:11Z,cfb,Auburn Tigers,UGA,2026-10-17T19:30:00Z,spread,-18.5,0.5,3
2026-10-10T15:11Z,cfb,Auburn Tigers,UGA,2026-10-17T19:30:00Z,total,50.5,0.5018,3
2026-10-10T15:11Z,cfb,UNC,DUKE,2026-10-17T19:30:00Z,moneyline,,0.6283,2
2026-10-10T15:11Z,cfb,UNC,DUKE,2026-10-17T19:30:00Z,spread,-4.5,0.5027,2
2026-10-10T15:11Z,cfb,UNC,DUKE,2026-10-17T19:30:00Z,total,46.5,0.5027,2
2026-10-10T15:11Z,cfb,MIZ,MISS,2026-10-17T19:30:00Z,moneyline,,0.6715,3
2026-10-10T15:11Z,cfb,MIZ,MISS,2026-10-17T19:30:00Z,spread,-6.5,0.5025,3
2026-10-10T15:11Z,cfb,MIZ,MISS,2026-10-17T19:30:00Z,total,57.5,0.5061,3
2026-10-10T15:11Z,cfb,OKST,HOU,2026-10-17T23:30:00Z,moneyline,,0.5844,3
2026-10-10T15:11Z,cfb,OKST,HOU,2026-10-17T23:30:00Z,spread,-3.5,0.5026,3
2026-10-10T15:11Z,cfb,OKST,HOU,2026-10-17T23:30:00Z,total,57.5,0.4961,3
2026-10-10T15:11Z,cfb,UK,OU,2026-10-17T23:30:00Z,moneyline,,0.6763,2
2026-10-10T15:11Z,cfb,UK,OU,2026-10-17T23:30:00Z,spread,-6.25,0.4984,2
2026-10-10T15:11Z,cfb,UK,OU,2026-10-17T23:30:00Z,total,42.0,0.4984,2
